#
# There is insufficient memory for the Java Runtime Environment to continue.
# Native memory allocation (mmap) failed to map 8290304 bytes for G1 virtual space
# Possible reasons:
#   The system is out of physical RAM or swap space
#   The process is running with CompressedOops enabled, and the Java Heap may be blocking the growth of the native heap
# Possible solutions:
#   Reduce memory load on the system
#   Increase physical memory or swap space
#   Check if swap backing store is full
#   Decrease Java heap size (-Xmx/-Xms)
#   Decrease number of Java threads
#   Decrease Java thread stack sizes (-Xss)
#   Set larger code cache with -XX:ReservedCodeCacheSize=
#   JVM is running with Unscaled Compressed Oops mode in which the Java heap is
#     placed in the first 4GB address space. The Java Heap base address is the
#     maximum limit for the native heap growth. Please use -XX:HeapBaseMinAddress
#     to set the Java Heap base and to place the Java Heap above 4GB virtual address.
# This output file may be truncated or incomplete.
#
#  Out of Memory Error (os_windows.cpp:3548), pid=27012, tid=15968
#
# JRE version: Java(TM) SE Runtime Environment (17.0.12+8) (build 17.0.12+8-LTS-286)
# Java VM: Java HotSpot(TM) 64-Bit Server VM (17.0.12+8-LTS-286, mixed mode, emulated-client, sharing, tiered, compressed oops, compressed class ptrs, g1 gc, windows-amd64)
# No core dump will be written. Minidumps are not enabled by default on client versions of Windows
#

---------------  S U M M A R Y ------------

Command Line: -Dcom.sun.management.jmxremote -Dcom.sun.management.jmxremote.port=63721 -Dcom.sun.management.jmxremote.authenticate=false -Dcom.sun.management.jmxremote.ssl=false -Djava.rmi.server.hostname=localhost -Dspring.jmx.enabled=true -Dmanagement.endpoints.jmx.exposure.include=* -Dspring.application.admin.enabled=true -Dspring.output.ansi.enabled=always -XX:TieredStopAtLevel=1 -Dspring.boot.project.name=Spring_PostgresSql -Dfile.encoding=UTF-8 -Dstdout.encoding=UTF-8 -Dstderr.encoding=UTF-8 -XX:+ShowCodeDetailsInExceptionMessages com.jne.SpringPostgresSqlApplication

Host: AMD Ryzen 5 5600H with Radeon Graphics         , 12 cores, 7G,  Windows 11 , 64 bit Build 26100 (10.0.26100.8328)
Time: Wed May 20 11:13:21 2026 India Standard Time elapsed time: 47.763376 seconds (0d 0h 0m 47s)

---------------  T H R E A D  ---------------

Current thread (0x0000019eb38caf10):  VMThread "VM Thread" [stack: 0x0000005f71400000,0x0000005f71500000] [id=15968]

Stack: [0x0000005f71400000,0x0000005f71500000]
Native frames: (J=compiled Java code, j=interpreted, Vv=VM code, C=native code)
V  [jvm.dll+0x67a04a]
V  [jvm.dll+0x7da4ed]
V  [jvm.dll+0x7dbe33]
V  [jvm.dll+0x7dc4a3]
V  [jvm.dll+0x24508f]
V  [jvm.dll+0x677089]
V  [jvm.dll+0x66bd32]
V  [jvm.dll+0x301fa6]
V  [jvm.dll+0x309546]
V  [jvm.dll+0x359d43]
V  [jvm.dll+0x359f5f]
V  [jvm.dll+0x2d9078]
V  [jvm.dll+0x2d74ad]
V  [jvm.dll+0x2d6afc]
V  [jvm.dll+0x31a981]
V  [jvm.dll+0x7e0d9b]
V  [jvm.dll+0x7e1ad4]
V  [jvm.dll+0x7e1fed]
V  [jvm.dll+0x7e23c4]
V  [jvm.dll+0x7e2490]
V  [jvm.dll+0x78abea]
V  [jvm.dll+0x678f35]
C  [ucrtbase.dll+0x37b0]
C  [KERNEL32.DLL+0x2e957]
C  [ntdll.dll+0x427c]

VM_Operation (0x0000005f752fdd08): G1TryInitiateConcMark, mode: safepoint, requested by thread 0x0000019efbe8b840


---------------  P R O C E S S  ---------------

Threads class SMR info:
_java_thread_list=0x0000019efc44c440, length=57, elements={
0x0000019eb38cec00, 0x0000019eb38d1c80, 0x0000019eb38db040, 0x0000019eb38db910,
0x0000019eb38de990, 0x0000019ef9028130, 0x0000019ef902a1b0, 0x0000019ef902b260,
0x0000019eb38bd2b0, 0x0000019ef9183ec0, 0x0000019ef975ceb0, 0x0000019ef98f6f30,
0x0000019ef9921580, 0x0000019ef9b5b250, 0x0000019ef9b61d80, 0x0000019ef9b7a9d0,
0x0000019ef9f89c80, 0x0000019ef9f88d50, 0x0000019ef9f89260, 0x0000019ef9f8a190,
0x0000019ef9f89770, 0x0000019ef9f8a6a0, 0x0000019ef9f87e20, 0x0000019ef9f87400,
0x0000019efbcf2be0, 0x0000019efbcf1cb0, 0x0000019efbcf21c0, 0x0000019efbcf3600,
0x0000019efbcf17a0, 0x0000019efbcf26d0, 0x0000019efbcf30f0, 0x0000019efbcf0d80,
0x0000019efbcefe50, 0x0000019efbcf0360, 0x0000019efbcf1290, 0x0000019efbcf0870,
0x0000019efbe894d0, 0x0000019efbe8a400, 0x0000019efbe8ae20, 0x0000019efbe899e0,
0x0000019efbe8b330, 0x0000019efbe8b840, 0x0000019efbe88090, 0x0000019efbe88fc0,
0x0000019efbe8bd50, 0x0000019efbe89ef0, 0x0000019efbe885a0, 0x0000019efbe8c260,
0x0000019efbe8a910, 0x0000019efbe88ab0, 0x0000019efbe8f500, 0x0000019efbe8eff0,
0x0000019efbe8e5d0, 0x0000019efbe8d6a0, 0x0000019efbe8dbb0, 0x0000019efbe8c770,
0x0000019efbe8e0c0
}

Java Threads: ( => current thread )
  0x0000019eb38cec00 JavaThread "Reference Handler" daemon [_thread_blocked, id=17776, stack(0x0000005f71500000,0x0000005f71600000)]
  0x0000019eb38d1c80 JavaThread "Finalizer" daemon [_thread_blocked, id=27132, stack(0x0000005f71600000,0x0000005f71700000)]
  0x0000019eb38db040 JavaThread "Signal Dispatcher" daemon [_thread_blocked, id=16368, stack(0x0000005f71700000,0x0000005f71800000)]
  0x0000019eb38db910 JavaThread "Attach Listener" daemon [_thread_blocked, id=17764, stack(0x0000005f71800000,0x0000005f71900000)]
  0x0000019eb38de990 JavaThread "Service Thread" daemon [_thread_blocked, id=22120, stack(0x0000005f71900000,0x0000005f71a00000)]
  0x0000019ef9028130 JavaThread "Monitor Deflation Thread" daemon [_thread_blocked, id=3700, stack(0x0000005f71a00000,0x0000005f71b00000)]
  0x0000019ef902a1b0 JavaThread "C1 CompilerThread0" daemon [_thread_blocked, id=9464, stack(0x0000005f71b00000,0x0000005f71c00000)]
  0x0000019ef902b260 JavaThread "Sweeper thread" daemon [_thread_blocked, id=5504, stack(0x0000005f71c00000,0x0000005f71d00000)]
  0x0000019eb38bd2b0 JavaThread "Common-Cleaner" daemon [_thread_blocked, id=3984, stack(0x0000005f71d00000,0x0000005f71e00000)]
  0x0000019ef9183ec0 JavaThread "Notification Thread" daemon [_thread_blocked, id=7692, stack(0x0000005f72100000,0x0000005f72200000)]
  0x0000019ef975ceb0 JavaThread "RMI TCP Accept-0" daemon [_thread_in_native, id=25596, stack(0x0000005f72200000,0x0000005f72300000)]
  0x0000019ef98f6f30 JavaThread "RMI TCP Accept-63721" daemon [_thread_in_native, id=24988, stack(0x0000005f72300000,0x0000005f72400000)]
  0x0000019ef9921580 JavaThread "RMI TCP Accept-0" daemon [_thread_in_native, id=36228, stack(0x0000005f72400000,0x0000005f72500000)]
  0x0000019ef9b5b250 JavaThread "RMI TCP Connection(idle)" daemon [_thread_blocked, id=9680, stack(0x0000005f72600000,0x0000005f72700000)]
  0x0000019ef9b61d80 JavaThread "RMI Scheduler(0)" daemon [_thread_blocked, id=36156, stack(0x0000005f72700000,0x0000005f72800000)]
  0x0000019ef9b7a9d0 JavaThread "RMI TCP Connection(idle)" daemon [_thread_blocked, id=32760, stack(0x0000005f72800000,0x0000005f72900000)]
  0x0000019ef9f89c80 JavaThread "JMX server connection timeout 22" daemon [_thread_blocked, id=13548, stack(0x0000005f72900000,0x0000005f72a00000)]
  0x0000019ef9f88d50 JavaThread "Catalina-utility-1" [_thread_blocked, id=35556, stack(0x0000005f73800000,0x0000005f73900000)]
  0x0000019ef9f89260 JavaThread "Catalina-utility-2" [_thread_blocked, id=30080, stack(0x0000005f73900000,0x0000005f73a00000)]
  0x0000019ef9f8a190 JavaThread "container-0" [_thread_blocked, id=34792, stack(0x0000005f73a00000,0x0000005f73b00000)]
  0x0000019ef9f89770 JavaThread "PostgreSQL-JDBC-Cleaner" daemon [_thread_blocked, id=31100, stack(0x0000005f73c00000,0x0000005f73d00000)]
  0x0000019ef9f8a6a0 JavaThread "HikariPool-1:housekeeper" daemon [_thread_blocked, id=29076, stack(0x0000005f73d00000,0x0000005f73e00000)]
  0x0000019ef9f87e20 JavaThread "pool-3-thread-1" [_thread_blocked, id=26476, stack(0x0000005f73f00000,0x0000005f74000000)]
  0x0000019ef9f87400 JavaThread "pool-3-thread-2" [_thread_blocked, id=32732, stack(0x0000005f74000000,0x0000005f74100000)]
  0x0000019efbcf2be0 JavaThread "pool-3-thread-3" [_thread_blocked, id=31516, stack(0x0000005f74100000,0x0000005f74200000)]
  0x0000019efbcf1cb0 JavaThread "pool-3-thread-4" [_thread_blocked, id=32512, stack(0x0000005f74200000,0x0000005f74300000)]
  0x0000019efbcf21c0 JavaThread "File Watcher" daemon [_thread_blocked, id=30668, stack(0x0000005f74300000,0x0000005f74400000)]
  0x0000019efbcf3600 JavaThread "Live Reload Server" daemon [_thread_in_native, id=27236, stack(0x0000005f74500000,0x0000005f74600000)]
  0x0000019efbcf17a0 JavaThread "http-nio-8089-exec-1" daemon [_thread_blocked, id=30104, stack(0x0000005f74400000,0x0000005f74500000)]
  0x0000019efbcf26d0 JavaThread "http-nio-8089-exec-2" daemon [_thread_blocked, id=32048, stack(0x0000005f74600000,0x0000005f74700000)]
  0x0000019efbcf30f0 JavaThread "http-nio-8089-exec-3" daemon [_thread_blocked, id=29256, stack(0x0000005f74700000,0x0000005f74800000)]
  0x0000019efbcf0d80 JavaThread "http-nio-8089-exec-4" daemon [_thread_blocked, id=28812, stack(0x0000005f74800000,0x0000005f74900000)]
  0x0000019efbcefe50 JavaThread "http-nio-8089-exec-5" daemon [_thread_blocked, id=33040, stack(0x0000005f74900000,0x0000005f74a00000)]
  0x0000019efbcf0360 JavaThread "http-nio-8089-exec-6" daemon [_thread_blocked, id=33912, stack(0x0000005f74a00000,0x0000005f74b00000)]
  0x0000019efbcf1290 JavaThread "http-nio-8089-exec-7" daemon [_thread_blocked, id=31308, stack(0x0000005f74b00000,0x0000005f74c00000)]
  0x0000019efbcf0870 JavaThread "http-nio-8089-exec-8" daemon [_thread_blocked, id=37260, stack(0x0000005f74c00000,0x0000005f74d00000)]
  0x0000019efbe894d0 JavaThread "http-nio-8089-exec-9" daemon [_thread_blocked, id=28916, stack(0x0000005f74d00000,0x0000005f74e00000)]
  0x0000019efbe8a400 JavaThread "http-nio-8089-exec-10" daemon [_thread_blocked, id=33436, stack(0x0000005f74e00000,0x0000005f74f00000)]
  0x0000019efbe8ae20 JavaThread "http-nio-8089-Poller" daemon [_thread_blocked, id=30440, stack(0x0000005f74f00000,0x0000005f75000000)]
  0x0000019efbe899e0 JavaThread "http-nio-8089-Acceptor" daemon [_thread_in_native, id=9092, stack(0x0000005f75000000,0x0000005f75100000)]
  0x0000019efbe8b330 JavaThread "ThreadPoolTaskScheduler-1" [_thread_blocked, id=11812, stack(0x0000005f75100000,0x0000005f75200000)]
  0x0000019efbe8b840 JavaThread "DeltaLoadProfile-0-C-1" [_thread_blocked, id=31392, stack(0x0000005f75200000,0x0000005f75300000)]
  0x0000019efbe88090 JavaThread "ThreadPoolTaskScheduler-1" [_thread_blocked, id=31768, stack(0x0000005f75300000,0x0000005f75400000)]
  0x0000019efbe88fc0 JavaThread "DeltaLoadProfile-1-C-1" [_thread_blocked, id=24844, stack(0x0000005f75400000,0x0000005f75500000)]
  0x0000019efbe8bd50 JavaThread "ThreadPoolTaskScheduler-1" [_thread_blocked, id=27436, stack(0x0000005f75500000,0x0000005f75600000)]
  0x0000019efbe89ef0 JavaThread "DeltaLoadProfile-2-C-1" [_thread_blocked, id=36552, stack(0x0000005f75600000,0x0000005f75700000)]
  0x0000019efbe885a0 JavaThread "ThreadPoolTaskScheduler-1" [_thread_blocked, id=30196, stack(0x0000005f75700000,0x0000005f75800000)]
  0x0000019efbe8c260 JavaThread "DeltaLoadProfile-3-C-1" [_thread_blocked, id=2924, stack(0x0000005f75800000,0x0000005f75900000)]
  0x0000019efbe8a910 JavaThread "DestroyJavaVM" [_thread_blocked, id=14432, stack(0x0000005f70e00000,0x0000005f70f00000)]
  0x0000019efbe88ab0 JavaThread "kafka-coordinator-heartbeat-thread | delta-groups-I" daemon [_thread_blocked, id=35900, stack(0x0000005f73200000,0x0000005f73300000)]
  0x0000019efbe8f500 JavaThread "kafka-coordinator-heartbeat-thread | delta-groups-I" daemon [_thread_blocked, id=36936, stack(0x0000005f73300000,0x0000005f73400000)]
  0x0000019efbe8eff0 JavaThread "kafka-coordinator-heartbeat-thread | delta-groups-I" daemon [_thread_blocked, id=34916, stack(0x0000005f75900000,0x0000005f75a00000)]
  0x0000019efbe8e5d0 JavaThread "kafka-coordinator-heartbeat-thread | delta-groups-I" daemon [_thread_blocked, id=30364, stack(0x0000005f75a00000,0x0000005f75b00000)]
  0x0000019efbe8d6a0 JavaThread "pool-2-thread-1" [_thread_blocked, id=27856, stack(0x0000005f75b00000,0x0000005f75c00000)]
  0x0000019efbe8dbb0 JavaThread "pool-2-thread-2" [_thread_blocked, id=28476, stack(0x0000005f75c00000,0x0000005f75d00000)]
  0x0000019efbe8c770 JavaThread "pool-2-thread-3" [_thread_blocked, id=27852, stack(0x0000005f75d00000,0x0000005f75e00000)]
  0x0000019efbe8e0c0 JavaThread "pool-2-thread-4" [_thread_blocked, id=11048, stack(0x0000005f75e00000,0x0000005f75f00000)]

Other Threads:
=>0x0000019eb38caf10 VMThread "VM Thread" [stack: 0x0000005f71400000,0x0000005f71500000] [id=15968]
  0x0000019ef9926650 WatcherThread [stack: 0x0000005f72500000,0x0000005f72600000] [id=36180]
  0x0000019ea003bdc0 GCTaskThread "GC Thread#0" [stack: 0x0000005f70f00000,0x0000005f71000000] [id=13680]
  0x0000019ef9f9fa50 GCTaskThread "GC Thread#1" [stack: 0x0000005f72a00000,0x0000005f72b00000] [id=27220]
  0x0000019ef9fd2970 GCTaskThread "GC Thread#2" [stack: 0x0000005f72b00000,0x0000005f72c00000] [id=36148]
  0x0000019ef9fd2c30 GCTaskThread "GC Thread#3" [stack: 0x0000005f72c00000,0x0000005f72d00000] [id=31028]
  0x0000019ef9fdb920 GCTaskThread "GC Thread#4" [stack: 0x0000005f72d00000,0x0000005f72e00000] [id=29740]
  0x0000019ef9fdc100 GCTaskThread "GC Thread#5" [stack: 0x0000005f72e00000,0x0000005f72f00000] [id=37020]
  0x0000019ef9fdc410 GCTaskThread "GC Thread#6" [stack: 0x0000005f72f00000,0x0000005f73000000] [id=4464]
  0x0000019ef9fdd750 GCTaskThread "GC Thread#7" [stack: 0x0000005f73000000,0x0000005f73100000] [id=32776]
  0x0000019ef9fdcc50 GCTaskThread "GC Thread#8" [stack: 0x0000005f73400000,0x0000005f73500000] [id=33760]
  0x0000019ef9fdc6d0 GCTaskThread "GC Thread#9" [stack: 0x0000005f73500000,0x0000005f73600000] [id=3732]
  0x0000019ea004b720 ConcurrentGCThread "G1 Main Marker" [stack: 0x0000005f71000000,0x0000005f71100000] [id=14152]
  0x0000019ea0050480 ConcurrentGCThread "G1 Conc#0" [stack: 0x0000005f71100000,0x0000005f71200000] [id=22804]
  0x0000019ef9fdd490 ConcurrentGCThread "G1 Conc#1" [stack: 0x0000005f73600000,0x0000005f73700000] [id=35128]
  0x0000019ef9fdd1d0 ConcurrentGCThread "G1 Conc#2" [stack: 0x0000005f73700000,0x0000005f73800000] [id=31096]
  0x0000019eb377fbe0 ConcurrentGCThread "G1 Refine#0" [stack: 0x0000005f71200000,0x0000005f71300000] [id=15972]
  0x0000019ef9f84700 ConcurrentGCThread "G1 Refine#1" [stack: 0x0000005f73100000,0x0000005f73200000] [id=32140]
  0x0000019eb37802c0 ConcurrentGCThread "G1 Service" [stack: 0x0000005f71300000,0x0000005f71400000] [id=16188]

Threads with active compile tasks:

VM state: at safepoint (normal execution)

VM Mutex/Monitor currently owned by a thread:  ([mutex/lock_event])
[0x0000019e9ffd3a60] Threads_lock - owner thread: 0x0000019eb38caf10
[0x0000019e9ffe0410] Heap_lock - owner thread: 0x0000019efbe8b840

Heap address: 0x000000008a800000, size: 1880 MB, Compressed Oops mode: 32-bit

CDS archive(s) mapped at: [0x0000019eb4000000-0x0000019eb4bd0000-0x0000019eb4bd0000), size 12386304, SharedBaseAddress: 0x0000019eb4000000, ArchiveRelocationMode: 1.
Compressed class space mapped at: 0x0000019eb5000000-0x0000019ef5000000, reserved size: 1073741824
Narrow klass base: 0x0000019eb4000000, Narrow klass shift: 0, Narrow klass range: 0x100000000

GC Precious Log:
 CPUs: 12 total, 12 available
 Memory: 7518M
 Large Page Support: Disabled
 NUMA Support: Disabled
 Compressed Oops: Enabled (32-bit)
 Heap Region Size: 1M
 Heap Min Capacity: 8M
 Heap Initial Capacity: 118M
 Heap Max Capacity: 1880M
 Pre-touch: Disabled
 Parallel Workers: 10
 Concurrent Workers: 3
 Concurrent Refinement Workers: 10
 Periodic GC: Disabled

Heap:
 garbage-first heap   total 451584K, used 145486K [0x000000008a800000, 0x0000000100000000)
  region size 1024K, 3 young (3072K), 3 survivors (3072K)
 Metaspace       used 84907K, committed 85632K, reserved 1179648K
  class space    used 11954K, committed 12288K, reserved 1048576K

Heap Regions: E=young(eden), S=young(survivor), O=old, HS=humongous(starts), HC=humongous(continues), CS=collection set, F=free, OA=open archive, CA=closed archive, TAMS=top-at-mark-start (previous, next)
|   0|0x000000008a800000, 0x000000008a900000, 0x000000008a900000|100%|HS|  |TAMS 0x000000008a900000, 0x000000008a900000| Complete 
|   1|0x000000008a900000, 0x000000008aa00000, 0x000000008aa00000|100%|HS|  |TAMS 0x000000008aa00000, 0x000000008aa00000| Complete 
|   2|0x000000008aa00000, 0x000000008ab00000, 0x000000008ab00000|100%| O|  |TAMS 0x000000008ab00000, 0x000000008ab00000| Untracked 
|   3|0x000000008ab00000, 0x000000008ac00000, 0x000000008ac00000|100%| O|  |TAMS 0x000000008ac00000, 0x000000008ac00000| Untracked 
|   4|0x000000008ac00000, 0x000000008ad00000, 0x000000008ad00000|100%| O|  |TAMS 0x000000008ad00000, 0x000000008ad00000| Untracked 
|   5|0x000000008ad00000, 0x000000008ae00000, 0x000000008ae00000|100%| O|  |TAMS 0x000000008ae00000, 0x000000008ae00000| Untracked 
|   6|0x000000008ae00000, 0x000000008af00000, 0x000000008af00000|100%| O|  |TAMS 0x000000008af00000, 0x000000008af00000| Untracked 
|   7|0x000000008af00000, 0x000000008b000000, 0x000000008b000000|100%| O|  |TAMS 0x000000008b000000, 0x000000008b000000| Untracked 
|   8|0x000000008b000000, 0x000000008b100000, 0x000000008b100000|100%| O|  |TAMS 0x000000008b100000, 0x000000008b100000| Untracked 
|   9|0x000000008b100000, 0x000000008b200000, 0x000000008b200000|100%| O|  |TAMS 0x000000008b200000, 0x000000008b200000| Untracked 
|  10|0x000000008b200000, 0x000000008b300000, 0x000000008b300000|100%| O|  |TAMS 0x000000008b300000, 0x000000008b300000| Untracked 
|  11|0x000000008b300000, 0x000000008b400000, 0x000000008b400000|100%| O|  |TAMS 0x000000008b400000, 0x000000008b400000| Untracked 
|  12|0x000000008b400000, 0x000000008b500000, 0x000000008b500000|100%| O|  |TAMS 0x000000008b500000, 0x000000008b500000| Untracked 
|  13|0x000000008b500000, 0x000000008b600000, 0x000000008b600000|100%| O|  |TAMS 0x000000008b600000, 0x000000008b600000| Untracked 
|  14|0x000000008b600000, 0x000000008b700000, 0x000000008b700000|100%| O|  |TAMS 0x000000008b700000, 0x000000008b700000| Untracked 
|  15|0x000000008b700000, 0x000000008b800000, 0x000000008b800000|100%| O|  |TAMS 0x000000008b800000, 0x000000008b800000| Untracked 
|  16|0x000000008b800000, 0x000000008b900000, 0x000000008b900000|100%| O|  |TAMS 0x000000008b900000, 0x000000008b900000| Untracked 
|  17|0x000000008b900000, 0x000000008ba00000, 0x000000008ba00000|100%| O|  |TAMS 0x000000008ba00000, 0x000000008ba00000| Untracked 
|  18|0x000000008ba00000, 0x000000008bb00000, 0x000000008bb00000|100%| O|  |TAMS 0x000000008bb00000, 0x000000008bb00000| Untracked 
|  19|0x000000008bb00000, 0x000000008bc00000, 0x000000008bc00000|100%| O|  |TAMS 0x000000008bc00000, 0x000000008bc00000| Untracked 
|  20|0x000000008bc00000, 0x000000008bd00000, 0x000000008bd00000|100%| O|  |TAMS 0x000000008bd00000, 0x000000008bd00000| Untracked 
|  21|0x000000008bd00000, 0x000000008be00000, 0x000000008be00000|100%| O|  |TAMS 0x000000008be00000, 0x000000008be00000| Untracked 
|  22|0x000000008be00000, 0x000000008bf00000, 0x000000008bf00000|100%| O|  |TAMS 0x000000008bf00000, 0x000000008bf00000| Untracked 
|  23|0x000000008bf00000, 0x000000008c000000, 0x000000008c000000|100%| O|  |TAMS 0x000000008c000000, 0x000000008c000000| Untracked 
|  24|0x000000008c000000, 0x000000008c100000, 0x000000008c100000|100%| O|  |TAMS 0x000000008c100000, 0x000000008c100000| Untracked 
|  25|0x000000008c100000, 0x000000008c200000, 0x000000008c200000|100%| O|  |TAMS 0x000000008c200000, 0x000000008c200000| Untracked 
|  26|0x000000008c200000, 0x000000008c300000, 0x000000008c300000|100%| O|  |TAMS 0x000000008c300000, 0x000000008c300000| Untracked 
|  27|0x000000008c300000, 0x000000008c400000, 0x000000008c400000|100%| O|  |TAMS 0x000000008c400000, 0x000000008c400000| Untracked 
|  28|0x000000008c400000, 0x000000008c500000, 0x000000008c500000|100%| O|  |TAMS 0x000000008c500000, 0x000000008c500000| Untracked 
|  29|0x000000008c500000, 0x000000008c600000, 0x000000008c600000|100%| O|  |TAMS 0x000000008c600000, 0x000000008c600000| Untracked 
|  30|0x000000008c600000, 0x000000008c700000, 0x000000008c700000|100%| O|  |TAMS 0x000000008c700000, 0x000000008c700000| Untracked 
|  31|0x000000008c700000, 0x000000008c800000, 0x000000008c800000|100%| O|  |TAMS 0x000000008c800000, 0x000000008c800000| Untracked 
|  32|0x000000008c800000, 0x000000008c900000, 0x000000008c900000|100%| O|  |TAMS 0x000000008c900000, 0x000000008c900000| Untracked 
|  33|0x000000008c900000, 0x000000008ca00000, 0x000000008ca00000|100%| O|  |TAMS 0x000000008ca00000, 0x000000008ca00000| Untracked 
|  34|0x000000008ca00000, 0x000000008cb00000, 0x000000008cb00000|100%| O|  |TAMS 0x000000008cb00000, 0x000000008cb00000| Untracked 
|  35|0x000000008cb00000, 0x000000008cc00000, 0x000000008cc00000|100%| O|  |TAMS 0x000000008cc00000, 0x000000008cc00000| Untracked 
|  36|0x000000008cc00000, 0x000000008cd00000, 0x000000008cd00000|100%| O|  |TAMS 0x000000008cd00000, 0x000000008cd00000| Untracked 
|  37|0x000000008cd00000, 0x000000008ce00000, 0x000000008ce00000|100%| O|  |TAMS 0x000000008ce00000, 0x000000008ce00000| Untracked 
|  38|0x000000008ce00000, 0x000000008cf00000, 0x000000008cf00000|100%| O|  |TAMS 0x000000008cf00000, 0x000000008cf00000| Untracked 
|  39|0x000000008cf00000, 0x000000008d000000, 0x000000008d000000|100%| O|  |TAMS 0x000000008d000000, 0x000000008d000000| Untracked 
|  40|0x000000008d000000, 0x000000008d000000, 0x000000008d100000|  0%| F|  |TAMS 0x000000008d000000, 0x000000008d000000| Untracked 
|  41|0x000000008d100000, 0x000000008d200000, 0x000000008d200000|100%| O|  |TAMS 0x000000008d200000, 0x000000008d200000| Untracked 
|  42|0x000000008d200000, 0x000000008d300000, 0x000000008d300000|100%| O|  |TAMS 0x000000008d300000, 0x000000008d300000| Untracked 
|  43|0x000000008d300000, 0x000000008d400000, 0x000000008d400000|100%| O|  |TAMS 0x000000008d400000, 0x000000008d400000| Untracked 
|  44|0x000000008d400000, 0x000000008d500000, 0x000000008d500000|100%| O|  |TAMS 0x000000008d500000, 0x000000008d500000| Untracked 
|  45|0x000000008d500000, 0x000000008d600000, 0x000000008d600000|100%| O|  |TAMS 0x000000008d600000, 0x000000008d600000| Untracked 
|  46|0x000000008d600000, 0x000000008d700000, 0x000000008d700000|100%| O|  |TAMS 0x000000008d700000, 0x000000008d700000| Untracked 
|  47|0x000000008d700000, 0x000000008d800000, 0x000000008d800000|100%| O|  |TAMS 0x000000008d800000, 0x000000008d800000| Untracked 
|  48|0x000000008d800000, 0x000000008d900000, 0x000000008d900000|100%| O|  |TAMS 0x000000008d900000, 0x000000008d900000| Untracked 
|  49|0x000000008d900000, 0x000000008da00000, 0x000000008da00000|100%| O|  |TAMS 0x000000008da00000, 0x000000008da00000| Untracked 
|  50|0x000000008da00000, 0x000000008db00000, 0x000000008db00000|100%| O|  |TAMS 0x000000008db00000, 0x000000008db00000| Untracked 
|  51|0x000000008db00000, 0x000000008dc00000, 0x000000008dc00000|100%| O|  |TAMS 0x000000008dc00000, 0x000000008dc00000| Untracked 
|  52|0x000000008dc00000, 0x000000008dd00000, 0x000000008dd00000|100%| O|  |TAMS 0x000000008dd00000, 0x000000008dd00000| Untracked 
|  53|0x000000008dd00000, 0x000000008de00000, 0x000000008de00000|100%| O|  |TAMS 0x000000008de00000, 0x000000008de00000| Untracked 
|  54|0x000000008de00000, 0x000000008df00000, 0x000000008df00000|100%| O|  |TAMS 0x000000008df00000, 0x000000008df00000| Untracked 
|  55|0x000000008df00000, 0x000000008e000000, 0x000000008e000000|100%| O|  |TAMS 0x000000008e000000, 0x000000008e000000| Untracked 
|  56|0x000000008e000000, 0x000000008e100000, 0x000000008e100000|100%| O|  |TAMS 0x000000008e100000, 0x000000008e100000| Untracked 
|  57|0x000000008e100000, 0x000000008e200000, 0x000000008e200000|100%| O|  |TAMS 0x000000008e200000, 0x000000008e200000| Untracked 
|  58|0x000000008e200000, 0x000000008e300000, 0x000000008e300000|100%| O|  |TAMS 0x000000008e300000, 0x000000008e300000| Untracked 
|  59|0x000000008e300000, 0x000000008e400000, 0x000000008e400000|100%| O|  |TAMS 0x000000008e400000, 0x000000008e400000| Untracked 
|  60|0x000000008e400000, 0x000000008e500000, 0x000000008e500000|100%| O|  |TAMS 0x000000008e500000, 0x000000008e500000| Untracked 
|  61|0x000000008e500000, 0x000000008e600000, 0x000000008e600000|100%| O|  |TAMS 0x000000008e600000, 0x000000008e600000| Untracked 
|  62|0x000000008e600000, 0x000000008e700000, 0x000000008e700000|100%| O|  |TAMS 0x000000008e700000, 0x000000008e700000| Untracked 
|  63|0x000000008e700000, 0x000000008e800000, 0x000000008e800000|100%| O|  |TAMS 0x000000008e800000, 0x000000008e800000| Untracked 
|  64|0x000000008e800000, 0x000000008e900000, 0x000000008e900000|100%| O|  |TAMS 0x000000008e900000, 0x000000008e900000| Untracked 
|  65|0x000000008e900000, 0x000000008ea00000, 0x000000008ea00000|100%| O|  |TAMS 0x000000008ea00000, 0x000000008ea00000| Untracked 
|  66|0x000000008ea00000, 0x000000008eb00000, 0x000000008eb00000|100%| O|  |TAMS 0x000000008eb00000, 0x000000008eb00000| Untracked 
|  67|0x000000008eb00000, 0x000000008ec00000, 0x000000008ec00000|100%| O|  |TAMS 0x000000008ec00000, 0x000000008ec00000| Untracked 
|  68|0x000000008ec00000, 0x000000008ed00000, 0x000000008ed00000|100%| O|  |TAMS 0x000000008ed00000, 0x000000008ed00000| Untracked 
|  69|0x000000008ed00000, 0x000000008ee00000, 0x000000008ee00000|100%| O|  |TAMS 0x000000008ee00000, 0x000000008ee00000| Untracked 
|  70|0x000000008ee00000, 0x000000008ef00000, 0x000000008ef00000|100%| O|  |TAMS 0x000000008ef00000, 0x000000008ef00000| Untracked 
|  71|0x000000008ef00000, 0x000000008f000000, 0x000000008f000000|100%| O|  |TAMS 0x000000008f000000, 0x000000008f000000| Untracked 
|  72|0x000000008f000000, 0x000000008f100000, 0x000000008f100000|100%| O|  |TAMS 0x000000008f100000, 0x000000008f100000| Untracked 
|  73|0x000000008f100000, 0x000000008f200000, 0x000000008f200000|100%| O|  |TAMS 0x000000008f200000, 0x000000008f200000| Untracked 
|  74|0x000000008f200000, 0x000000008f300000, 0x000000008f300000|100%| O|  |TAMS 0x000000008f300000, 0x000000008f300000| Untracked 
|  75|0x000000008f300000, 0x000000008f400000, 0x000000008f400000|100%| O|  |TAMS 0x000000008f400000, 0x000000008f400000| Untracked 
|  76|0x000000008f400000, 0x000000008f500000, 0x000000008f500000|100%| O|  |TAMS 0x000000008f500000, 0x000000008f500000| Untracked 
|  77|0x000000008f500000, 0x000000008f600000, 0x000000008f600000|100%| O|  |TAMS 0x000000008f600000, 0x000000008f600000| Untracked 
|  78|0x000000008f600000, 0x000000008f700000, 0x000000008f700000|100%| O|  |TAMS 0x000000008f700000, 0x000000008f700000| Untracked 
|  79|0x000000008f700000, 0x000000008f800000, 0x000000008f800000|100%| O|  |TAMS 0x000000008f800000, 0x000000008f800000| Untracked 
|  80|0x000000008f800000, 0x000000008f900000, 0x000000008f900000|100%| O|  |TAMS 0x000000008f900000, 0x000000008f900000| Untracked 
|  81|0x000000008f900000, 0x000000008fa00000, 0x000000008fa00000|100%| O|  |TAMS 0x000000008fa00000, 0x000000008fa00000| Untracked 
|  82|0x000000008fa00000, 0x000000008fb00000, 0x000000008fb00000|100%| O|  |TAMS 0x000000008fb00000, 0x000000008fb00000| Untracked 
|  83|0x000000008fb00000, 0x000000008fc00000, 0x000000008fc00000|100%| O|  |TAMS 0x000000008fc00000, 0x000000008fc00000| Untracked 
|  84|0x000000008fc00000, 0x000000008fd00000, 0x000000008fd00000|100%| O|  |TAMS 0x000000008fc00000, 0x000000008fd00000| Untracked 
|  85|0x000000008fd00000, 0x000000008fe00000, 0x000000008fe00000|100%| O|  |TAMS 0x000000008fe00000, 0x000000008fe00000| Untracked 
|  86|0x000000008fe00000, 0x000000008ff00000, 0x000000008ff00000|100%| O|  |TAMS 0x000000008ff00000, 0x000000008ff00000| Untracked 
|  87|0x000000008ff00000, 0x0000000090000000, 0x0000000090000000|100%| O|  |TAMS 0x0000000090000000, 0x0000000090000000| Untracked 
|  88|0x0000000090000000, 0x0000000090100000, 0x0000000090100000|100%| O|  |TAMS 0x0000000090100000, 0x0000000090100000| Untracked 
|  89|0x0000000090100000, 0x0000000090200000, 0x0000000090200000|100%| O|  |TAMS 0x0000000090200000, 0x0000000090200000| Untracked 
|  90|0x0000000090200000, 0x0000000090300000, 0x0000000090300000|100%| O|  |TAMS 0x0000000090300000, 0x0000000090300000| Untracked 
|  91|0x0000000090300000, 0x0000000090400000, 0x0000000090400000|100%| O|  |TAMS 0x0000000090400000, 0x0000000090400000| Untracked 
|  92|0x0000000090400000, 0x0000000090500000, 0x0000000090500000|100%| O|  |TAMS 0x0000000090500000, 0x0000000090500000| Untracked 
|  93|0x0000000090500000, 0x0000000090600000, 0x0000000090600000|100%| O|  |TAMS 0x0000000090600000, 0x0000000090600000| Untracked 
|  94|0x0000000090600000, 0x0000000090700000, 0x0000000090700000|100%| O|  |TAMS 0x0000000090600000, 0x0000000090700000| Untracked 
|  95|0x0000000090700000, 0x0000000090800000, 0x0000000090800000|100%| O|  |TAMS 0x0000000090700000, 0x0000000090800000| Untracked 
|  96|0x0000000090800000, 0x0000000090900000, 0x0000000090900000|100%| O|  |TAMS 0x0000000090900000, 0x0000000090900000| Untracked 
|  97|0x0000000090900000, 0x0000000090a00000, 0x0000000090a00000|100%| O|  |TAMS 0x0000000090a00000, 0x0000000090a00000| Untracked 
|  98|0x0000000090a00000, 0x0000000090b00000, 0x0000000090b00000|100%| O|  |TAMS 0x0000000090b00000, 0x0000000090b00000| Untracked 
|  99|0x0000000090b00000, 0x0000000090c00000, 0x0000000090c00000|100%| O|  |TAMS 0x0000000090c00000, 0x0000000090c00000| Untracked 
| 100|0x0000000090c00000, 0x0000000090d00000, 0x0000000090d00000|100%| O|  |TAMS 0x0000000090d00000, 0x0000000090d00000| Untracked 
| 101|0x0000000090d00000, 0x0000000090e00000, 0x0000000090e00000|100%| O|  |TAMS 0x0000000090e00000, 0x0000000090e00000| Untracked 
| 102|0x0000000090e00000, 0x0000000090f00000, 0x0000000090f00000|100%| O|  |TAMS 0x0000000090f00000, 0x0000000090f00000| Untracked 
| 103|0x0000000090f00000, 0x0000000091000000, 0x0000000091000000|100%| O|  |TAMS 0x0000000091000000, 0x0000000091000000| Untracked 
| 104|0x0000000091000000, 0x0000000091100000, 0x0000000091100000|100%| O|  |TAMS 0x0000000091100000, 0x0000000091100000| Untracked 
| 105|0x0000000091100000, 0x0000000091200000, 0x0000000091200000|100%| O|  |TAMS 0x0000000091200000, 0x0000000091200000| Untracked 
| 106|0x0000000091200000, 0x0000000091300000, 0x0000000091300000|100%| O|  |TAMS 0x0000000091300000, 0x0000000091300000| Untracked 
| 107|0x0000000091300000, 0x0000000091400000, 0x0000000091400000|100%|HS|  |TAMS 0x0000000091300000, 0x0000000091400000| Complete 
| 108|0x0000000091400000, 0x0000000091500000, 0x0000000091500000|100%|HC|  |TAMS 0x0000000091400000, 0x0000000091500000| Complete 
| 109|0x0000000091500000, 0x0000000091600000, 0x0000000091600000|100%|HS|  |TAMS 0x0000000091600000, 0x0000000091600000| Complete 
| 110|0x0000000091600000, 0x0000000091700000, 0x0000000091700000|100%|HC|  |TAMS 0x0000000091700000, 0x0000000091700000| Complete 
| 111|0x0000000091700000, 0x0000000091800000, 0x0000000091800000|100%| O|  |TAMS 0x0000000091800000, 0x0000000091800000| Untracked 
| 112|0x0000000091800000, 0x0000000091900000, 0x0000000091900000|100%| O|  |TAMS 0x0000000091900000, 0x0000000091900000| Untracked 
| 113|0x0000000091900000, 0x0000000091a00000, 0x0000000091a00000|100%| O|  |TAMS 0x0000000091a00000, 0x0000000091a00000| Untracked 
| 114|0x0000000091a00000, 0x0000000091b00000, 0x0000000091b00000|100%| O|  |TAMS 0x0000000091b00000, 0x0000000091b00000| Untracked 
| 115|0x0000000091b00000, 0x0000000091c00000, 0x0000000091c00000|100%| O|  |TAMS 0x0000000091c00000, 0x0000000091c00000| Untracked 
| 116|0x0000000091c00000, 0x0000000091d00000, 0x0000000091d00000|100%| O|  |TAMS 0x0000000091d00000, 0x0000000091d00000| Untracked 
| 117|0x0000000091d00000, 0x0000000091e00000, 0x0000000091e00000|100%| O|  |TAMS 0x0000000091e00000, 0x0000000091e00000| Untracked 
| 118|0x0000000091e00000, 0x0000000091f00000, 0x0000000091f00000|100%| O|  |TAMS 0x0000000091f00000, 0x0000000091f00000| Untracked 
| 119|0x0000000091f00000, 0x0000000092000000, 0x0000000092000000|100%| O|  |TAMS 0x0000000092000000, 0x0000000092000000| Untracked 
| 120|0x0000000092000000, 0x0000000092100000, 0x0000000092100000|100%| O|  |TAMS 0x0000000092100000, 0x0000000092100000| Untracked 
| 121|0x0000000092100000, 0x0000000092200000, 0x0000000092200000|100%| O|  |TAMS 0x00000000921a9e00, 0x0000000092200000| Untracked 
| 122|0x0000000092200000, 0x0000000092300000, 0x0000000092300000|100%|HS|  |TAMS 0x0000000092200000, 0x0000000092300000| Complete 
| 123|0x0000000092300000, 0x0000000092400000, 0x0000000092400000|100%|HC|  |TAMS 0x0000000092300000, 0x0000000092400000| Complete 
| 124|0x0000000092400000, 0x0000000092500000, 0x0000000092500000|100%| O|  |TAMS 0x0000000092400000, 0x0000000092500000| Untracked 
| 125|0x0000000092500000, 0x0000000092600000, 0x0000000092600000|100%| O|  |TAMS 0x0000000092500000, 0x0000000092600000| Untracked 
| 126|0x0000000092600000, 0x0000000092700000, 0x0000000092700000|100%| O|  |TAMS 0x0000000092600000, 0x0000000092700000| Untracked 
| 127|0x0000000092700000, 0x0000000092800000, 0x0000000092800000|100%| O|  |TAMS 0x0000000092700000, 0x0000000092800000| Untracked 
| 128|0x0000000092800000, 0x0000000092900000, 0x0000000092900000|100%| O|  |TAMS 0x0000000092800000, 0x0000000092900000| Untracked 
| 129|0x0000000092900000, 0x0000000092a00000, 0x0000000092a00000|100%| O|  |TAMS 0x0000000092900000, 0x0000000092a00000| Untracked 
| 130|0x0000000092a00000, 0x0000000092b00000, 0x0000000092b00000|100%| O|  |TAMS 0x0000000092b00000, 0x0000000092b00000| Untracked 
| 131|0x0000000092b00000, 0x0000000092c00000, 0x0000000092c00000|100%| O|  |TAMS 0x0000000092c00000, 0x0000000092c00000| Untracked 
| 132|0x0000000092c00000, 0x0000000092d00000, 0x0000000092d00000|100%| O|  |TAMS 0x0000000092d00000, 0x0000000092d00000| Untracked 
| 133|0x0000000092d00000, 0x0000000092e00000, 0x0000000092e00000|100%| O|  |TAMS 0x0000000092e00000, 0x0000000092e00000| Untracked 
| 134|0x0000000092e00000, 0x0000000092f00000, 0x0000000092f00000|100%| O|  |TAMS 0x0000000092f00000, 0x0000000092f00000| Untracked 
| 135|0x0000000092f00000, 0x0000000093000000, 0x0000000093000000|100%| O|  |TAMS 0x0000000093000000, 0x0000000093000000| Untracked 
| 136|0x0000000093000000, 0x0000000093100000, 0x0000000093100000|100%| O|  |TAMS 0x0000000093000000, 0x0000000093100000| Untracked 
| 137|0x0000000093100000, 0x0000000093200000, 0x0000000093200000|100%| O|  |TAMS 0x0000000093100000, 0x0000000093200000| Untracked 
| 138|0x0000000093200000, 0x0000000093300000, 0x0000000093300000|100%| O|  |TAMS 0x0000000093200000, 0x0000000093300000| Untracked 
| 139|0x0000000093300000, 0x0000000093400000, 0x0000000093400000|100%| O|  |TAMS 0x0000000093300000, 0x0000000093400000| Untracked 
| 140|0x0000000093400000, 0x00000000934a5800, 0x0000000093500000| 64%| O|  |TAMS 0x0000000093400000, 0x00000000934a5800| Untracked 
| 141|0x0000000093500000, 0x0000000093500000, 0x0000000093600000|  0%| F|  |TAMS 0x0000000093500000, 0x0000000093500000| Untracked 
| 142|0x0000000093600000, 0x0000000093600000, 0x0000000093700000|  0%| F|  |TAMS 0x0000000093600000, 0x0000000093600000| Untracked 
| 143|0x0000000093700000, 0x0000000093700000, 0x0000000093800000|  0%| F|  |TAMS 0x0000000093700000, 0x0000000093700000| Untracked 
| 144|0x0000000093800000, 0x0000000093800000, 0x0000000093900000|  0%| F|  |TAMS 0x0000000093800000, 0x0000000093800000| Untracked 
| 145|0x0000000093900000, 0x0000000093900000, 0x0000000093a00000|  0%| F|  |TAMS 0x0000000093900000, 0x0000000093900000| Untracked 
| 146|0x0000000093a00000, 0x0000000093a00000, 0x0000000093b00000|  0%| F|  |TAMS 0x0000000093a00000, 0x0000000093a00000| Untracked 
| 147|0x0000000093b00000, 0x0000000093b00000, 0x0000000093c00000|  0%| F|  |TAMS 0x0000000093b00000, 0x0000000093b00000| Untracked 
| 148|0x0000000093c00000, 0x0000000093c00000, 0x0000000093d00000|  0%| F|  |TAMS 0x0000000093c00000, 0x0000000093c00000| Untracked 
| 149|0x0000000093d00000, 0x0000000093d00000, 0x0000000093e00000|  0%| F|  |TAMS 0x0000000093d00000, 0x0000000093d00000| Untracked 
| 150|0x0000000093e00000, 0x0000000093e00000, 0x0000000093f00000|  0%| F|  |TAMS 0x0000000093e00000, 0x0000000093e00000| Untracked 
| 151|0x0000000093f00000, 0x0000000093f00000, 0x0000000094000000|  0%| F|  |TAMS 0x0000000093f00000, 0x0000000093f00000| Untracked 
| 152|0x0000000094000000, 0x0000000094000000, 0x0000000094100000|  0%| F|  |TAMS 0x0000000094000000, 0x0000000094000000| Untracked 
| 153|0x0000000094100000, 0x0000000094100000, 0x0000000094200000|  0%| F|  |TAMS 0x0000000094100000, 0x0000000094100000| Untracked 
| 154|0x0000000094200000, 0x0000000094200000, 0x0000000094300000|  0%| F|  |TAMS 0x0000000094200000, 0x0000000094200000| Untracked 
| 155|0x0000000094300000, 0x0000000094300000, 0x0000000094400000|  0%| F|  |TAMS 0x0000000094300000, 0x0000000094300000| Untracked 
| 156|0x0000000094400000, 0x0000000094400000, 0x0000000094500000|  0%| F|  |TAMS 0x0000000094400000, 0x0000000094400000| Untracked 
| 157|0x0000000094500000, 0x0000000094500000, 0x0000000094600000|  0%| F|  |TAMS 0x0000000094500000, 0x0000000094500000| Untracked 
| 158|0x0000000094600000, 0x0000000094600000, 0x0000000094700000|  0%| F|  |TAMS 0x0000000094600000, 0x0000000094600000| Untracked 
| 159|0x0000000094700000, 0x0000000094700000, 0x0000000094800000|  0%| F|  |TAMS 0x0000000094700000, 0x0000000094700000| Untracked 
| 160|0x0000000094800000, 0x0000000094800000, 0x0000000094900000|  0%| F|  |TAMS 0x0000000094800000, 0x0000000094800000| Untracked 
| 161|0x0000000094900000, 0x0000000094900000, 0x0000000094a00000|  0%| F|  |TAMS 0x0000000094900000, 0x0000000094900000| Untracked 
| 162|0x0000000094a00000, 0x0000000094a00000, 0x0000000094b00000|  0%| F|  |TAMS 0x0000000094a00000, 0x0000000094a00000| Untracked 
| 163|0x0000000094b00000, 0x0000000094b00000, 0x0000000094c00000|  0%| F|  |TAMS 0x0000000094b00000, 0x0000000094b00000| Untracked 
| 164|0x0000000094c00000, 0x0000000094c00000, 0x0000000094d00000|  0%| F|  |TAMS 0x0000000094c00000, 0x0000000094c00000| Untracked 
| 165|0x0000000094d00000, 0x0000000094d00000, 0x0000000094e00000|  0%| F|  |TAMS 0x0000000094d00000, 0x0000000094d00000| Untracked 
| 166|0x0000000094e00000, 0x0000000094e00000, 0x0000000094f00000|  0%| F|  |TAMS 0x0000000094e00000, 0x0000000094e00000| Untracked 
| 167|0x0000000094f00000, 0x0000000094f00000, 0x0000000095000000|  0%| F|  |TAMS 0x0000000094f00000, 0x0000000094f00000| Untracked 
| 168|0x0000000095000000, 0x0000000095000000, 0x0000000095100000|  0%| F|  |TAMS 0x0000000095000000, 0x0000000095000000| Untracked 
| 169|0x0000000095100000, 0x0000000095100000, 0x0000000095200000|  0%| F|  |TAMS 0x0000000095100000, 0x0000000095100000| Untracked 
| 170|0x0000000095200000, 0x0000000095200000, 0x0000000095300000|  0%| F|  |TAMS 0x0000000095200000, 0x0000000095200000| Untracked 
| 171|0x0000000095300000, 0x0000000095300000, 0x0000000095400000|  0%| F|  |TAMS 0x0000000095300000, 0x0000000095300000| Untracked 
| 172|0x0000000095400000, 0x0000000095400000, 0x0000000095500000|  0%| F|  |TAMS 0x0000000095400000, 0x0000000095400000| Untracked 
| 173|0x0000000095500000, 0x0000000095500000, 0x0000000095600000|  0%| F|  |TAMS 0x0000000095500000, 0x0000000095500000| Untracked 
| 174|0x0000000095600000, 0x0000000095600000, 0x0000000095700000|  0%| F|  |TAMS 0x0000000095600000, 0x0000000095600000| Untracked 
| 175|0x0000000095700000, 0x0000000095700000, 0x0000000095800000|  0%| F|  |TAMS 0x0000000095700000, 0x0000000095700000| Untracked 
| 176|0x0000000095800000, 0x0000000095800000, 0x0000000095900000|  0%| F|  |TAMS 0x0000000095800000, 0x0000000095800000| Untracked 
| 177|0x0000000095900000, 0x0000000095900000, 0x0000000095a00000|  0%| F|  |TAMS 0x0000000095900000, 0x0000000095900000| Untracked 
| 178|0x0000000095a00000, 0x0000000095a00000, 0x0000000095b00000|  0%| F|  |TAMS 0x0000000095a00000, 0x0000000095a00000| Untracked 
| 179|0x0000000095b00000, 0x0000000095b00000, 0x0000000095c00000|  0%| F|  |TAMS 0x0000000095b00000, 0x0000000095b00000| Untracked 
| 180|0x0000000095c00000, 0x0000000095c00000, 0x0000000095d00000|  0%| F|  |TAMS 0x0000000095c00000, 0x0000000095c00000| Untracked 
| 181|0x0000000095d00000, 0x0000000095d00000, 0x0000000095e00000|  0%| F|  |TAMS 0x0000000095d00000, 0x0000000095d00000| Untracked 
| 182|0x0000000095e00000, 0x0000000095e00000, 0x0000000095f00000|  0%| F|  |TAMS 0x0000000095e00000, 0x0000000095e00000| Untracked 
| 183|0x0000000095f00000, 0x0000000095f00000, 0x0000000096000000|  0%| F|  |TAMS 0x0000000095f00000, 0x0000000095f00000| Untracked 
| 184|0x0000000096000000, 0x0000000096000000, 0x0000000096100000|  0%| F|  |TAMS 0x0000000096000000, 0x0000000096000000| Untracked 
| 185|0x0000000096100000, 0x0000000096100000, 0x0000000096200000|  0%| F|  |TAMS 0x0000000096100000, 0x0000000096100000| Untracked 
| 186|0x0000000096200000, 0x0000000096200000, 0x0000000096300000|  0%| F|  |TAMS 0x0000000096200000, 0x0000000096200000| Untracked 
| 187|0x0000000096300000, 0x0000000096300000, 0x0000000096400000|  0%| F|  |TAMS 0x0000000096300000, 0x0000000096300000| Untracked 
| 188|0x0000000096400000, 0x0000000096400000, 0x0000000096500000|  0%| F|  |TAMS 0x0000000096400000, 0x0000000096400000| Untracked 
| 189|0x0000000096500000, 0x0000000096500000, 0x0000000096600000|  0%| F|  |TAMS 0x0000000096500000, 0x0000000096500000| Untracked 
| 190|0x0000000096600000, 0x0000000096600000, 0x0000000096700000|  0%| F|  |TAMS 0x0000000096600000, 0x0000000096600000| Untracked 
| 191|0x0000000096700000, 0x0000000096700000, 0x0000000096800000|  0%| F|  |TAMS 0x0000000096700000, 0x0000000096700000| Untracked 
| 192|0x0000000096800000, 0x0000000096800000, 0x0000000096900000|  0%| F|  |TAMS 0x0000000096800000, 0x0000000096800000| Untracked 
| 193|0x0000000096900000, 0x0000000096900000, 0x0000000096a00000|  0%| F|  |TAMS 0x0000000096900000, 0x0000000096900000| Untracked 
| 194|0x0000000096a00000, 0x0000000096a00000, 0x0000000096b00000|  0%| F|  |TAMS 0x0000000096a00000, 0x0000000096a00000| Untracked 
| 195|0x0000000096b00000, 0x0000000096b00000, 0x0000000096c00000|  0%| F|  |TAMS 0x0000000096b00000, 0x0000000096b00000| Untracked 
| 196|0x0000000096c00000, 0x0000000096c00000, 0x0000000096d00000|  0%| F|  |TAMS 0x0000000096c00000, 0x0000000096c00000| Untracked 
| 197|0x0000000096d00000, 0x0000000096d00000, 0x0000000096e00000|  0%| F|  |TAMS 0x0000000096d00000, 0x0000000096d00000| Untracked 
| 198|0x0000000096e00000, 0x0000000096e00000, 0x0000000096f00000|  0%| F|  |TAMS 0x0000000096e00000, 0x0000000096e00000| Untracked 
| 199|0x0000000096f00000, 0x0000000096f00000, 0x0000000097000000|  0%| F|  |TAMS 0x0000000096f00000, 0x0000000096f00000| Untracked 
| 200|0x0000000097000000, 0x0000000097000000, 0x0000000097100000|  0%| F|  |TAMS 0x0000000097000000, 0x0000000097000000| Untracked 
| 201|0x0000000097100000, 0x0000000097100000, 0x0000000097200000|  0%| F|  |TAMS 0x0000000097100000, 0x0000000097100000| Untracked 
| 202|0x0000000097200000, 0x0000000097200000, 0x0000000097300000|  0%| F|  |TAMS 0x0000000097200000, 0x0000000097200000| Untracked 
| 203|0x0000000097300000, 0x0000000097300000, 0x0000000097400000|  0%| F|  |TAMS 0x0000000097300000, 0x0000000097300000| Untracked 
| 204|0x0000000097400000, 0x0000000097400000, 0x0000000097500000|  0%| F|  |TAMS 0x0000000097400000, 0x0000000097400000| Untracked 
| 205|0x0000000097500000, 0x0000000097500000, 0x0000000097600000|  0%| F|  |TAMS 0x0000000097500000, 0x0000000097500000| Untracked 
| 206|0x0000000097600000, 0x0000000097600000, 0x0000000097700000|  0%| F|  |TAMS 0x0000000097600000, 0x0000000097600000| Untracked 
| 207|0x0000000097700000, 0x0000000097700000, 0x0000000097800000|  0%| F|  |TAMS 0x0000000097700000, 0x0000000097700000| Untracked 
| 208|0x0000000097800000, 0x0000000097800000, 0x0000000097900000|  0%| F|  |TAMS 0x0000000097800000, 0x0000000097800000| Untracked 
| 209|0x0000000097900000, 0x0000000097900000, 0x0000000097a00000|  0%| F|  |TAMS 0x0000000097900000, 0x0000000097900000| Untracked 
| 210|0x0000000097a00000, 0x0000000097a00000, 0x0000000097b00000|  0%| F|  |TAMS 0x0000000097a00000, 0x0000000097a00000| Untracked 
| 211|0x0000000097b00000, 0x0000000097b00000, 0x0000000097c00000|  0%| F|  |TAMS 0x0000000097b00000, 0x0000000097b00000| Untracked 
| 212|0x0000000097c00000, 0x0000000097c00000, 0x0000000097d00000|  0%| F|  |TAMS 0x0000000097c00000, 0x0000000097c00000| Untracked 
| 213|0x0000000097d00000, 0x0000000097d00000, 0x0000000097e00000|  0%| F|  |TAMS 0x0000000097d00000, 0x0000000097d00000| Untracked 
| 214|0x0000000097e00000, 0x0000000097e00000, 0x0000000097f00000|  0%| F|  |TAMS 0x0000000097e00000, 0x0000000097e00000| Untracked 
| 215|0x0000000097f00000, 0x0000000097f00000, 0x0000000098000000|  0%| F|  |TAMS 0x0000000097f00000, 0x0000000097f00000| Untracked 
| 216|0x0000000098000000, 0x0000000098000000, 0x0000000098100000|  0%| F|  |TAMS 0x0000000098000000, 0x0000000098000000| Untracked 
| 217|0x0000000098100000, 0x0000000098100000, 0x0000000098200000|  0%| F|  |TAMS 0x0000000098100000, 0x0000000098100000| Untracked 
| 218|0x0000000098200000, 0x0000000098200000, 0x0000000098300000|  0%| F|  |TAMS 0x0000000098200000, 0x0000000098200000| Untracked 
| 219|0x0000000098300000, 0x0000000098300000, 0x0000000098400000|  0%| F|  |TAMS 0x0000000098300000, 0x0000000098300000| Untracked 
| 220|0x0000000098400000, 0x0000000098400000, 0x0000000098500000|  0%| F|  |TAMS 0x0000000098400000, 0x0000000098400000| Untracked 
| 221|0x0000000098500000, 0x0000000098500000, 0x0000000098600000|  0%| F|  |TAMS 0x0000000098500000, 0x0000000098500000| Untracked 
| 222|0x0000000098600000, 0x0000000098600000, 0x0000000098700000|  0%| F|  |TAMS 0x0000000098600000, 0x0000000098600000| Untracked 
| 223|0x0000000098700000, 0x0000000098700000, 0x0000000098800000|  0%| F|  |TAMS 0x0000000098700000, 0x0000000098700000| Untracked 
| 224|0x0000000098800000, 0x0000000098800000, 0x0000000098900000|  0%| F|  |TAMS 0x0000000098800000, 0x0000000098800000| Untracked 
| 225|0x0000000098900000, 0x0000000098900000, 0x0000000098a00000|  0%| F|  |TAMS 0x0000000098900000, 0x0000000098900000| Untracked 
| 226|0x0000000098a00000, 0x0000000098a00000, 0x0000000098b00000|  0%| F|  |TAMS 0x0000000098a00000, 0x0000000098a00000| Untracked 
| 227|0x0000000098b00000, 0x0000000098b00000, 0x0000000098c00000|  0%| F|  |TAMS 0x0000000098b00000, 0x0000000098b00000| Untracked 
| 228|0x0000000098c00000, 0x0000000098c00000, 0x0000000098d00000|  0%| F|  |TAMS 0x0000000098c00000, 0x0000000098c00000| Untracked 
| 229|0x0000000098d00000, 0x0000000098d00000, 0x0000000098e00000|  0%| F|  |TAMS 0x0000000098d00000, 0x0000000098d00000| Untracked 
| 230|0x0000000098e00000, 0x0000000098e00000, 0x0000000098f00000|  0%| F|  |TAMS 0x0000000098e00000, 0x0000000098e00000| Untracked 
| 231|0x0000000098f00000, 0x0000000098f00000, 0x0000000099000000|  0%| F|  |TAMS 0x0000000098f00000, 0x0000000098f00000| Untracked 
| 232|0x0000000099000000, 0x0000000099000000, 0x0000000099100000|  0%| F|  |TAMS 0x0000000099000000, 0x0000000099000000| Untracked 
| 233|0x0000000099100000, 0x0000000099100000, 0x0000000099200000|  0%| F|  |TAMS 0x0000000099100000, 0x0000000099100000| Untracked 
| 234|0x0000000099200000, 0x0000000099200000, 0x0000000099300000|  0%| F|  |TAMS 0x0000000099200000, 0x0000000099200000| Untracked 
| 235|0x0000000099300000, 0x0000000099300000, 0x0000000099400000|  0%| F|  |TAMS 0x0000000099300000, 0x0000000099300000| Untracked 
| 236|0x0000000099400000, 0x0000000099400000, 0x0000000099500000|  0%| F|  |TAMS 0x0000000099400000, 0x0000000099400000| Untracked 
| 237|0x0000000099500000, 0x0000000099500000, 0x0000000099600000|  0%| F|  |TAMS 0x0000000099500000, 0x0000000099500000| Untracked 
| 238|0x0000000099600000, 0x0000000099600000, 0x0000000099700000|  0%| F|  |TAMS 0x0000000099600000, 0x0000000099600000| Untracked 
| 239|0x0000000099700000, 0x0000000099700000, 0x0000000099800000|  0%| F|  |TAMS 0x0000000099700000, 0x0000000099700000| Untracked 
| 240|0x0000000099800000, 0x0000000099800000, 0x0000000099900000|  0%| F|  |TAMS 0x0000000099800000, 0x0000000099800000| Untracked 
| 241|0x0000000099900000, 0x0000000099900000, 0x0000000099a00000|  0%| F|  |TAMS 0x0000000099900000, 0x0000000099900000| Untracked 
| 242|0x0000000099a00000, 0x0000000099a00000, 0x0000000099b00000|  0%| F|  |TAMS 0x0000000099a00000, 0x0000000099a00000| Untracked 
| 243|0x0000000099b00000, 0x0000000099b00000, 0x0000000099c00000|  0%| F|  |TAMS 0x0000000099b00000, 0x0000000099b00000| Untracked 
| 244|0x0000000099c00000, 0x0000000099c00000, 0x0000000099d00000|  0%| F|  |TAMS 0x0000000099c00000, 0x0000000099c00000| Untracked 
| 245|0x0000000099d00000, 0x0000000099d00000, 0x0000000099e00000|  0%| F|  |TAMS 0x0000000099d00000, 0x0000000099d00000| Untracked 
| 246|0x0000000099e00000, 0x0000000099e00000, 0x0000000099f00000|  0%| F|  |TAMS 0x0000000099e00000, 0x0000000099e00000| Untracked 
| 247|0x0000000099f00000, 0x0000000099f00000, 0x000000009a000000|  0%| F|  |TAMS 0x0000000099f00000, 0x0000000099f00000| Untracked 
| 248|0x000000009a000000, 0x000000009a000000, 0x000000009a100000|  0%| F|  |TAMS 0x000000009a000000, 0x000000009a000000| Untracked 
| 249|0x000000009a100000, 0x000000009a100000, 0x000000009a200000|  0%| F|  |TAMS 0x000000009a100000, 0x000000009a100000| Untracked 
| 250|0x000000009a200000, 0x000000009a200000, 0x000000009a300000|  0%| F|  |TAMS 0x000000009a200000, 0x000000009a200000| Untracked 
| 251|0x000000009a300000, 0x000000009a300000, 0x000000009a400000|  0%| F|  |TAMS 0x000000009a300000, 0x000000009a300000| Untracked 
| 252|0x000000009a400000, 0x000000009a400000, 0x000000009a500000|  0%| F|  |TAMS 0x000000009a400000, 0x000000009a400000| Untracked 
| 253|0x000000009a500000, 0x000000009a500000, 0x000000009a600000|  0%| F|  |TAMS 0x000000009a500000, 0x000000009a500000| Untracked 
| 254|0x000000009a600000, 0x000000009a600000, 0x000000009a700000|  0%| F|  |TAMS 0x000000009a600000, 0x000000009a600000| Untracked 
| 255|0x000000009a700000, 0x000000009a700000, 0x000000009a800000|  0%| F|  |TAMS 0x000000009a700000, 0x000000009a700000| Untracked 
| 256|0x000000009a800000, 0x000000009a800000, 0x000000009a900000|  0%| F|  |TAMS 0x000000009a800000, 0x000000009a800000| Untracked 
| 257|0x000000009a900000, 0x000000009a900000, 0x000000009aa00000|  0%| F|  |TAMS 0x000000009a900000, 0x000000009a900000| Untracked 
| 258|0x000000009aa00000, 0x000000009aa00000, 0x000000009ab00000|  0%| F|  |TAMS 0x000000009aa00000, 0x000000009aa00000| Untracked 
| 259|0x000000009ab00000, 0x000000009ab00000, 0x000000009ac00000|  0%| F|  |TAMS 0x000000009ab00000, 0x000000009ab00000| Untracked 
| 260|0x000000009ac00000, 0x000000009ac00000, 0x000000009ad00000|  0%| F|  |TAMS 0x000000009ac00000, 0x000000009ac00000| Untracked 
| 261|0x000000009ad00000, 0x000000009ad00000, 0x000000009ae00000|  0%| F|  |TAMS 0x000000009ad00000, 0x000000009ad00000| Untracked 
| 262|0x000000009ae00000, 0x000000009ae00000, 0x000000009af00000|  0%| F|  |TAMS 0x000000009ae00000, 0x000000009ae00000| Untracked 
| 263|0x000000009af00000, 0x000000009af00000, 0x000000009b000000|  0%| F|  |TAMS 0x000000009af00000, 0x000000009af00000| Untracked 
| 264|0x000000009b000000, 0x000000009b000000, 0x000000009b100000|  0%| F|  |TAMS 0x000000009b000000, 0x000000009b000000| Untracked 
| 265|0x000000009b100000, 0x000000009b100000, 0x000000009b200000|  0%| F|  |TAMS 0x000000009b100000, 0x000000009b100000| Untracked 
| 266|0x000000009b200000, 0x000000009b200000, 0x000000009b300000|  0%| F|  |TAMS 0x000000009b200000, 0x000000009b200000| Untracked 
| 267|0x000000009b300000, 0x000000009b300000, 0x000000009b400000|  0%| F|  |TAMS 0x000000009b300000, 0x000000009b300000| Untracked 
| 268|0x000000009b400000, 0x000000009b400000, 0x000000009b500000|  0%| F|  |TAMS 0x000000009b400000, 0x000000009b400000| Untracked 
| 269|0x000000009b500000, 0x000000009b500000, 0x000000009b600000|  0%| F|  |TAMS 0x000000009b500000, 0x000000009b500000| Untracked 
| 270|0x000000009b600000, 0x000000009b600000, 0x000000009b700000|  0%| F|  |TAMS 0x000000009b600000, 0x000000009b600000| Untracked 
| 271|0x000000009b700000, 0x000000009b700000, 0x000000009b800000|  0%| F|  |TAMS 0x000000009b700000, 0x000000009b700000| Untracked 
| 272|0x000000009b800000, 0x000000009b800000, 0x000000009b900000|  0%| F|  |TAMS 0x000000009b800000, 0x000000009b800000| Untracked 
| 273|0x000000009b900000, 0x000000009b900000, 0x000000009ba00000|  0%| F|  |TAMS 0x000000009b900000, 0x000000009b900000| Untracked 
| 274|0x000000009ba00000, 0x000000009ba00000, 0x000000009bb00000|  0%| F|  |TAMS 0x000000009ba00000, 0x000000009ba00000| Untracked 
| 275|0x000000009bb00000, 0x000000009bb00000, 0x000000009bc00000|  0%| F|  |TAMS 0x000000009bb00000, 0x000000009bb00000| Untracked 
| 276|0x000000009bc00000, 0x000000009bc00000, 0x000000009bd00000|  0%| F|  |TAMS 0x000000009bc00000, 0x000000009bc00000| Untracked 
| 277|0x000000009bd00000, 0x000000009bd00000, 0x000000009be00000|  0%| F|  |TAMS 0x000000009bd00000, 0x000000009bd00000| Untracked 
| 278|0x000000009be00000, 0x000000009be00000, 0x000000009bf00000|  0%| F|  |TAMS 0x000000009be00000, 0x000000009be00000| Untracked 
| 279|0x000000009bf00000, 0x000000009bf00000, 0x000000009c000000|  0%| F|  |TAMS 0x000000009bf00000, 0x000000009bf00000| Untracked 
| 280|0x000000009c000000, 0x000000009c000000, 0x000000009c100000|  0%| F|  |TAMS 0x000000009c000000, 0x000000009c000000| Untracked 
| 281|0x000000009c100000, 0x000000009c100000, 0x000000009c200000|  0%| F|  |TAMS 0x000000009c100000, 0x000000009c100000| Untracked 
| 282|0x000000009c200000, 0x000000009c200000, 0x000000009c300000|  0%| F|  |TAMS 0x000000009c200000, 0x000000009c200000| Untracked 
| 283|0x000000009c300000, 0x000000009c300000, 0x000000009c400000|  0%| F|  |TAMS 0x000000009c300000, 0x000000009c300000| Untracked 
| 284|0x000000009c400000, 0x000000009c400000, 0x000000009c500000|  0%| F|  |TAMS 0x000000009c400000, 0x000000009c400000| Untracked 
| 285|0x000000009c500000, 0x000000009c500000, 0x000000009c600000|  0%| F|  |TAMS 0x000000009c500000, 0x000000009c500000| Untracked 
| 286|0x000000009c600000, 0x000000009c600000, 0x000000009c700000|  0%| F|  |TAMS 0x000000009c600000, 0x000000009c600000| Untracked 
| 287|0x000000009c700000, 0x000000009c700000, 0x000000009c800000|  0%| F|  |TAMS 0x000000009c700000, 0x000000009c700000| Untracked 
| 288|0x000000009c800000, 0x000000009c800000, 0x000000009c900000|  0%| F|  |TAMS 0x000000009c800000, 0x000000009c800000| Untracked 
| 289|0x000000009c900000, 0x000000009c900000, 0x000000009ca00000|  0%| F|  |TAMS 0x000000009c900000, 0x000000009c900000| Untracked 
| 290|0x000000009ca00000, 0x000000009ca00000, 0x000000009cb00000|  0%| F|  |TAMS 0x000000009ca00000, 0x000000009ca00000| Untracked 
| 291|0x000000009cb00000, 0x000000009cb00000, 0x000000009cc00000|  0%| F|  |TAMS 0x000000009cb00000, 0x000000009cb00000| Untracked 
| 292|0x000000009cc00000, 0x000000009cc00000, 0x000000009cd00000|  0%| F|  |TAMS 0x000000009cc00000, 0x000000009cc00000| Untracked 
| 293|0x000000009cd00000, 0x000000009cd6e080, 0x000000009ce00000| 42%| S|CS|TAMS 0x000000009cd00000, 0x000000009cd00000| Complete 
| 294|0x000000009ce00000, 0x000000009cf00000, 0x000000009cf00000|100%| S|CS|TAMS 0x000000009ce00000, 0x000000009ce00000| Complete 
| 295|0x000000009cf00000, 0x000000009d000000, 0x000000009d000000|100%| S|CS|TAMS 0x000000009cf00000, 0x000000009cf00000| Complete 
| 296|0x000000009d000000, 0x000000009d000000, 0x000000009d100000|  0%| F|  |TAMS 0x000000009d000000, 0x000000009d000000| Untracked 
| 297|0x000000009d100000, 0x000000009d100000, 0x000000009d200000|  0%| F|  |TAMS 0x000000009d100000, 0x000000009d100000| Untracked 
| 298|0x000000009d200000, 0x000000009d200000, 0x000000009d300000|  0%| F|  |TAMS 0x000000009d200000, 0x000000009d200000| Untracked 
| 299|0x000000009d300000, 0x000000009d300000, 0x000000009d400000|  0%| F|  |TAMS 0x000000009d300000, 0x000000009d300000| Untracked 
| 300|0x000000009d400000, 0x000000009d400000, 0x000000009d500000|  0%| F|  |TAMS 0x000000009d400000, 0x000000009d400000| Untracked 
| 301|0x000000009d500000, 0x000000009d500000, 0x000000009d600000|  0%| F|  |TAMS 0x000000009d500000, 0x000000009d500000| Untracked 
| 302|0x000000009d600000, 0x000000009d600000, 0x000000009d700000|  0%| F|  |TAMS 0x000000009d600000, 0x000000009d600000| Untracked 
| 303|0x000000009d700000, 0x000000009d700000, 0x000000009d800000|  0%| F|  |TAMS 0x000000009d700000, 0x000000009d700000| Untracked 
| 304|0x000000009d800000, 0x000000009d800000, 0x000000009d900000|  0%| F|  |TAMS 0x000000009d800000, 0x000000009d800000| Untracked 
| 305|0x000000009d900000, 0x000000009d900000, 0x000000009da00000|  0%| F|  |TAMS 0x000000009d900000, 0x000000009d900000| Untracked 
| 306|0x000000009da00000, 0x000000009da00000, 0x000000009db00000|  0%| F|  |TAMS 0x000000009da00000, 0x000000009da00000| Untracked 
| 307|0x000000009db00000, 0x000000009db00000, 0x000000009dc00000|  0%| F|  |TAMS 0x000000009db00000, 0x000000009db00000| Untracked 
| 308|0x000000009dc00000, 0x000000009dc00000, 0x000000009dd00000|  0%| F|  |TAMS 0x000000009dc00000, 0x000000009dc00000| Untracked 
| 309|0x000000009dd00000, 0x000000009dd00000, 0x000000009de00000|  0%| F|  |TAMS 0x000000009dd00000, 0x000000009dd00000| Untracked 
| 310|0x000000009de00000, 0x000000009de00000, 0x000000009df00000|  0%| F|  |TAMS 0x000000009de00000, 0x000000009de00000| Untracked 
| 311|0x000000009df00000, 0x000000009df00000, 0x000000009e000000|  0%| F|  |TAMS 0x000000009df00000, 0x000000009df00000| Untracked 
| 312|0x000000009e000000, 0x000000009e000000, 0x000000009e100000|  0%| F|  |TAMS 0x000000009e000000, 0x000000009e000000| Untracked 
| 313|0x000000009e100000, 0x000000009e100000, 0x000000009e200000|  0%| F|  |TAMS 0x000000009e100000, 0x000000009e100000| Untracked 
| 314|0x000000009e200000, 0x000000009e200000, 0x000000009e300000|  0%| F|  |TAMS 0x000000009e200000, 0x000000009e200000| Untracked 
| 315|0x000000009e300000, 0x000000009e300000, 0x000000009e400000|  0%| F|  |TAMS 0x000000009e300000, 0x000000009e300000| Untracked 
| 316|0x000000009e400000, 0x000000009e400000, 0x000000009e500000|  0%| F|  |TAMS 0x000000009e400000, 0x000000009e400000| Untracked 
| 317|0x000000009e500000, 0x000000009e500000, 0x000000009e600000|  0%| F|  |TAMS 0x000000009e500000, 0x000000009e500000| Untracked 
| 318|0x000000009e600000, 0x000000009e600000, 0x000000009e700000|  0%| F|  |TAMS 0x000000009e600000, 0x000000009e600000| Untracked 
| 319|0x000000009e700000, 0x000000009e700000, 0x000000009e800000|  0%| F|  |TAMS 0x000000009e700000, 0x000000009e700000| Untracked 
| 320|0x000000009e800000, 0x000000009e800000, 0x000000009e900000|  0%| F|  |TAMS 0x000000009e800000, 0x000000009e800000| Untracked 
| 321|0x000000009e900000, 0x000000009e900000, 0x000000009ea00000|  0%| F|  |TAMS 0x000000009e900000, 0x000000009e900000| Untracked 
| 322|0x000000009ea00000, 0x000000009ea00000, 0x000000009eb00000|  0%| F|  |TAMS 0x000000009ea00000, 0x000000009ea00000| Untracked 
| 323|0x000000009eb00000, 0x000000009eb00000, 0x000000009ec00000|  0%| F|  |TAMS 0x000000009eb00000, 0x000000009eb00000| Untracked 
| 324|0x000000009ec00000, 0x000000009ec00000, 0x000000009ed00000|  0%| F|  |TAMS 0x000000009ec00000, 0x000000009ec00000| Untracked 
| 325|0x000000009ed00000, 0x000000009ed00000, 0x000000009ee00000|  0%| F|  |TAMS 0x000000009ed00000, 0x000000009ed00000| Untracked 
| 326|0x000000009ee00000, 0x000000009ee00000, 0x000000009ef00000|  0%| F|  |TAMS 0x000000009ee00000, 0x000000009ee00000| Untracked 
| 327|0x000000009ef00000, 0x000000009ef00000, 0x000000009f000000|  0%| F|  |TAMS 0x000000009ef00000, 0x000000009ef00000| Untracked 
| 328|0x000000009f000000, 0x000000009f000000, 0x000000009f100000|  0%| F|  |TAMS 0x000000009f000000, 0x000000009f000000| Untracked 
| 329|0x000000009f100000, 0x000000009f100000, 0x000000009f200000|  0%| F|  |TAMS 0x000000009f100000, 0x000000009f100000| Untracked 
| 330|0x000000009f200000, 0x000000009f200000, 0x000000009f300000|  0%| F|  |TAMS 0x000000009f200000, 0x000000009f200000| Untracked 
| 331|0x000000009f300000, 0x000000009f300000, 0x000000009f400000|  0%| F|  |TAMS 0x000000009f300000, 0x000000009f300000| Untracked 
| 332|0x000000009f400000, 0x000000009f400000, 0x000000009f500000|  0%| F|  |TAMS 0x000000009f400000, 0x000000009f400000| Untracked 
| 333|0x000000009f500000, 0x000000009f500000, 0x000000009f600000|  0%| F|  |TAMS 0x000000009f500000, 0x000000009f500000| Untracked 
| 334|0x000000009f600000, 0x000000009f600000, 0x000000009f700000|  0%| F|  |TAMS 0x000000009f600000, 0x000000009f600000| Untracked 
| 335|0x000000009f700000, 0x000000009f700000, 0x000000009f800000|  0%| F|  |TAMS 0x000000009f700000, 0x000000009f700000| Untracked 
| 336|0x000000009f800000, 0x000000009f800000, 0x000000009f900000|  0%| F|  |TAMS 0x000000009f800000, 0x000000009f800000| Untracked 
| 337|0x000000009f900000, 0x000000009f900000, 0x000000009fa00000|  0%| F|  |TAMS 0x000000009f900000, 0x000000009f900000| Untracked 
| 338|0x000000009fa00000, 0x000000009fa00000, 0x000000009fb00000|  0%| F|  |TAMS 0x000000009fa00000, 0x000000009fa00000| Untracked 
| 339|0x000000009fb00000, 0x000000009fb00000, 0x000000009fc00000|  0%| F|  |TAMS 0x000000009fb00000, 0x000000009fb00000| Untracked 
| 340|0x000000009fc00000, 0x000000009fc00000, 0x000000009fd00000|  0%| F|  |TAMS 0x000000009fc00000, 0x000000009fc00000| Untracked 
| 341|0x000000009fd00000, 0x000000009fd00000, 0x000000009fe00000|  0%| F|  |TAMS 0x000000009fd00000, 0x000000009fd00000| Untracked 
| 342|0x000000009fe00000, 0x000000009fe00000, 0x000000009ff00000|  0%| F|  |TAMS 0x000000009fe00000, 0x000000009fe00000| Untracked 
| 343|0x000000009ff00000, 0x000000009ff00000, 0x00000000a0000000|  0%| F|  |TAMS 0x000000009ff00000, 0x000000009ff00000| Untracked 
| 344|0x00000000a0000000, 0x00000000a0000000, 0x00000000a0100000|  0%| F|  |TAMS 0x00000000a0000000, 0x00000000a0000000| Untracked 
| 345|0x00000000a0100000, 0x00000000a0100000, 0x00000000a0200000|  0%| F|  |TAMS 0x00000000a0100000, 0x00000000a0100000| Untracked 
| 346|0x00000000a0200000, 0x00000000a0200000, 0x00000000a0300000|  0%| F|  |TAMS 0x00000000a0200000, 0x00000000a0200000| Untracked 
| 347|0x00000000a0300000, 0x00000000a0300000, 0x00000000a0400000|  0%| F|  |TAMS 0x00000000a0300000, 0x00000000a0300000| Untracked 
| 348|0x00000000a0400000, 0x00000000a0400000, 0x00000000a0500000|  0%| F|  |TAMS 0x00000000a0400000, 0x00000000a0400000| Untracked 
| 349|0x00000000a0500000, 0x00000000a0500000, 0x00000000a0600000|  0%| F|  |TAMS 0x00000000a0500000, 0x00000000a0500000| Untracked 
| 350|0x00000000a0600000, 0x00000000a0600000, 0x00000000a0700000|  0%| F|  |TAMS 0x00000000a0600000, 0x00000000a0600000| Untracked 
| 351|0x00000000a0700000, 0x00000000a0700000, 0x00000000a0800000|  0%| F|  |TAMS 0x00000000a0700000, 0x00000000a0700000| Untracked 
| 352|0x00000000a0800000, 0x00000000a0800000, 0x00000000a0900000|  0%| F|  |TAMS 0x00000000a0800000, 0x00000000a0800000| Untracked 
| 353|0x00000000a0900000, 0x00000000a0900000, 0x00000000a0a00000|  0%| F|  |TAMS 0x00000000a0900000, 0x00000000a0900000| Untracked 
| 354|0x00000000a0a00000, 0x00000000a0a00000, 0x00000000a0b00000|  0%| F|  |TAMS 0x00000000a0a00000, 0x00000000a0a00000| Untracked 
| 355|0x00000000a0b00000, 0x00000000a0b00000, 0x00000000a0c00000|  0%| F|  |TAMS 0x00000000a0b00000, 0x00000000a0b00000| Untracked 
| 356|0x00000000a0c00000, 0x00000000a0c00000, 0x00000000a0d00000|  0%| F|  |TAMS 0x00000000a0c00000, 0x00000000a0c00000| Untracked 
| 357|0x00000000a0d00000, 0x00000000a0d00000, 0x00000000a0e00000|  0%| F|  |TAMS 0x00000000a0d00000, 0x00000000a0d00000| Untracked 
| 358|0x00000000a0e00000, 0x00000000a0e00000, 0x00000000a0f00000|  0%| F|  |TAMS 0x00000000a0e00000, 0x00000000a0e00000| Untracked 
| 359|0x00000000a0f00000, 0x00000000a0f00000, 0x00000000a1000000|  0%| F|  |TAMS 0x00000000a0f00000, 0x00000000a0f00000| Untracked 
| 360|0x00000000a1000000, 0x00000000a1000000, 0x00000000a1100000|  0%| F|  |TAMS 0x00000000a1000000, 0x00000000a1000000| Untracked 
| 361|0x00000000a1100000, 0x00000000a1100000, 0x00000000a1200000|  0%| F|  |TAMS 0x00000000a1100000, 0x00000000a1100000| Untracked 
| 362|0x00000000a1200000, 0x00000000a1200000, 0x00000000a1300000|  0%| F|  |TAMS 0x00000000a1200000, 0x00000000a1200000| Untracked 
| 363|0x00000000a1300000, 0x00000000a1300000, 0x00000000a1400000|  0%| F|  |TAMS 0x00000000a1300000, 0x00000000a1300000| Untracked 
| 364|0x00000000a1400000, 0x00000000a1400000, 0x00000000a1500000|  0%| F|  |TAMS 0x00000000a1400000, 0x00000000a1400000| Untracked 
| 365|0x00000000a1500000, 0x00000000a1500000, 0x00000000a1600000|  0%| F|  |TAMS 0x00000000a1500000, 0x00000000a1500000| Untracked 
| 366|0x00000000a1600000, 0x00000000a1600000, 0x00000000a1700000|  0%| F|  |TAMS 0x00000000a1600000, 0x00000000a1600000| Untracked 
| 367|0x00000000a1700000, 0x00000000a1700000, 0x00000000a1800000|  0%| F|  |TAMS 0x00000000a1700000, 0x00000000a1700000| Untracked 
| 368|0x00000000a1800000, 0x00000000a1800000, 0x00000000a1900000|  0%| F|  |TAMS 0x00000000a1800000, 0x00000000a1800000| Untracked 
| 369|0x00000000a1900000, 0x00000000a1900000, 0x00000000a1a00000|  0%| F|  |TAMS 0x00000000a1900000, 0x00000000a1900000| Untracked 
| 370|0x00000000a1a00000, 0x00000000a1a00000, 0x00000000a1b00000|  0%| F|  |TAMS 0x00000000a1a00000, 0x00000000a1a00000| Untracked 
| 371|0x00000000a1b00000, 0x00000000a1b00000, 0x00000000a1c00000|  0%| F|  |TAMS 0x00000000a1b00000, 0x00000000a1b00000| Untracked 
| 372|0x00000000a1c00000, 0x00000000a1c00000, 0x00000000a1d00000|  0%| F|  |TAMS 0x00000000a1c00000, 0x00000000a1c00000| Untracked 
| 373|0x00000000a1d00000, 0x00000000a1d00000, 0x00000000a1e00000|  0%| F|  |TAMS 0x00000000a1d00000, 0x00000000a1d00000| Untracked 
| 374|0x00000000a1e00000, 0x00000000a1e00000, 0x00000000a1f00000|  0%| F|  |TAMS 0x00000000a1e00000, 0x00000000a1e00000| Untracked 
| 375|0x00000000a1f00000, 0x00000000a1f00000, 0x00000000a2000000|  0%| F|  |TAMS 0x00000000a1f00000, 0x00000000a1f00000| Untracked 
| 376|0x00000000a2000000, 0x00000000a2000000, 0x00000000a2100000|  0%| F|  |TAMS 0x00000000a2000000, 0x00000000a2000000| Untracked 
| 377|0x00000000a2100000, 0x00000000a2100000, 0x00000000a2200000|  0%| F|  |TAMS 0x00000000a2100000, 0x00000000a2100000| Untracked 
| 378|0x00000000a2200000, 0x00000000a2200000, 0x00000000a2300000|  0%| F|  |TAMS 0x00000000a2200000, 0x00000000a2200000| Untracked 
| 379|0x00000000a2300000, 0x00000000a2300000, 0x00000000a2400000|  0%| F|  |TAMS 0x00000000a2300000, 0x00000000a2300000| Untracked 
| 380|0x00000000a2400000, 0x00000000a2400000, 0x00000000a2500000|  0%| F|  |TAMS 0x00000000a2400000, 0x00000000a2400000| Untracked 
| 381|0x00000000a2500000, 0x00000000a2500000, 0x00000000a2600000|  0%| F|  |TAMS 0x00000000a2500000, 0x00000000a2500000| Untracked 
| 382|0x00000000a2600000, 0x00000000a2600000, 0x00000000a2700000|  0%| F|  |TAMS 0x00000000a2600000, 0x00000000a2600000| Untracked 
| 383|0x00000000a2700000, 0x00000000a2700000, 0x00000000a2800000|  0%| F|  |TAMS 0x00000000a2700000, 0x00000000a2700000| Untracked 
| 384|0x00000000a2800000, 0x00000000a2800000, 0x00000000a2900000|  0%| F|  |TAMS 0x00000000a2800000, 0x00000000a2800000| Untracked 
| 385|0x00000000a2900000, 0x00000000a2900000, 0x00000000a2a00000|  0%| F|  |TAMS 0x00000000a2900000, 0x00000000a2900000| Untracked 
| 386|0x00000000a2a00000, 0x00000000a2a00000, 0x00000000a2b00000|  0%| F|  |TAMS 0x00000000a2a00000, 0x00000000a2a00000| Untracked 
| 387|0x00000000a2b00000, 0x00000000a2b00000, 0x00000000a2c00000|  0%| F|  |TAMS 0x00000000a2b00000, 0x00000000a2b00000| Untracked 
| 388|0x00000000a2c00000, 0x00000000a2c00000, 0x00000000a2d00000|  0%| F|  |TAMS 0x00000000a2c00000, 0x00000000a2c00000| Untracked 
| 389|0x00000000a2d00000, 0x00000000a2d00000, 0x00000000a2e00000|  0%| F|  |TAMS 0x00000000a2d00000, 0x00000000a2d00000| Untracked 
| 390|0x00000000a2e00000, 0x00000000a2e00000, 0x00000000a2f00000|  0%| F|  |TAMS 0x00000000a2e00000, 0x00000000a2e00000| Untracked 
| 391|0x00000000a2f00000, 0x00000000a2f00000, 0x00000000a3000000|  0%| F|  |TAMS 0x00000000a2f00000, 0x00000000a2f00000| Untracked 
| 392|0x00000000a3000000, 0x00000000a3000000, 0x00000000a3100000|  0%| F|  |TAMS 0x00000000a3000000, 0x00000000a3000000| Untracked 
| 393|0x00000000a3100000, 0x00000000a3100000, 0x00000000a3200000|  0%| F|  |TAMS 0x00000000a3100000, 0x00000000a3100000| Untracked 
| 394|0x00000000a3200000, 0x00000000a3200000, 0x00000000a3300000|  0%| F|  |TAMS 0x00000000a3200000, 0x00000000a3200000| Untracked 
| 395|0x00000000a3300000, 0x00000000a3300000, 0x00000000a3400000|  0%| F|  |TAMS 0x00000000a3300000, 0x00000000a3300000| Untracked 
| 396|0x00000000a3400000, 0x00000000a3400000, 0x00000000a3500000|  0%| F|  |TAMS 0x00000000a3400000, 0x00000000a3400000| Untracked 
| 397|0x00000000a3500000, 0x00000000a3500000, 0x00000000a3600000|  0%| F|  |TAMS 0x00000000a3500000, 0x00000000a3500000| Untracked 
| 398|0x00000000a3600000, 0x00000000a3600000, 0x00000000a3700000|  0%| F|  |TAMS 0x00000000a3600000, 0x00000000a3600000| Untracked 
| 399|0x00000000a3700000, 0x00000000a3700000, 0x00000000a3800000|  0%| F|  |TAMS 0x00000000a3700000, 0x00000000a3700000| Untracked 
| 400|0x00000000a3800000, 0x00000000a3800000, 0x00000000a3900000|  0%| F|  |TAMS 0x00000000a3800000, 0x00000000a3800000| Untracked 
| 401|0x00000000a3900000, 0x00000000a3900000, 0x00000000a3a00000|  0%| F|  |TAMS 0x00000000a3900000, 0x00000000a3900000| Untracked 
| 402|0x00000000a3a00000, 0x00000000a3a00000, 0x00000000a3b00000|  0%| F|  |TAMS 0x00000000a3a00000, 0x00000000a3a00000| Untracked 
| 403|0x00000000a3b00000, 0x00000000a3b00000, 0x00000000a3c00000|  0%| F|  |TAMS 0x00000000a3b00000, 0x00000000a3b00000| Untracked 
| 404|0x00000000a3c00000, 0x00000000a3c00000, 0x00000000a3d00000|  0%| F|  |TAMS 0x00000000a3c00000, 0x00000000a3c00000| Untracked 
| 405|0x00000000a3d00000, 0x00000000a3d00000, 0x00000000a3e00000|  0%| F|  |TAMS 0x00000000a3d00000, 0x00000000a3d00000| Untracked 
| 406|0x00000000a3e00000, 0x00000000a3e00000, 0x00000000a3f00000|  0%| F|  |TAMS 0x00000000a3e00000, 0x00000000a3e00000| Untracked 
| 407|0x00000000a3f00000, 0x00000000a3f00000, 0x00000000a4000000|  0%| F|  |TAMS 0x00000000a3f00000, 0x00000000a3f00000| Untracked 
| 408|0x00000000a4000000, 0x00000000a4000000, 0x00000000a4100000|  0%| F|  |TAMS 0x00000000a4000000, 0x00000000a4000000| Untracked 
| 409|0x00000000a4100000, 0x00000000a4100000, 0x00000000a4200000|  0%| F|  |TAMS 0x00000000a4100000, 0x00000000a4100000| Untracked 
| 410|0x00000000a4200000, 0x00000000a4200000, 0x00000000a4300000|  0%| F|  |TAMS 0x00000000a4200000, 0x00000000a4200000| Untracked 
| 411|0x00000000a4300000, 0x00000000a4300000, 0x00000000a4400000|  0%| F|  |TAMS 0x00000000a4300000, 0x00000000a4300000| Untracked 
| 412|0x00000000a4400000, 0x00000000a4400000, 0x00000000a4500000|  0%| F|  |TAMS 0x00000000a4400000, 0x00000000a4400000| Untracked 
| 413|0x00000000a4500000, 0x00000000a4500000, 0x00000000a4600000|  0%| F|  |TAMS 0x00000000a4500000, 0x00000000a4500000| Untracked 
| 414|0x00000000a4600000, 0x00000000a4600000, 0x00000000a4700000|  0%| F|  |TAMS 0x00000000a4600000, 0x00000000a4600000| Untracked 
| 415|0x00000000a4700000, 0x00000000a4700000, 0x00000000a4800000|  0%| F|  |TAMS 0x00000000a4700000, 0x00000000a4700000| Untracked 
| 416|0x00000000a4800000, 0x00000000a4800000, 0x00000000a4900000|  0%| F|  |TAMS 0x00000000a4800000, 0x00000000a4800000| Untracked 
| 417|0x00000000a4900000, 0x00000000a4900000, 0x00000000a4a00000|  0%| F|  |TAMS 0x00000000a4900000, 0x00000000a4900000| Untracked 
| 418|0x00000000a4a00000, 0x00000000a4a00000, 0x00000000a4b00000|  0%| F|  |TAMS 0x00000000a4a00000, 0x00000000a4a00000| Untracked 
| 419|0x00000000a4b00000, 0x00000000a4b00000, 0x00000000a4c00000|  0%| F|  |TAMS 0x00000000a4b00000, 0x00000000a4b00000| Untracked 
| 420|0x00000000a4c00000, 0x00000000a4c00000, 0x00000000a4d00000|  0%| F|  |TAMS 0x00000000a4c00000, 0x00000000a4c00000| Untracked 
| 421|0x00000000a4d00000, 0x00000000a4d00000, 0x00000000a4e00000|  0%| F|  |TAMS 0x00000000a4d00000, 0x00000000a4d00000| Untracked 
| 422|0x00000000a4e00000, 0x00000000a4e00000, 0x00000000a4f00000|  0%| F|  |TAMS 0x00000000a4e00000, 0x00000000a4e00000| Untracked 
| 423|0x00000000a4f00000, 0x00000000a4f00000, 0x00000000a5000000|  0%| F|  |TAMS 0x00000000a4f00000, 0x00000000a4f00000| Untracked 
| 424|0x00000000a5000000, 0x00000000a5000000, 0x00000000a5100000|  0%| F|  |TAMS 0x00000000a5000000, 0x00000000a5000000| Untracked 
| 425|0x00000000a5100000, 0x00000000a5100000, 0x00000000a5200000|  0%| F|  |TAMS 0x00000000a5100000, 0x00000000a5100000| Untracked 
| 426|0x00000000a5200000, 0x00000000a5200000, 0x00000000a5300000|  0%| F|  |TAMS 0x00000000a5200000, 0x00000000a5200000| Untracked 
| 427|0x00000000a5300000, 0x00000000a5300000, 0x00000000a5400000|  0%| F|  |TAMS 0x00000000a5300000, 0x00000000a5300000| Untracked 
| 428|0x00000000a5400000, 0x00000000a5400000, 0x00000000a5500000|  0%| F|  |TAMS 0x00000000a5400000, 0x00000000a5400000| Untracked 
| 429|0x00000000a5500000, 0x00000000a5500000, 0x00000000a5600000|  0%| F|  |TAMS 0x00000000a5500000, 0x00000000a5500000| Untracked 
| 430|0x00000000a5600000, 0x00000000a5600000, 0x00000000a5700000|  0%| F|  |TAMS 0x00000000a5600000, 0x00000000a5600000| Untracked 
| 431|0x00000000a5700000, 0x00000000a5700000, 0x00000000a5800000|  0%| F|  |TAMS 0x00000000a5700000, 0x00000000a5700000| Untracked 
| 432|0x00000000a5800000, 0x00000000a5800000, 0x00000000a5900000|  0%| F|  |TAMS 0x00000000a5800000, 0x00000000a5800000| Untracked 
| 433|0x00000000a5900000, 0x00000000a5900000, 0x00000000a5a00000|  0%| F|  |TAMS 0x00000000a5900000, 0x00000000a5900000| Untracked 
| 434|0x00000000a5a00000, 0x00000000a5a00000, 0x00000000a5b00000|  0%| F|  |TAMS 0x00000000a5a00000, 0x00000000a5a00000| Untracked 
| 435|0x00000000a5b00000, 0x00000000a5b00000, 0x00000000a5c00000|  0%| F|  |TAMS 0x00000000a5b00000, 0x00000000a5b00000| Untracked 
| 436|0x00000000a5c00000, 0x00000000a5c00000, 0x00000000a5d00000|  0%| F|  |TAMS 0x00000000a5c00000, 0x00000000a5c00000| Untracked 
| 437|0x00000000a5d00000, 0x00000000a5d00000, 0x00000000a5e00000|  0%| F|  |TAMS 0x00000000a5d00000, 0x00000000a5d00000| Untracked 
| 438|0x00000000a5e00000, 0x00000000a5e00000, 0x00000000a5f00000|  0%| F|  |TAMS 0x00000000a5e00000, 0x00000000a5e00000| Untracked 
| 439|0x00000000a5f00000, 0x00000000a5f00000, 0x00000000a6000000|  0%| F|  |TAMS 0x00000000a5f00000, 0x00000000a5f00000| Untracked 
| 440|0x00000000a6000000, 0x00000000a6000000, 0x00000000a6100000|  0%| F|  |TAMS 0x00000000a6000000, 0x00000000a6000000| Untracked 

Card table byte_map: [0x0000019eaccd0000,0x0000019ead080000] _byte_map_base: 0x0000019eac87c000

Marking Bits (Prev, Next): (CMBitMap*) 0x0000019ea003c330, (CMBitMap*) 0x0000019ea003c2f0
 Prev Bits: [0x0000019eaf190000, 0x0000019eb0ef0000)
 Next Bits: [0x0000019ead430000, 0x0000019eaf190000)

Polling page: 0x0000019e9fad0000

Metaspace:

Usage:
  Non-class:     71.24 MB used.
      Class:     11.67 MB used.
       Both:     82.92 MB used.

Virtual space:
  Non-class space:      128.00 MB reserved,      71.62 MB ( 56%) committed,  2 nodes.
      Class space:        1.00 GB reserved,      12.00 MB (  1%) committed,  1 nodes.
             Both:        1.12 GB reserved,      83.62 MB (  7%) committed. 

Chunk freelists:
   Non-Class:  7.92 MB
       Class:  3.91 MB
        Both:  11.82 MB

MaxMetaspaceSize: unlimited
CompressedClassSpaceSize: 1.00 GB
Initial GC threshold: 21.00 MB
Current GC threshold: 139.31 MB
CDS: on
MetaspaceReclaimPolicy: balanced
 - commit_granule_bytes: 65536.
 - commit_granule_words: 8192.
 - virtual_space_node_default_size: 8388608.
 - enlarge_chunks_in_place: 1.
 - new_chunks_are_fully_committed: 0.
 - uncommit_free_chunks: 1.
 - use_allocation_guard: 0.
 - handle_deallocations: 1.


Internal statistics:

num_allocs_failed_limit: 9.
num_arena_births: 958.
num_arena_deaths: 20.
num_vsnodes_births: 3.
num_vsnodes_deaths: 0.
num_space_committed: 1338.
num_space_uncommitted: 0.
num_chunks_returned_to_freelist: 39.
num_chunks_taken_from_freelist: 4036.
num_chunk_merges: 20.
num_chunk_splits: 2955.
num_chunks_enlarged: 2323.
num_inconsistent_stats: 0.

CodeCache: size=49152Kb used=18872Kb max_used=20455Kb free=30279Kb
 bounds [0x0000019ea8e10000, 0x0000019eaa280000, 0x0000019eabe10000]
 total_blobs=11819 nmethods=11051 adapters=694
 compilation: enabled
              stopped_count=0, restarted_count=0
 full_count=0

Compilation events (20 events):
Event: 43.903 Thread 0x0000019ef902a1b0 11042       1       java.util.concurrent.ThreadPoolExecutor::afterExecute (1 bytes)
Event: 43.903 Thread 0x0000019ef902a1b0 nmethod 11042 0x0000019eaa122610 code [0x0000019eaa1227a0, 0x0000019eaa122858]
Event: 45.133 Thread 0x0000019ef902a1b0 11043       1       java.util.concurrent.ScheduledThreadPoolExecutor$ScheduledFutureTask::compareTo (9 bytes)
Event: 45.134 Thread 0x0000019ef902a1b0 nmethod 11043 0x0000019eaa122290 code [0x0000019eaa122420, 0x0000019eaa122548]
Event: 45.134 Thread 0x0000019ef902a1b0 11044       1       java.util.concurrent.ScheduledThreadPoolExecutor$ScheduledFutureTask::compareTo (101 bytes)
Event: 45.134 Thread 0x0000019ef902a1b0 nmethod 11044 0x0000019eaa121b10 code [0x0000019eaa121d00, 0x0000019eaa122158]
Event: 45.349 Thread 0x0000019ef902a1b0 11045       1       java.util.concurrent.ScheduledThreadPoolExecutor$ScheduledFutureTask::run (57 bytes)
Event: 45.349 Thread 0x0000019ef902a1b0 nmethod 11045 0x0000019eaa121590 code [0x0000019eaa121780, 0x0000019eaa1219b8]
Event: 45.349 Thread 0x0000019ef902a1b0 11046       1       java.util.concurrent.ScheduledThreadPoolExecutor$ScheduledFutureTask::isPeriodic (15 bytes)
Event: 45.350 Thread 0x0000019ef902a1b0 nmethod 11046 0x0000019eaa121290 code [0x0000019eaa121420, 0x0000019eaa121518]
Event: 45.350 Thread 0x0000019ef902a1b0 11047   !   1       java.util.concurrent.FutureTask::runAndReset (125 bytes)
Event: 45.350 Thread 0x0000019ef902a1b0 nmethod 11047 0x0000019eaa120190 code [0x0000019eaa120400, 0x0000019eaa120d78]
Event: 45.350 Thread 0x0000019ef902a1b0 11048       1       java.util.concurrent.Executors$RunnableAdapter::call (14 bytes)
Event: 45.350 Thread 0x0000019ef902a1b0 nmethod 11048 0x0000019eaa11fe90 code [0x0000019eaa120020, 0x0000019eaa120128]
Event: 45.350 Thread 0x0000019ef902a1b0 11049       1       java.util.concurrent.ScheduledThreadPoolExecutor$ScheduledFutureTask::setNextRunTime (38 bytes)
Event: 45.351 Thread 0x0000019ef902a1b0 nmethod 11049 0x0000019eaa11fa10 code [0x0000019eaa11fbc0, 0x0000019eaa11fda8]
Event: 45.351 Thread 0x0000019ef902a1b0 11050       1       java.util.concurrent.ScheduledThreadPoolExecutor::reExecutePeriodic (49 bytes)
Event: 45.351 Thread 0x0000019ef902a1b0 nmethod 11050 0x0000019eaa11f410 code [0x0000019eaa11f600, 0x0000019eaa11f868]
Event: 45.563 Thread 0x0000019ef902a1b0 11051       1       java.util.concurrent.ScheduledThreadPoolExecutor$DelayedWorkQueue::finishPoll (43 bytes)
Event: 45.563 Thread 0x0000019ef902a1b0 nmethod 11051 0x0000019eaa11ef10 code [0x0000019eaa11f0c0, 0x0000019eaa11f2c8]

GC Heap History (20 events):
Event: 25.710 GC heap after
{Heap after GC invocations=44 (full 0):
 garbage-first heap   total 451584K, used 92638K [0x000000008a800000, 0x0000000100000000)
  region size 1024K, 2 young (2048K), 2 survivors (2048K)
 Metaspace       used 84881K, committed 85568K, reserved 1179648K
  class space    used 11950K, committed 12288K, reserved 1048576K
}
Event: 27.573 GC heap before
{Heap before GC invocations=44 (full 0):
 garbage-first heap   total 451584K, used 148958K [0x000000008a800000, 0x0000000100000000)
  region size 1024K, 57 young (58368K), 2 survivors (2048K)
 Metaspace       used 84900K, committed 85632K, reserved 1179648K
  class space    used 11953K, committed 12288K, reserved 1048576K
}
Event: 27.582 GC heap after
{Heap after GC invocations=45 (full 0):
 garbage-first heap   total 451584K, used 99518K [0x000000008a800000, 0x0000000100000000)
  region size 1024K, 7 young (7168K), 7 survivors (7168K)
 Metaspace       used 84900K, committed 85632K, reserved 1179648K
  class space    used 11953K, committed 12288K, reserved 1048576K
}
Event: 35.235 GC heap before
{Heap before GC invocations=46 (full 0):
 garbage-first heap   total 331776K, used 294078K [0x000000008a800000, 0x0000000100000000)
  region size 1024K, 194 young (198656K), 7 survivors (7168K)
 Metaspace       used 84904K, committed 85632K, reserved 1179648K
  class space    used 11954K, committed 12288K, reserved 1048576K
}
Event: 35.248 GC heap after
{Heap after GC invocations=47 (full 0):
 garbage-first heap   total 331776K, used 114142K [0x000000008a800000, 0x0000000100000000)
  region size 1024K, 23 young (23552K), 23 survivors (23552K)
 Metaspace       used 84904K, committed 85632K, reserved 1179648K
  class space    used 11954K, committed 12288K, reserved 1048576K
}
Event: 35.251 GC heap before
{Heap before GC invocations=47 (full 0):
 garbage-first heap   total 331776K, used 115166K [0x000000008a800000, 0x0000000100000000)
  region size 1024K, 24 young (24576K), 23 survivors (23552K)
 Metaspace       used 84904K, committed 85632K, reserved 1179648K
  class space    used 11954K, committed 12288K, reserved 1048576K
}
Event: 35.258 GC heap after
{Heap after GC invocations=48 (full 0):
 garbage-first heap   total 331776K, used 115350K [0x000000008a800000, 0x0000000100000000)
  region size 1024K, 2 young (2048K), 2 survivors (2048K)
 Metaspace       used 84904K, committed 85632K, reserved 1179648K
  class space    used 11954K, committed 12288K, reserved 1048576K
}
Event: 35.295 GC heap before
{Heap before GC invocations=48 (full 0):
 garbage-first heap   total 331776K, used 137878K [0x000000008a800000, 0x0000000100000000)
  region size 1024K, 25 young (25600K), 2 survivors (2048K)
 Metaspace       used 84904K, committed 85632K, reserved 1179648K
  class space    used 11954K, committed 12288K, reserved 1048576K
}
Event: 35.299 GC heap after
{Heap after GC invocations=49 (full 0):
 garbage-first heap   total 331776K, used 116191K [0x000000008a800000, 0x0000000100000000)
  region size 1024K, 3 young (3072K), 3 survivors (3072K)
 Metaspace       used 84904K, committed 85632K, reserved 1179648K
  class space    used 11954K, committed 12288K, reserved 1048576K
}
Event: 41.046 GC heap before
{Heap before GC invocations=50 (full 0):
 garbage-first heap   total 331776K, used 261599K [0x000000008a800000, 0x0000000100000000)
  region size 1024K, 141 young (144384K), 3 survivors (3072K)
 Metaspace       used 84907K, committed 85632K, reserved 1179648K
  class space    used 11954K, committed 12288K, reserved 1048576K
}
Event: 41.056 GC heap after
{Heap after GC invocations=51 (full 0):
 garbage-first heap   total 331776K, used 130295K [0x000000008a800000, 0x0000000100000000)
  region size 1024K, 14 young (14336K), 14 survivors (14336K)
 Metaspace       used 84907K, committed 85632K, reserved 1179648K
  class space    used 11954K, committed 12288K, reserved 1048576K
}
Event: 41.060 GC heap before
{Heap before GC invocations=51 (full 0):
 garbage-first heap   total 331776K, used 132343K [0x000000008a800000, 0x0000000100000000)
  region size 1024K, 16 young (16384K), 14 survivors (14336K)
 Metaspace       used 84907K, committed 85632K, reserved 1179648K
  class space    used 11954K, committed 12288K, reserved 1048576K
}
Event: 41.066 GC heap after
{Heap after GC invocations=52 (full 0):
 garbage-first heap   total 331776K, used 131751K [0x000000008a800000, 0x0000000100000000)
  region size 1024K, 2 young (2048K), 2 survivors (2048K)
 Metaspace       used 84907K, committed 85632K, reserved 1179648K
  class space    used 11954K, committed 12288K, reserved 1048576K
}
Event: 41.098 GC heap before
{Heap before GC invocations=52 (full 0):
 garbage-first heap   total 331776K, used 152231K [0x000000008a800000, 0x0000000100000000)
  region size 1024K, 23 young (23552K), 2 survivors (2048K)
 Metaspace       used 84907K, committed 85632K, reserved 1179648K
  class space    used 11954K, committed 12288K, reserved 1048576K
}
Event: 41.102 GC heap after
{Heap after GC invocations=53 (full 0):
 garbage-first heap   total 331776K, used 131923K [0x000000008a800000, 0x0000000100000000)
  region size 1024K, 3 young (3072K), 3 survivors (3072K)
 Metaspace       used 84907K, committed 85632K, reserved 1179648K
  class space    used 11954K, committed 12288K, reserved 1048576K
}
Event: 46.660 GC heap before
{Heap before GC invocations=54 (full 0):
 garbage-first heap   total 331776K, used 268115K [0x000000008a800000, 0x0000000100000000)
  region size 1024K, 134 young (137216K), 3 survivors (3072K)
 Metaspace       used 84907K, committed 85632K, reserved 1179648K
  class space    used 11954K, committed 12288K, reserved 1048576K
}
Event: 46.668 GC heap after
{Heap after GC invocations=55 (full 0):
 garbage-first heap   total 331776K, used 143352K [0x000000008a800000, 0x0000000100000000)
  region size 1024K, 14 young (14336K), 14 survivors (14336K)
 Metaspace       used 84907K, committed 85632K, reserved 1179648K
  class space    used 11954K, committed 12288K, reserved 1048576K
}
Event: 46.672 GC heap before
{Heap before GC invocations=55 (full 0):
 garbage-first heap   total 331776K, used 145400K [0x000000008a800000, 0x0000000100000000)
  region size 1024K, 16 young (16384K), 14 survivors (14336K)
 Metaspace       used 84907K, committed 85632K, reserved 1179648K
  class space    used 11954K, committed 12288K, reserved 1048576K
}
Event: 46.676 GC heap after
{Heap after GC invocations=56 (full 0):
 garbage-first heap   total 331776K, used 145046K [0x000000008a800000, 0x0000000100000000)
  region size 1024K, 2 young (2048K), 2 survivors (2048K)
 Metaspace       used 84907K, committed 85632K, reserved 1179648K
  class space    used 11954K, committed 12288K, reserved 1048576K
}
Event: 46.713 GC heap before
{Heap before GC invocations=56 (full 0):
 garbage-first heap   total 331776K, used 170646K [0x000000008a800000, 0x0000000100000000)
  region size 1024K, 28 young (28672K), 2 survivors (2048K)
 Metaspace       used 84907K, committed 85632K, reserved 1179648K
  class space    used 11954K, committed 12288K, reserved 1048576K
}

Deoptimization events (4 events):
Event: 4.614 Thread 0x0000019ef9f88330 DEOPT PACKING pc=0x0000019ea98f30f4 sp=0x0000005f733fc0f0
Event: 4.614 Thread 0x0000019ef9f88330 DEOPT UNPACKING pc=0x0000019ea8e62b43 sp=0x0000005f733fb588 mode 0
Event: 6.667 Thread 0x0000019efbe8b840 DEOPT PACKING pc=0x0000019ea978b19c sp=0x0000005f752fdea0
Event: 6.667 Thread 0x0000019efbe8b840 DEOPT UNPACKING pc=0x0000019ea8e62b43 sp=0x0000005f752fd360 mode 0

Classes unloaded (10 events):
Event: 16.285 Thread 0x0000019eb38caf10 Unloading class 0x0000019eb5b80c00 'java/lang/invoke/LambdaForm$DMH+0x0000019eb5b80c00'
Event: 16.285 Thread 0x0000019eb38caf10 Unloading class 0x0000019eb5b80400 'java/lang/invoke/LambdaForm$DMH+0x0000019eb5b80400'
Event: 16.285 Thread 0x0000019eb38caf10 Unloading class 0x0000019eb5b80000 'java/lang/invoke/LambdaForm$DMH+0x0000019eb5b80000'
Event: 16.285 Thread 0x0000019eb38caf10 Unloading class 0x0000019eb5b18c00 'java/lang/invoke/LambdaForm$DMH+0x0000019eb5b18c00'
Event: 16.285 Thread 0x0000019eb38caf10 Unloading class 0x0000019eb5b18800 'java/lang/invoke/LambdaForm$DMH+0x0000019eb5b18800'
Event: 16.285 Thread 0x0000019eb38caf10 Unloading class 0x0000019eb5b18400 'java/lang/invoke/LambdaForm$DMH+0x0000019eb5b18400'
Event: 21.946 Thread 0x0000019eb38caf10 Unloading class 0x0000019eb5bf5000 'java/lang/invoke/LambdaForm$DMH+0x0000019eb5bf5000'
Event: 21.946 Thread 0x0000019eb38caf10 Unloading class 0x0000019eb5bf4c00 'java/lang/invoke/LambdaForm$DMH+0x0000019eb5bf4c00'
Event: 21.946 Thread 0x0000019eb38caf10 Unloading class 0x0000019eb5bf4800 'java/lang/invoke/LambdaForm$DMH+0x0000019eb5bf4800'
Event: 21.946 Thread 0x0000019eb38caf10 Unloading class 0x0000019eb5bf4400 'java/lang/invoke/LambdaForm$DMH+0x0000019eb5bf4400'

Classes redefined (0 events):
No events

Internal exceptions (20 events):
Event: 5.514 Thread 0x0000019ef9f88330 Exception <a 'java/lang/NoSuchMethodError'{0x00000000918b2e28}: 'java.lang.Object java.lang.invoke.DirectMethodHandle$Holder.invokeVirtual(java.lang.Object, java.lang.Object, int)'> (0x00000000918b2e28) 
thrown [s\open\src\hotspot\share\interpreter\linkResolver.cpp, line 759]
Event: 5.549 Thread 0x0000019ef9f88330 Exception <a 'java/lang/reflect/InvocationTargetException'{0x0000000091461760}> (0x0000000091461760) 
thrown [s\open\src\hotspot\share\runtime\reflection.cpp, line 1121]
Event: 5.549 Thread 0x0000019ef9f88330 Exception <a 'java/lang/reflect/InvocationTargetException'{0x00000000914686e0}> (0x00000000914686e0) 
thrown [s\open\src\hotspot\share\runtime\reflection.cpp, line 1121]
Event: 5.593 Thread 0x0000019ef9b7a9d0 Exception <a 'java/lang/reflect/InvocationTargetException'{0x0000000091001b90}> (0x0000000091001b90) 
thrown [s\open\src\hotspot\share\runtime\reflection.cpp, line 1121]
Event: 5.690 Thread 0x0000019ef9f88330 Exception <a 'java/lang/IncompatibleClassChangeError'{0x00000000909bd290}: Found class java.lang.Object, but interface was expected> (0x00000000909bd290) 
thrown [s\open\src\hotspot\share\interpreter\linkResolver.cpp, line 826]
Event: 5.884 Thread 0x0000019ef9f88330 Exception <a 'java/lang/NoSuchMethodError'{0x000000008f734f10}: 'java.lang.Object java.lang.invoke.DirectMethodHandle$Holder.invokeSpecial(java.lang.Object, java.lang.Object, java.lang.Object, java.lang.Object, java.lang.Object, java.lang.Object, java.lang.Object, java.lang.Object, java.lang.Object, java.lang.Object, java.lang.Object)'> (0x000000008f734f10) 
thrown [s\open\src\hotspot\share\interpreter\linkResolver.cpp, line 759]
Event: 5.884 Thread 0x0000019ef9f88330 Exception <a 'java/lang/NoSuchMethodError'{0x000000008f739340}: 'java.lang.Object java.lang.invoke.Invokers$Holder.invoke_MT(java.lang.Object, java.lang.Object, java.lang.Object, java.lang.Object, java.lang.Object, java.lang.Object, java.lang.Object, java.lang.Object, java.lang.Object, java.lang.Object, java.lang.Object)'> (0x000000008f739340) 
thrown [s\open\src\hotspot\share\interpreter\linkResolver.cpp, line 759]
Event: 5.967 Thread 0x0000019ef9f88330 Exception <a 'java/lang/NoSuchMethodError'{0x000000008ef31e78}: 'void java.lang.invoke.DirectMethodHandle$Holder.invokeVirtual(java.lang.Object, java.lang.Object, float)'> (0x000000008ef31e78) 
thrown [s\open\src\hotspot\share\interpreter\linkResolver.cpp, line 759]
Event: 5.978 Thread 0x0000019ef9f88330 Exception <a 'java/lang/NoSuchMethodError'{0x000000008ee3c3b8}: 'int java.lang.invoke.DirectMethodHandle$Holder.invokeStatic(java.lang.Object, java.lang.Object, java.lang.Object, java.lang.Object, java.lang.Object)'> (0x000000008ee3c3b8) 
thrown [s\open\src\hotspot\share\interpreter\linkResolver.cpp, line 759]
Event: 6.054 Thread 0x0000019ef9f88330 Exception <a 'java/lang/NoSuchMethodError'{0x000000008e8a9d28}: 'java.lang.Object java.lang.invoke.DirectMethodHandle$Holder.newInvokeSpecial(java.lang.Object, java.lang.Object, int, java.lang.Object, java.lang.Object)'> (0x000000008e8a9d28) 
thrown [s\open\src\hotspot\share\interpreter\linkResolver.cpp, line 759]
Event: 10.185 Thread 0x0000019efbe8b840 Exception <a 'java/lang/NoSuchMethodError'{0x0000000092a1f760}: 'java.lang.Object java.lang.invoke.DirectMethodHandle$Holder.newInvokeSpecial(java.lang.Object, int, java.lang.Object, java.lang.Object)'> (0x0000000092a1f760) 
thrown [s\open\src\hotspot\share\interpreter\linkResolver.cpp, line 759]
Event: 10.194 Thread 0x0000019efbe8b840 Exception <a 'java/lang/IncompatibleClassChangeError'{0x0000000092a77478}: Found class java.lang.Object, but interface was expected> (0x0000000092a77478) 
thrown [s\open\src\hotspot\share\interpreter\linkResolver.cpp, line 826]
Event: 21.252 Thread 0x0000019efbe899e0 Exception <a 'java/lang/NoSuchMethodError'{0x00000000927405d0}: 'java.lang.Object java.lang.invoke.DirectMethodHandle$Holder.invokeStaticInit(java.lang.Object, java.lang.Object, java.lang.Object, int, int)'> (0x00000000927405d0) 
thrown [s\open\src\hotspot\share\interpreter\linkResolver.cpp, line 759]
Event: 21.288 Thread 0x0000019efbcf30f0 Exception <a 'java/lang/NoSuchMethodError'{0x00000000926f9fd0}: 'java.lang.Object java.lang.invoke.DirectMethodHandle$Holder.invokeSpecial(java.lang.Object, java.lang.Object, java.lang.Object, java.lang.Object, java.lang.Object, long)'> (0x00000000926f9fd0) 
thrown [s\open\src\hotspot\share\interpreter\linkResolver.cpp, line 759]
Event: 21.289 Thread 0x0000019efbcf30f0 Exception <a 'java/lang/NoSuchMethodError'{0x00000000926fda10}: 'java.lang.Object java.lang.invoke.Invokers$Holder.linkToTargetMethod(java.lang.Object, java.lang.Object, java.lang.Object, long, java.lang.Object)'> (0x00000000926fda10) 
thrown [s\open\src\hotspot\share\interpreter\linkResolver.cpp, line 759]
Event: 21.363 Thread 0x0000019efbcefe50 Exception <a 'java/lang/NoSuchMethodError'{0x000000009228e490}: 'java.lang.Object java.lang.invoke.DirectMethodHandle$Holder.invokeStatic(java.lang.Object, int, int)'> (0x000000009228e490) 
thrown [s\open\src\hotspot\share\interpreter\linkResolver.cpp, line 759]
Event: 21.364 Thread 0x0000019efbcf26d0 Exception <a 'java/lang/NoSuchMethodError'{0x000000009226f480}: 'java.lang.Object java.lang.invoke.DirectMethodHandle$Holder.invokeStatic(java.lang.Object, int, int)'> (0x000000009226f480) 
thrown [s\open\src\hotspot\share\interpreter\linkResolver.cpp, line 759]
Event: 21.364 Thread 0x0000019efbcf30f0 Exception <a 'java/lang/NoSuchMethodError'{0x00000000922747c0}: 'java.lang.Object java.lang.invoke.DirectMethodHandle$Holder.invokeStatic(java.lang.Object, int, int)'> (0x00000000922747c0) 
thrown [s\open\src\hotspot\share\interpreter\linkResolver.cpp, line 759]
Event: 21.364 Thread 0x0000019efbcf17a0 Exception <a 'java/lang/NoSuchMethodError'{0x0000000092285e30}: 'java.lang.Object java.lang.invoke.DirectMethodHandle$Holder.invokeStatic(java.lang.Object, int, int)'> (0x0000000092285e30) 
thrown [s\open\src\hotspot\share\interpreter\linkResolver.cpp, line 759]
Event: 21.364 Thread 0x0000019efbcf0d80 Exception <a 'java/lang/NoSuchMethodError'{0x000000009227daf8}: 'java.lang.Object java.lang.invoke.DirectMethodHandle$Holder.invokeStatic(java.lang.Object, int, int)'> (0x000000009227daf8) 
thrown [s\open\src\hotspot\share\interpreter\linkResolver.cpp, line 759]

VM Operations (20 events):
Event: 41.056 Executing VM operation: G1CollectForAllocation done
Event: 41.060 Executing VM operation: G1CollectForAllocation
Event: 41.066 Executing VM operation: G1CollectForAllocation done
Event: 41.098 Executing VM operation: G1TryInitiateConcMark
Event: 41.102 Executing VM operation: G1TryInitiateConcMark done
Event: 41.164 Executing VM operation: G1Concurrent
Event: 41.170 Executing VM operation: G1Concurrent done
Event: 41.195 Executing VM operation: G1Concurrent
Event: 41.195 Executing VM operation: G1Concurrent done
Event: 43.198 Executing VM operation: Cleanup
Event: 43.198 Executing VM operation: Cleanup done
Event: 44.208 Executing VM operation: Cleanup
Event: 44.208 Executing VM operation: Cleanup done
Event: 46.210 Executing VM operation: Cleanup
Event: 46.210 Executing VM operation: Cleanup done
Event: 46.660 Executing VM operation: G1CollectForAllocation
Event: 46.668 Executing VM operation: G1CollectForAllocation done
Event: 46.672 Executing VM operation: G1CollectForAllocation
Event: 46.676 Executing VM operation: G1CollectForAllocation done
Event: 46.713 Executing VM operation: G1TryInitiateConcMark

Events (20 events):
Event: 21.412 loading class java/util/stream/LongStream
Event: 21.412 loading class java/util/stream/LongStream done
Event: 21.412 loading class java/util/stream/DoubleStream
Event: 21.413 loading class java/util/stream/DoubleStream done
Event: 28.138 Thread 0x0000019ef9125a30 Thread exited: 0x0000019ef9125a30
Event: 28.138 Thread 0x0000019ef9120f80 Thread exited: 0x0000019ef9120f80
Event: 30.261 Thread 0x0000019ef9120f80 Thread added: 0x0000019ef9120f80
Event: 30.934 Thread 0x0000019ef9754130 Thread added: 0x0000019ef9754130
Event: 33.801 Thread 0x0000019efbe8eae0 Thread added: 0x0000019efbe8eae0
Event: 34.040 Thread 0x0000019ef9754130 Thread exited: 0x0000019ef9754130
Event: 37.283 Thread 0x0000019ef9120f80 Thread exited: 0x0000019ef9120f80
Event: 37.633 Thread 0x0000019ef9120f80 Thread added: 0x0000019ef9120f80
Event: 37.633 Thread 0x0000019efc491810 Thread added: 0x0000019efc491810
Event: 37.633 Thread 0x0000019efc3a0040 Thread added: 0x0000019efc3a0040
Event: 39.452 Thread 0x0000019efc3a0040 Thread exited: 0x0000019efc3a0040
Event: 40.995 Thread 0x0000019efbe8eae0 Thread exited: 0x0000019efbe8eae0
Event: 41.396 Thread 0x0000019efc491810 Thread exited: 0x0000019efc491810
Event: 41.411 Thread 0x0000019ef9120f80 Thread exited: 0x0000019ef9120f80
Event: 42.634 Thread 0x0000019ef9120f80 Thread added: 0x0000019ef9120f80
Event: 43.137 Thread 0x0000019ef9120f80 Thread exited: 0x0000019ef9120f80


Dynamic libraries:
0x00007ff712a10000 - 0x00007ff712a20000 	C:\Program Files\Java\jdk-17\bin\javaw.exe
0x00007ffa98580000 - 0x00007ffa987e7000 	C:\WINDOWS\SYSTEM32\ntdll.dll
0x00007ffa982c0000 - 0x00007ffa98389000 	C:\WINDOWS\System32\KERNEL32.DLL
0x00007ffa95270000 - 0x00007ffa95667000 	C:\WINDOWS\System32\KERNELBASE.dll
0x00007ffa95ee0000 - 0x00007ffa9602b000 	C:\WINDOWS\System32\ucrtbase.dll
0x00007ffa8eda0000 - 0x00007ffa8edb9000 	C:\Program Files\Java\jdk-17\bin\jli.dll
0x00007ffa90550000 - 0x00007ffa9056b000 	C:\Program Files\Java\jdk-17\bin\VCRUNTIME140.dll
0x00007ffa96300000 - 0x00007ffa963b6000 	C:\WINDOWS\System32\ADVAPI32.dll
0x00007ffa96950000 - 0x00007ffa969f9000 	C:\WINDOWS\System32\msvcrt.dll
0x00007ffa96a00000 - 0x00007ffa96aa7000 	C:\WINDOWS\System32\sechost.dll
0x00007ffa98390000 - 0x00007ffa984a8000 	C:\WINDOWS\System32\RPCRT4.dll
0x00007ffa970a0000 - 0x00007ffa97266000 	C:\WINDOWS\System32\USER32.dll
0x00007ffa962d0000 - 0x00007ffa962f7000 	C:\WINDOWS\System32\win32u.dll
0x00007ffa7a1b0000 - 0x00007ffa7a442000 	C:\WINDOWS\WinSxS\amd64_microsoft.windows.common-controls_6595b64144ccf1df_6.0.26100.8457_none_3e0b2faee331e92d\COMCTL32.dll
0x00007ffa97270000 - 0x00007ffa9729b000 	C:\WINDOWS\System32\GDI32.dll
0x00007ffa96030000 - 0x00007ffa9615c000 	C:\WINDOWS\System32\gdi32full.dll
0x00007ffa951c0000 - 0x00007ffa95263000 	C:\WINDOWS\System32\msvcp_win.dll
0x00007ffa94a90000 - 0x00007ffa94a9b000 	C:\WINDOWS\SYSTEM32\VERSION.dll
0x00007ffa97f50000 - 0x00007ffa97f82000 	C:\WINDOWS\System32\IMM32.DLL
0x00000000551f0000 - 0x00000000551fc000 	C:\Program Files (x86)\360\Total Security\safemon\SafeWrapper.dll
0x00007ff9efb30000 - 0x00007ff9efbdc000 	C:\Program Files (x86)\360\Total Security\safemon\libzdtp64.dll
0x00007ffa97400000 - 0x00007ffa97b6e000 	C:\WINDOWS\System32\SHELL32.dll
0x00007ffa96b70000 - 0x00007ffa96bd6000 	C:\WINDOWS\System32\SHLWAPI.dll
0x00007ffa95670000 - 0x00007ffa95edc000 	C:\WINDOWS\System32\Windows.Storage.dll
0x00007ffa96bf0000 - 0x00007ffa96f73000 	C:\WINDOWS\System32\combase.dll
0x00007ffa8ed90000 - 0x00007ffa8ed9c000 	C:\Program Files\Java\jdk-17\bin\vcruntime140_1.dll
0x00007ffa83900000 - 0x00007ffa8398e000 	C:\Program Files\Java\jdk-17\bin\msvcp140.dll
0x00007ffa053f0000 - 0x00007ffa05fd0000 	C:\Program Files\Java\jdk-17\bin\server\jvm.dll
0x00007ffa97e60000 - 0x00007ffa97e68000 	C:\WINDOWS\System32\PSAPI.DLL
0x00007ffa8d100000 - 0x00007ffa8d136000 	C:\WINDOWS\SYSTEM32\WINMM.dll
0x00007ffa73580000 - 0x00007ffa7358a000 	C:\WINDOWS\SYSTEM32\WSOCK32.dll
0x00007ffa97ec0000 - 0x00007ffa97f40000 	C:\WINDOWS\System32\WS2_32.dll
0x00007ffa93cd0000 - 0x00007ffa93ceb000 	C:\WINDOWS\SYSTEM32\kernel.appcore.dll
0x00007ffa8ed80000 - 0x00007ffa8ed8a000 	C:\Program Files\Java\jdk-17\bin\jimage.dll
0x00007ffa89c80000 - 0x00007ffa89ec2000 	C:\WINDOWS\SYSTEM32\DBGHELP.DLL
0x00007ffa97b80000 - 0x00007ffa97c59000 	C:\WINDOWS\System32\OLEAUT32.dll
0x00007ffa7a170000 - 0x00007ffa7a1ab000 	C:\WINDOWS\SYSTEM32\dbgcore.DLL
0x00007ffa96220000 - 0x00007ffa962c8000 	C:\WINDOWS\System32\bcryptPrimitives.dll
0x00007ffa8e320000 - 0x00007ffa8e345000 	C:\Program Files\Java\jdk-17\bin\java.dll
0x00007ffa764e0000 - 0x00007ffa765b7000 	C:\Program Files\Java\jdk-17\bin\jsvml.dll
0x00007ffa96850000 - 0x00007ffa96946000 	C:\WINDOWS\System32\SHCORE.dll
0x00007ffa94ed0000 - 0x00007ffa94ef9000 	C:\WINDOWS\SYSTEM32\profapi.dll
0x00007ffa8e300000 - 0x00007ffa8e319000 	C:\Program Files\Java\jdk-17\bin\net.dll
0x00007ffa8e3d0000 - 0x00007ffa8e4f9000 	C:\WINDOWS\SYSTEM32\WINHTTP.dll
0x00007ffa94240000 - 0x00007ffa942ac000 	C:\WINDOWS\system32\mswsock.dll
0x00007ffa8e220000 - 0x00007ffa8e236000 	C:\Program Files\Java\jdk-17\bin\nio.dll
0x00007ffa8e0e0000 - 0x00007ffa8e0f8000 	C:\Program Files\Java\jdk-17\bin\zip.dll
0x00007ffa8ddb0000 - 0x00007ffa8ddba000 	C:\Program Files\Java\jdk-17\bin\management.dll
0x00007ffa8dda0000 - 0x00007ffa8ddab000 	C:\Program Files\Java\jdk-17\bin\management_ext.dll
0x00007ffa71840000 - 0x00007ffa71858000 	C:\WINDOWS\system32\napinsp.dll
0x00007ffa93790000 - 0x00007ffa938c2000 	C:\WINDOWS\SYSTEM32\DNSAPI.dll
0x00007ffa93750000 - 0x00007ffa93782000 	C:\WINDOWS\SYSTEM32\IPHLPAPI.DLL
0x00007ffa96b60000 - 0x00007ffa96b6a000 	C:\WINDOWS\System32\NSI.dll
0x00007ffa71820000 - 0x00007ffa71833000 	C:\WINDOWS\System32\winrnr.dll
0x00007ffa717f0000 - 0x00007ffa71812000 	C:\WINDOWS\system32\nlansp_c.dll
0x00007ffa717d0000 - 0x00007ffa717e6000 	C:\WINDOWS\system32\wshbth.dll
0x00007ffa8e3c0000 - 0x00007ffa8e3cb000 	C:\Windows\System32\rasadhlp.dll
0x00007ffa8fca0000 - 0x00007ffa8fd26000 	C:\WINDOWS\System32\fwpuclnt.dll
0x00007ffa94520000 - 0x00007ffa9453b000 	C:\WINDOWS\SYSTEM32\CRYPTSP.dll
0x00007ffa93c30000 - 0x00007ffa93c69000 	C:\WINDOWS\system32\rsaenh.dll
0x00007ffa942f0000 - 0x00007ffa94323000 	C:\WINDOWS\SYSTEM32\USERENV.dll
0x00007ffa94ea0000 - 0x00007ffa94eca000 	C:\WINDOWS\SYSTEM32\bcrypt.dll
0x00007ffa94540000 - 0x00007ffa9454c000 	C:\WINDOWS\SYSTEM32\CRYPTBASE.dll
0x00007ffa8fa30000 - 0x00007ffa8fa4d000 	C:\WINDOWS\SYSTEM32\dhcpcsvc6.DLL
0x00007ffa8fa00000 - 0x00007ffa8fa25000 	C:\WINDOWS\SYSTEM32\dhcpcsvc.DLL
0x00007ffa8dd90000 - 0x00007ffa8dd9e000 	C:\Program Files\Java\jdk-17\bin\sunmscapi.dll
0x00007ffa95040000 - 0x00007ffa951b8000 	C:\WINDOWS\System32\CRYPT32.dll
0x00007ffa94740000 - 0x00007ffa94770000 	C:\WINDOWS\SYSTEM32\ncrypt.dll
0x00007ffa946f0000 - 0x00007ffa9472f000 	C:\WINDOWS\SYSTEM32\NTASN1.dll
0x00007ffa8d620000 - 0x00007ffa8d630000 	C:\Program Files\Java\jdk-17\bin\verify.dll
0x00007ffa4b600000 - 0x00007ffa4b608000 	C:\WINDOWS\system32\wshunix.dll

dbghelp: loaded successfully - version: 4.0.5 - missing functions: none
symbol engine: initialized successfully - sym options: 0x614 - pdb path: .;C:\Program Files\Java\jdk-17\bin;C:\WINDOWS\SYSTEM32;C:\WINDOWS\WinSxS\amd64_microsoft.windows.common-controls_6595b64144ccf1df_6.0.26100.8457_none_3e0b2faee331e92d;C:\Program Files (x86)\360\Total Security\safemon;C:\Program Files\Java\jdk-17\bin\server

VM Arguments:
jvm_args: -Dcom.sun.management.jmxremote -Dcom.sun.management.jmxremote.port=63721 -Dcom.sun.management.jmxremote.authenticate=false -Dcom.sun.management.jmxremote.ssl=false -Djava.rmi.server.hostname=localhost -Dspring.jmx.enabled=true -Dmanagement.endpoints.jmx.exposure.include=* -Dspring.application.admin.enabled=true -Dspring.output.ansi.enabled=always -XX:TieredStopAtLevel=1 -Dspring.boot.project.name=Spring_PostgresSql -Dfile.encoding=UTF-8 -Dstdout.encoding=UTF-8 -Dstderr.encoding=UTF-8 -XX:+ShowCodeDetailsInExceptionMessages 
java_command: com.jne.SpringPostgresSqlApplication
java_class_path (initial): D:\jne_project_all\Spring_PostgresSql\target\classes;C:\Users\jne_s\.m2\repository\org\springframework\boot\spring-boot-starter-data-jpa\3.5.4\spring-boot-starter-data-jpa-3.5.4.jar;C:\Users\jne_s\.m2\repository\org\springframework\boot\spring-boot-starter\3.5.4\spring-boot-starter-3.5.4.jar;C:\Users\jne_s\.m2\repository\org\springframework\boot\spring-boot-starter-logging\3.5.4\spring-boot-starter-logging-3.5.4.jar;C:\Users\jne_s\.m2\repository\ch\qos\logback\logback-classic\1.5.18\logback-classic-1.5.18.jar;C:\Users\jne_s\.m2\repository\ch\qos\logback\logback-core\1.5.18\logback-core-1.5.18.jar;C:\Users\jne_s\.m2\repository\org\apache\logging\log4j\log4j-to-slf4j\2.24.3\log4j-to-slf4j-2.24.3.jar;C:\Users\jne_s\.m2\repository\org\apache\logging\log4j\log4j-api\2.24.3\log4j-api-2.24.3.jar;C:\Users\jne_s\.m2\repository\org\slf4j\jul-to-slf4j\2.0.17\jul-to-slf4j-2.0.17.jar;C:\Users\jne_s\.m2\repository\jakarta\annotation\jakarta.annotation-api\2.1.1\jakarta.annotation-api-2.1.1.jar;C:\Users\jne_s\.m2\repository\org\yaml\snakeyaml\2.4\snakeyaml-2.4.jar;C:\Users\jne_s\.m2\repository\org\springframework\boot\spring-boot-starter-jdbc\3.5.4\spring-boot-starter-jdbc-3.5.4.jar;C:\Users\jne_s\.m2\repository\com\zaxxer\HikariCP\6.3.1\HikariCP-6.3.1.jar;C:\Users\jne_s\.m2\repository\org\springframework\spring-jdbc\6.2.9\spring-jdbc-6.2.9.jar;C:\Users\jne_s\.m2\repository\org\hibernate\orm\hibernate-core\6.6.22.Final\hibernate-core-6.6.22.Final.jar;C:\Users\jne_s\.m2\repository\jakarta\persistence\jakarta.persistence-api\3.1.0\jakarta.persistence-api-3.1.0.jar;C:\Users\jne_s\.m2\repository\jakarta\transaction\jakarta.transaction-api\2.0.1\jakarta.transaction-api-2.0.1.jar;C:\Users\jne_s\.m2\repository\org\jboss\logging\jboss-logging\3.6.1.Final\jboss-logging-3.6.1.Final.jar;C:\Users\jne_s\.m2\repository\org\hibernate\common\hibernate-commons-annotations\7.0.3.Final\hibernate-commons-annotations-7.0.3.Final.jar;C:\Users\jne_s\.m2\repository\io\smallry
Launcher Type: SUN_STANDARD

[Global flags]
     intx CICompilerCount                          = 4                                         {product} {ergonomic}
     uint ConcGCThreads                            = 3                                         {product} {ergonomic}
     uint G1ConcRefinementThreads                  = 10                                        {product} {ergonomic}
   size_t G1HeapRegionSize                         = 1048576                                   {product} {ergonomic}
    uintx GCDrainStackTargetSize                   = 64                                        {product} {ergonomic}
   size_t InitialHeapSize                          = 123731968                                 {product} {ergonomic}
     bool ManagementServer                         = true                                      {product} {command line}
   size_t MarkStackSize                            = 4194304                                   {product} {ergonomic}
   size_t MaxHeapSize                              = 1971322880                                {product} {ergonomic}
   size_t MaxNewSize                               = 1182793728                                {product} {ergonomic}
   size_t MinHeapDeltaBytes                        = 1048576                                   {product} {ergonomic}
   size_t MinHeapSize                              = 8388608                                   {product} {ergonomic}
    uintx NonProfiledCodeHeapSize                  = 0                                      {pd product} {ergonomic}
     bool ProfileInterpreter                       = false                                  {pd product} {command line}
    uintx ProfiledCodeHeapSize                     = 0                                      {pd product} {ergonomic}
     bool ShowCodeDetailsInExceptionMessages       = true                                   {manageable} {command line}
   size_t SoftMaxHeapSize                          = 1971322880                             {manageable} {ergonomic}
     intx TieredStopAtLevel                        = 1                                         {product} {command line}
     bool UseCompressedClassPointers               = true                           {product lp64_product} {ergonomic}
     bool UseCompressedOops                        = true                           {product lp64_product} {ergonomic}
     bool UseG1GC                                  = true                                      {product} {ergonomic}
     bool UseLargePagesIndividualAllocation        = false                                  {pd product} {ergonomic}

Logging:
Log output configuration:
 #0: stdout all=warning uptime,level,tags
 #1: stderr all=off uptime,level,tags

Environment Variables:
JAVA_HOME=C:\Program Files\Java\jdk-17
PATH=D:/sts-4.32.0.RELEASE//plugins/org.eclipse.justj.openjdk.hotspot.jre.full.win32.x86_64_21.0.8.v20250724-1412/jre/bin/server;D:/sts-4.32.0.RELEASE//plugins/org.eclipse.justj.openjdk.hotspot.jre.full.win32.x86_64_21.0.8.v20250724-1412/jre/bin;C:\Program Files\Java\jdk-17\bin;C:\Program Files\Java\jdk-17\bin;C:\WINDOWS\system32;C:\WINDOWS;C:\WINDOWS\System32\Wbem;C:\WINDOWS\System32\WindowsPowerShell\v1.0\;C:\WINDOWS\System32\OpenSSH\;C:\Program Files\Git\cmd;C:\Program Files\MySQL\MySQL Server 8.0\bin;C:\Program Files\Java\jdk-17\bin;C:\Program Files\Docker\Docker\resources\bin;C:\Program Files\PuTTY\;C:\Program Files\Apache\Maven\apache-maven-3.9.10\bin;C:\Program Files\Microsoft SQL Server\150\Tools\Binn\;C:\Program Files\Microsoft SQL Server\Client SDK\ODBC\170\Tools\Binn\;C:\Program Files\dotnet\;D:\spark-3.5.5-bin-hadoop3\bin;C:\hadoop\bin;C:\Users\jne_s\AppData\Local\Programs\Python\Python313\Scripts\;C:\Users\jne_s\AppData\Local\Programs\Python\Python313\;C:\Program Files\Eclipse Adoptium\jdk-11.0.28.6-hotspot\bin;C:\Program Files (x86)\Common Files\Oracle\Java\javapath;C:\Program Files\Common Files\Oracle\Java\javapath;C:\WINDOWS\system32;C:\WINDOWS;C:\WINDOWS\System32\Wbem;C:\WINDOWS\System32\WindowsPowerShell\v1.0\;C:\WINDOWS\System32\OpenSSH\;C:\Program Files\Git\cmd;C:\Program Files\MySQL\MySQL Server 8.0\bin;C:\Program Files\Java\jdk-17\bin;C:\Program Files\Docker\Docker\resources\bin;C:\Program Files\PuTTY\;C:\Program Files\Apache\Maven\apache-maven-3.9.10\bin;C:\Program Files\Java\jdk1.8.0_202\bin;C:\Program Files\Microsoft SQL Server\150\Tools\Binn\;C:\Program Files\Microsoft SQL Server\Client SDK\ODBC\170\Tools\Binn\;C:\Program Files\dotnet\;D:\spark-3.5.5-bin-hadoop3\bin;C:\Program Files\Eclipse Adoptium\jdk-11.0.28.6-hotspot\bin;C:\Program Files (x86)\Common Files\Oracle\Java\javapath;C:\Program Files\Common Files\Oracle\Java\javapath;C:\WINDOWS\system32;C:\WINDOWS;C:\WINDOWS\System32\Wbem;C:\WINDOWS\System32\WindowsPowerShell\v1.0\;C:\WINDOWS\Sys
USERNAME=jne_s
OS=Windows_NT
PROCESSOR_IDENTIFIER=AMD64 Family 25 Model 80 Stepping 0, AuthenticAMD



---------------  S Y S T E M  ---------------

OS:
 Windows 11 , 64 bit Build 26100 (10.0.26100.8328)
OS uptime: 0 days 10:11 hours
Hyper-V role detected

CPU: total 12 (initial active 12) (12 cores per cpu, 2 threads per core) family 25 model 80 stepping 0 microcode 0xa50000f, cx8, cmov, fxsr, ht, mmx, 3dnowpref, sse, sse2, sse3, ssse3, sse4a, sse4.1, sse4.2, popcnt, lzcnt, tsc, tscinvbit, avx, avx2, aes, erms, clmul, bmi1, bmi2, adx, sha, fma, vzeroupper, clflush, clflushopt, hv

Memory: 4k page, system-wide physical 7518M (709M free)
TotalPageFile size 19806M (AvailPageFile size 19M)
current process WorkingSet (physical memory assigned to process): 509M, peak: 517M
current process commit charge ("private bytes"): 1198M, peak: 1206M

vm_info: Java HotSpot(TM) 64-Bit Server VM (17.0.12+8-LTS-286) for windows-amd64 JRE (17.0.12+8-LTS-286), built on Jun  5 2024 06:46:59 by "mach5one" with MS VC++ 17.6 (VS2022)

END.
