#
# There is insufficient memory for the Java Runtime Environment to continue.
# Native memory allocation (mmap) failed to map 183500800 bytes for G1 virtual space
# Possible reasons:
#   The system is out of physical RAM or swap space
#   The process is running with CompressedOops enabled, and the Java Heap may be blocking the growth of the native heap
# Possible solutions:
#   Reduce memory load on the system
#   Increase physical memory or swap space
#   Check if swap backing store is full
#   Decrease Java heap size (-Xmx/-Xms)
#   Decrease number of Java threads
#   Decrease Java thread stack sizes (-Xss)
#   Set larger code cache with -XX:ReservedCodeCacheSize=
#   JVM is running with Unscaled Compressed Oops mode in which the Java heap is
#     placed in the first 4GB address space. The Java Heap base address is the
#     maximum limit for the native heap growth. Please use -XX:HeapBaseMinAddress
#     to set the Java Heap base and to place the Java Heap above 4GB virtual address.
# This output file may be truncated or incomplete.
#
#  Out of Memory Error (os_windows.cpp:3548), pid=32564, tid=31956
#
# JRE version: Java(TM) SE Runtime Environment (17.0.12+8) (build 17.0.12+8-LTS-286)
# Java VM: Java HotSpot(TM) 64-Bit Server VM (17.0.12+8-LTS-286, mixed mode, emulated-client, sharing, tiered, compressed oops, compressed class ptrs, g1 gc, windows-amd64)
# No core dump will be written. Minidumps are not enabled by default on client versions of Windows
#

---------------  S U M M A R Y ------------

Command Line: -Dcom.sun.management.jmxremote -Dcom.sun.management.jmxremote.port=61613 -Dcom.sun.management.jmxremote.authenticate=false -Dcom.sun.management.jmxremote.ssl=false -Djava.rmi.server.hostname=localhost -Dspring.jmx.enabled=true -Dmanagement.endpoints.jmx.exposure.include=* -Dspring.application.admin.enabled=true -Dspring.output.ansi.enabled=always -XX:TieredStopAtLevel=1 -Dspring.boot.project.name=Spring_PostgresSql -Dfile.encoding=UTF-8 -Dstdout.encoding=UTF-8 -Dstderr.encoding=UTF-8 -XX:+ShowCodeDetailsInExceptionMessages com.jne.SpringPostgresSqlApplication

Host: AMD Ryzen 5 5600H with Radeon Graphics         , 12 cores, 7G,  Windows 11 , 64 bit Build 26100 (10.0.26100.8328)
Time: Wed May 20 11:17:00 2026 India Standard Time elapsed time: 124.792361 seconds (0d 0h 2m 4s)

---------------  T H R E A D  ---------------

Current thread (0x0000020ee5ba20e0):  VMThread "VM Thread" [stack: 0x00000067b2100000,0x00000067b2200000] [id=31956]

Stack: [0x00000067b2100000,0x00000067b2200000]
Native frames: (J=compiled Java code, j=interpreted, Vv=VM code, C=native code)
V  [jvm.dll+0x67a04a]
V  [jvm.dll+0x7da4ed]
V  [jvm.dll+0x7dbe33]
V  [jvm.dll+0x7dc4a3]
V  [jvm.dll+0x24508f]
V  [jvm.dll+0x677089]
V  [jvm.dll+0x66bd32]
V  [jvm.dll+0x301fa6]
V  [jvm.dll+0x309546]
V  [jvm.dll+0x359d2e]
V  [jvm.dll+0x359f5f]
V  [jvm.dll+0x2d9078]
V  [jvm.dll+0x2dc0e6]
V  [jvm.dll+0x2e67eb]
V  [jvm.dll+0x31a870]
V  [jvm.dll+0x7e0d9b]
V  [jvm.dll+0x7e1ad4]
V  [jvm.dll+0x7e1fed]
V  [jvm.dll+0x7e23c4]
V  [jvm.dll+0x7e2490]
V  [jvm.dll+0x78abea]
V  [jvm.dll+0x678f35]
C  [ucrtbase.dll+0x37b0]
C  [KERNEL32.DLL+0x2e957]
C  [ntdll.dll+0x427c]

VM_Operation (0x00000067b1dff7a0): G1Concurrent, mode: safepoint, requested by thread 0x0000020ed45abb00


---------------  P R O C E S S  ---------------

Threads class SMR info:
_java_thread_list=0x0000020eeddfd770, length=56, elements={
0x0000020ee5ba51a0, 0x0000020ee5ba5e20, 0x0000020ee5bb15a0, 0x0000020ee5bb1a80,
0x0000020ee5bb4ae0, 0x0000020ee5bb9b40, 0x0000020ee5bc6370, 0x0000020ee5be1080,
0x0000020ee653a540, 0x0000020ee6581c90, 0x0000020eeb329c90, 0x0000020eeb318800,
0x0000020eeb327f50, 0x0000020eeb9559b0, 0x0000020eeb954a80, 0x0000020eeb954f90,
0x0000020eeb954060, 0x0000020eeb954570, 0x0000020eec821a30, 0x0000020eec81f1b0,
0x0000020eec821010, 0x0000020eec81fbd0, 0x0000020eec8200e0, 0x0000020eec822450,
0x0000020eec81eca0, 0x0000020eec8205f0, 0x0000020eec823890, 0x0000020eec820b00,
0x0000020eec823380, 0x0000020eec822960, 0x0000020eec823da0, 0x0000020eec8242b0,
0x0000020eec822e70, 0x0000020eec8247c0, 0x0000020eec824cd0, 0x0000020eec821520,
0x0000020eec8251e0, 0x0000020eec8256f0, 0x0000020eec825c00, 0x0000020eec826110,
0x0000020eec826620, 0x0000020eed9b0010, 0x0000020eed9acd70, 0x0000020eed9af5f0,
0x0000020eed9aebd0, 0x0000020eed9af0e0, 0x0000020eed9b0520, 0x0000020eed9afb00,
0x0000020eed9b0a30, 0x0000020eed9ad280, 0x0000020eed9ae1b0, 0x0000020eed9adca0,
0x0000020eed9ae6c0, 0x0000020eed9b0f40, 0x0000020eed9ad790, 0x0000020eed9b2da0
}

Java Threads: ( => current thread )
  0x0000020ee5ba51a0 JavaThread "Reference Handler" daemon [_thread_blocked, id=34624, stack(0x00000067b2200000,0x00000067b2300000)]
  0x0000020ee5ba5e20 JavaThread "Finalizer" daemon [_thread_blocked, id=28584, stack(0x00000067b2300000,0x00000067b2400000)]
  0x0000020ee5bb15a0 JavaThread "Signal Dispatcher" daemon [_thread_blocked, id=33188, stack(0x00000067b2400000,0x00000067b2500000)]
  0x0000020ee5bb1a80 JavaThread "Attach Listener" daemon [_thread_blocked, id=28372, stack(0x00000067b2500000,0x00000067b2600000)]
  0x0000020ee5bb4ae0 JavaThread "Service Thread" daemon [_thread_blocked, id=36688, stack(0x00000067b2600000,0x00000067b2700000)]
  0x0000020ee5bb9b40 JavaThread "Monitor Deflation Thread" daemon [_thread_blocked, id=32144, stack(0x00000067b2700000,0x00000067b2800000)]
  0x0000020ee5bc6370 JavaThread "C1 CompilerThread0" daemon [_thread_blocked, id=20492, stack(0x00000067b2800000,0x00000067b2900000)]
  0x0000020ee5be1080 JavaThread "Sweeper thread" daemon [_thread_blocked, id=12132, stack(0x00000067b2900000,0x00000067b2a00000)]
  0x0000020ee653a540 JavaThread "Common-Cleaner" daemon [_thread_blocked, id=6724, stack(0x00000067b2a00000,0x00000067b2b00000)]
  0x0000020ee6581c90 JavaThread "Notification Thread" daemon [_thread_blocked, id=32548, stack(0x00000067b2c00000,0x00000067b2d00000)]
  0x0000020eeb329c90 JavaThread "RMI TCP Accept-0" daemon [_thread_in_native, id=20460, stack(0x00000067b2e00000,0x00000067b2f00000)]
  0x0000020eeb318800 JavaThread "RMI TCP Accept-61613" daemon [_thread_in_native, id=3676, stack(0x00000067b2f00000,0x00000067b3000000)]
  0x0000020eeb327f50 JavaThread "RMI TCP Accept-0" daemon [_thread_in_native, id=37544, stack(0x00000067b3000000,0x00000067b3100000)]
  0x0000020eeb9559b0 JavaThread "RMI Scheduler(0)" daemon [_thread_blocked, id=33816, stack(0x00000067b3d00000,0x00000067b3e00000)]
  0x0000020eeb954a80 JavaThread "RMI TCP Connection(4)-127.0.0.1" daemon [_thread_in_native, id=30540, stack(0x00000067b3e00000,0x00000067b3f00000)]
  0x0000020eeb954f90 JavaThread "JMX server connection timeout 25" daemon [_thread_blocked, id=13844, stack(0x00000067b4100000,0x00000067b4200000)]
  0x0000020eeb954060 JavaThread "Catalina-utility-1" [_thread_blocked, id=31792, stack(0x00000067b4500000,0x00000067b4600000)]
  0x0000020eeb954570 JavaThread "Catalina-utility-2" [_thread_blocked, id=13616, stack(0x00000067b4600000,0x00000067b4700000)]
  0x0000020eec821a30 JavaThread "container-0" [_thread_blocked, id=32892, stack(0x00000067b4700000,0x00000067b4800000)]
  0x0000020eec81f1b0 JavaThread "PostgreSQL-JDBC-Cleaner" daemon [_thread_blocked, id=28336, stack(0x00000067b4900000,0x00000067b4a00000)]
  0x0000020eec821010 JavaThread "HikariPool-1:housekeeper" daemon [_thread_blocked, id=35860, stack(0x00000067b4a00000,0x00000067b4b00000)]
  0x0000020eec81fbd0 JavaThread "pool-3-thread-1" [_thread_blocked, id=13444, stack(0x00000067b4c00000,0x00000067b4d00000)]
  0x0000020eec8200e0 JavaThread "pool-3-thread-2" [_thread_blocked, id=36940, stack(0x00000067b4d00000,0x00000067b4e00000)]
  0x0000020eec822450 JavaThread "pool-3-thread-3" [_thread_blocked, id=34316, stack(0x00000067b4e00000,0x00000067b4f00000)]
  0x0000020eec81eca0 JavaThread "pool-3-thread-4" [_thread_blocked, id=4872, stack(0x00000067b4f00000,0x00000067b5000000)]
  0x0000020eec8205f0 JavaThread "File Watcher" daemon [_thread_blocked, id=33124, stack(0x00000067b5000000,0x00000067b5100000)]
  0x0000020eec823890 JavaThread "Live Reload Server" daemon [_thread_in_native, id=31884, stack(0x00000067b5200000,0x00000067b5300000)]
  0x0000020eec820b00 JavaThread "http-nio-8089-exec-1" daemon [_thread_blocked, id=22776, stack(0x00000067b5100000,0x00000067b5200000)]
  0x0000020eec823380 JavaThread "http-nio-8089-exec-2" daemon [_thread_blocked, id=28772, stack(0x00000067b5300000,0x00000067b5400000)]
  0x0000020eec822960 JavaThread "http-nio-8089-exec-3" daemon [_thread_blocked, id=35092, stack(0x00000067b5400000,0x00000067b5500000)]
  0x0000020eec823da0 JavaThread "http-nio-8089-exec-4" daemon [_thread_blocked, id=26340, stack(0x00000067b5500000,0x00000067b5600000)]
  0x0000020eec8242b0 JavaThread "http-nio-8089-exec-5" daemon [_thread_blocked, id=37612, stack(0x00000067b5600000,0x00000067b5700000)]
  0x0000020eec822e70 JavaThread "http-nio-8089-exec-6" daemon [_thread_blocked, id=25972, stack(0x00000067b5700000,0x00000067b5800000)]
  0x0000020eec8247c0 JavaThread "http-nio-8089-exec-7" daemon [_thread_blocked, id=27268, stack(0x00000067b5800000,0x00000067b5900000)]
  0x0000020eec824cd0 JavaThread "http-nio-8089-exec-8" daemon [_thread_blocked, id=30160, stack(0x00000067b5900000,0x00000067b5a00000)]
  0x0000020eec821520 JavaThread "http-nio-8089-exec-9" daemon [_thread_blocked, id=36924, stack(0x00000067b5a00000,0x00000067b5b00000)]
  0x0000020eec8251e0 JavaThread "http-nio-8089-exec-10" daemon [_thread_blocked, id=7704, stack(0x00000067b5b00000,0x00000067b5c00000)]
  0x0000020eec8256f0 JavaThread "http-nio-8089-Poller" daemon [_thread_blocked, id=35012, stack(0x00000067b5c00000,0x00000067b5d00000)]
  0x0000020eec825c00 JavaThread "http-nio-8089-Acceptor" daemon [_thread_in_native, id=29144, stack(0x00000067b5d00000,0x00000067b5e00000)]
  0x0000020eec826110 JavaThread "ThreadPoolTaskScheduler-1" [_thread_blocked, id=28556, stack(0x00000067b5e00000,0x00000067b5f00000)]
  0x0000020eec826620 JavaThread "DeltaLoadProfile-0-C-1" [_thread_blocked, id=4040, stack(0x00000067b5f00000,0x00000067b6000000)]
  0x0000020eed9b0010 JavaThread "ThreadPoolTaskScheduler-1" [_thread_blocked, id=32772, stack(0x00000067b6000000,0x00000067b6100000)]
  0x0000020eed9acd70 JavaThread "DeltaLoadProfile-1-C-1" [_thread_blocked, id=9816, stack(0x00000067b6100000,0x00000067b6200000)]
  0x0000020eed9af5f0 JavaThread "ThreadPoolTaskScheduler-1" [_thread_blocked, id=27716, stack(0x00000067b6200000,0x00000067b6300000)]
  0x0000020eed9aebd0 JavaThread "DeltaLoadProfile-2-C-1" [_thread_blocked, id=17612, stack(0x00000067b6300000,0x00000067b6400000)]
  0x0000020eed9af0e0 JavaThread "ThreadPoolTaskScheduler-1" [_thread_blocked, id=35132, stack(0x00000067b6400000,0x00000067b6500000)]
  0x0000020eed9b0520 JavaThread "DeltaLoadProfile-3-C-1" [_thread_blocked, id=34708, stack(0x00000067b6500000,0x00000067b6600000)]
  0x0000020eed9afb00 JavaThread "DestroyJavaVM" [_thread_blocked, id=29460, stack(0x00000067b1b00000,0x00000067b1c00000)]
  0x0000020eed9b0a30 JavaThread "kafka-coordinator-heartbeat-thread | delta-groups-I" daemon [_thread_blocked, id=3148, stack(0x00000067b3a00000,0x00000067b3b00000)]
  0x0000020eed9ad280 JavaThread "kafka-coordinator-heartbeat-thread | delta-groups-I" daemon [_thread_blocked, id=29952, stack(0x00000067b3b00000,0x00000067b3c00000)]
  0x0000020eed9ae1b0 JavaThread "kafka-coordinator-heartbeat-thread | delta-groups-I" daemon [_thread_blocked, id=32456, stack(0x00000067b6600000,0x00000067b6700000)]
  0x0000020eed9adca0 JavaThread "kafka-coordinator-heartbeat-thread | delta-groups-I" daemon [_thread_blocked, id=35120, stack(0x00000067b6700000,0x00000067b6800000)]
  0x0000020eed9ae6c0 JavaThread "pool-2-thread-1" [_thread_blocked, id=13964, stack(0x00000067b6800000,0x00000067b6900000)]
  0x0000020eed9b0f40 JavaThread "pool-2-thread-2" [_thread_blocked, id=35432, stack(0x00000067b6900000,0x00000067b6a00000)]
  0x0000020eed9ad790 JavaThread "pool-2-thread-3" [_thread_blocked, id=32032, stack(0x00000067b6a00000,0x00000067b6b00000)]
  0x0000020eed9b2da0 JavaThread "pool-2-thread-4" [_thread_blocked, id=36812, stack(0x00000067b6b00000,0x00000067b6c00000)]

Other Threads:
=>0x0000020ee5ba20e0 VMThread "VM Thread" [stack: 0x00000067b2100000,0x00000067b2200000] [id=31956]
  0x0000020eeb3b2180 WatcherThread [stack: 0x00000067b3100000,0x00000067b3200000] [id=31256]
  0x0000020ed459c100 GCTaskThread "GC Thread#0" [stack: 0x00000067b1c00000,0x00000067b1d00000] [id=33784]
  0x0000020eeb7a6a40 GCTaskThread "GC Thread#1" [stack: 0x00000067b3200000,0x00000067b3300000] [id=24012]
  0x0000020eeb731a80 GCTaskThread "GC Thread#2" [stack: 0x00000067b3300000,0x00000067b3400000] [id=36204]
  0x0000020eeb78a5b0 GCTaskThread "GC Thread#3" [stack: 0x00000067b3400000,0x00000067b3500000] [id=6176]
  0x0000020eeb7ebe10 GCTaskThread "GC Thread#4" [stack: 0x00000067b3500000,0x00000067b3600000] [id=29188]
  0x0000020eeb7ec8f0 GCTaskThread "GC Thread#5" [stack: 0x00000067b3600000,0x00000067b3700000] [id=33352]
  0x0000020eeb7ecbb0 GCTaskThread "GC Thread#6" [stack: 0x00000067b3700000,0x00000067b3800000] [id=29896]
  0x0000020eeb7ece70 GCTaskThread "GC Thread#7" [stack: 0x00000067b3800000,0x00000067b3900000] [id=33756]
  0x0000020eeb9b0ad0 GCTaskThread "GC Thread#8" [stack: 0x00000067b3f00000,0x00000067b4000000] [id=28852]
  0x0000020eeb9b0d90 GCTaskThread "GC Thread#9" [stack: 0x00000067b4000000,0x00000067b4100000] [id=27820]
  0x0000020ed45abb00 ConcurrentGCThread "G1 Main Marker" [stack: 0x00000067b1d00000,0x00000067b1e00000] [id=30900]
  0x0000020ed45afd80 ConcurrentGCThread "G1 Conc#0" [stack: 0x00000067b1e00000,0x00000067b1f00000] [id=29620]
  0x0000020eebf2d3c0 ConcurrentGCThread "G1 Conc#1" [stack: 0x00000067b4300000,0x00000067b4400000] [id=23940]
  0x0000020eeb9ab640 ConcurrentGCThread "G1 Conc#2" [stack: 0x00000067b4400000,0x00000067b4500000] [id=32788]
  0x0000020ee5a5f640 ConcurrentGCThread "G1 Refine#0" [stack: 0x00000067b1f00000,0x00000067b2000000] [id=30892]
  0x0000020eeb775f90 ConcurrentGCThread "G1 Refine#1" [stack: 0x00000067b3900000,0x00000067b3a00000] [id=12972]
  0x0000020ee5a5f930 ConcurrentGCThread "G1 Service" [stack: 0x00000067b2000000,0x00000067b2100000] [id=22272]

Threads with active compile tasks:

VM state: at safepoint (normal execution)

VM Mutex/Monitor currently owned by a thread:  ([mutex/lock_event])
[0x0000020ed4532a40] Threads_lock - owner thread: 0x0000020ee5ba20e0
[0x0000020ed45437d0] Heap_lock - owner thread: 0x0000020ed45abb00

Heap address: 0x000000008a800000, size: 1880 MB, Compressed Oops mode: 32-bit

CDS archive(s) mapped at: [0x0000020e80000000-0x0000020e80bd0000-0x0000020e80bd0000), size 12386304, SharedBaseAddress: 0x0000020e80000000, ArchiveRelocationMode: 1.
Compressed class space mapped at: 0x0000020e81000000-0x0000020ec1000000, reserved size: 1073741824
Narrow klass base: 0x0000020e80000000, Narrow klass shift: 0, Narrow klass range: 0x100000000

GC Precious Log:
 CPUs: 12 total, 12 available
 Memory: 7518M
 Large Page Support: Disabled
 NUMA Support: Disabled
 Compressed Oops: Enabled (32-bit)
 Heap Region Size: 1M
 Heap Min Capacity: 8M
 Heap Initial Capacity: 118M
 Heap Max Capacity: 1880M
 Pre-touch: Disabled
 Parallel Workers: 10
 Concurrent Workers: 3
 Concurrent Refinement Workers: 10
 Periodic GC: Disabled

Heap:
 garbage-first heap   total 416768K, used 355195K [0x000000008a800000, 0x0000000100000000)
  region size 1024K, 24 young (24576K), 3 survivors (3072K)
 Metaspace       used 84526K, committed 85568K, reserved 1179648K
  class space    used 11867K, committed 12288K, reserved 1048576K

Heap Regions: E=young(eden), S=young(survivor), O=old, HS=humongous(starts), HC=humongous(continues), CS=collection set, F=free, OA=open archive, CA=closed archive, TAMS=top-at-mark-start (previous, next)
|   0|0x000000008a800000, 0x000000008a900000, 0x000000008a900000|100%|HS|  |TAMS 0x000000008a900000, 0x000000008a800000| Complete 
|   1|0x000000008a900000, 0x000000008aa00000, 0x000000008aa00000|100%|HS|  |TAMS 0x000000008aa00000, 0x000000008a900000| Complete 
|   2|0x000000008aa00000, 0x000000008ab00000, 0x000000008ab00000|100%| O|  |TAMS 0x000000008ab00000, 0x000000008aa00000| Untracked 
|   3|0x000000008ab00000, 0x000000008ac00000, 0x000000008ac00000|100%| O|  |TAMS 0x000000008ac00000, 0x000000008ab00000| Untracked 
|   4|0x000000008ac00000, 0x000000008ad00000, 0x000000008ad00000|100%| O|  |TAMS 0x000000008ad00000, 0x000000008ac00000| Untracked 
|   5|0x000000008ad00000, 0x000000008ae00000, 0x000000008ae00000|100%| O|  |TAMS 0x000000008ae00000, 0x000000008ad00000| Untracked 
|   6|0x000000008ae00000, 0x000000008af00000, 0x000000008af00000|100%| O|  |TAMS 0x000000008af00000, 0x000000008ae00000| Untracked 
|   7|0x000000008af00000, 0x000000008b000000, 0x000000008b000000|100%| O|  |TAMS 0x000000008b000000, 0x000000008af00000| Untracked 
|   8|0x000000008b000000, 0x000000008b100000, 0x000000008b100000|100%| O|  |TAMS 0x000000008b100000, 0x000000008b000000| Updating 
|   9|0x000000008b100000, 0x000000008b200000, 0x000000008b200000|100%| O|  |TAMS 0x000000008b200000, 0x000000008b100000| Untracked 
|  10|0x000000008b200000, 0x000000008b300000, 0x000000008b300000|100%| O|  |TAMS 0x000000008b300000, 0x000000008b200000| Updating 
|  11|0x000000008b300000, 0x000000008b400000, 0x000000008b400000|100%| O|  |TAMS 0x000000008b400000, 0x000000008b300000| Updating 
|  12|0x000000008b400000, 0x000000008b500000, 0x000000008b500000|100%| O|  |TAMS 0x000000008b500000, 0x000000008b400000| Updating 
|  13|0x000000008b500000, 0x000000008b600000, 0x000000008b600000|100%| O|  |TAMS 0x000000008b600000, 0x000000008b500000| Updating 
|  14|0x000000008b600000, 0x000000008b700000, 0x000000008b700000|100%| O|  |TAMS 0x000000008b700000, 0x000000008b600000| Updating 
|  15|0x000000008b700000, 0x000000008b800000, 0x000000008b800000|100%| O|  |TAMS 0x000000008b800000, 0x000000008b700000| Updating 
|  16|0x000000008b800000, 0x000000008b900000, 0x000000008b900000|100%| O|  |TAMS 0x000000008b900000, 0x000000008b800000| Updating 
|  17|0x000000008b900000, 0x000000008ba00000, 0x000000008ba00000|100%| O|  |TAMS 0x000000008ba00000, 0x000000008b900000| Updating 
|  18|0x000000008ba00000, 0x000000008bb00000, 0x000000008bb00000|100%| O|  |TAMS 0x000000008bb00000, 0x000000008ba00000| Updating 
|  19|0x000000008bb00000, 0x000000008bc00000, 0x000000008bc00000|100%| O|  |TAMS 0x000000008bc00000, 0x000000008bb00000| Updating 
|  20|0x000000008bc00000, 0x000000008bd00000, 0x000000008bd00000|100%| O|  |TAMS 0x000000008bd00000, 0x000000008bc00000| Untracked 
|  21|0x000000008bd00000, 0x000000008be00000, 0x000000008be00000|100%| O|  |TAMS 0x000000008be00000, 0x000000008bd00000| Untracked 
|  22|0x000000008be00000, 0x000000008bf00000, 0x000000008bf00000|100%| O|  |TAMS 0x000000008bf00000, 0x000000008be00000| Updating 
|  23|0x000000008bf00000, 0x000000008c000000, 0x000000008c000000|100%| O|  |TAMS 0x000000008c000000, 0x000000008bf00000| Updating 
|  24|0x000000008c000000, 0x000000008c100000, 0x000000008c100000|100%| O|  |TAMS 0x000000008c100000, 0x000000008c000000| Untracked 
|  25|0x000000008c100000, 0x000000008c200000, 0x000000008c200000|100%| O|  |TAMS 0x000000008c200000, 0x000000008c100000| Updating 
|  26|0x000000008c200000, 0x000000008c300000, 0x000000008c300000|100%| O|  |TAMS 0x000000008c300000, 0x000000008c200000| Updating 
|  27|0x000000008c300000, 0x000000008c400000, 0x000000008c400000|100%| O|  |TAMS 0x000000008c400000, 0x000000008c300000| Untracked 
|  28|0x000000008c400000, 0x000000008c500000, 0x000000008c500000|100%| O|  |TAMS 0x000000008c500000, 0x000000008c400000| Untracked 
|  29|0x000000008c500000, 0x000000008c600000, 0x000000008c600000|100%| O|  |TAMS 0x000000008c600000, 0x000000008c500000| Untracked 
|  30|0x000000008c600000, 0x000000008c700000, 0x000000008c700000|100%| O|  |TAMS 0x000000008c700000, 0x000000008c600000| Updating 
|  31|0x000000008c700000, 0x000000008c800000, 0x000000008c800000|100%| O|  |TAMS 0x000000008c800000, 0x000000008c700000| Updating 
|  32|0x000000008c800000, 0x000000008c900000, 0x000000008c900000|100%| O|  |TAMS 0x000000008c900000, 0x000000008c800000| Untracked 
|  33|0x000000008c900000, 0x000000008ca00000, 0x000000008ca00000|100%| O|  |TAMS 0x000000008ca00000, 0x000000008c900000| Updating 
|  34|0x000000008ca00000, 0x000000008cb00000, 0x000000008cb00000|100%| O|  |TAMS 0x000000008cb00000, 0x000000008ca00000| Updating 
|  35|0x000000008cb00000, 0x000000008cc00000, 0x000000008cc00000|100%| O|  |TAMS 0x000000008cc00000, 0x000000008cb00000| Untracked 
|  36|0x000000008cc00000, 0x000000008cd00000, 0x000000008cd00000|100%| O|  |TAMS 0x000000008cd00000, 0x000000008cc00000| Updating 
|  37|0x000000008cd00000, 0x000000008ce00000, 0x000000008ce00000|100%| O|  |TAMS 0x000000008ce00000, 0x000000008cd00000| Untracked 
|  38|0x000000008ce00000, 0x000000008cf00000, 0x000000008cf00000|100%| O|  |TAMS 0x000000008cf00000, 0x000000008ce00000| Updating 
|  39|0x000000008cf00000, 0x000000008d000000, 0x000000008d000000|100%| O|  |TAMS 0x000000008d000000, 0x000000008cf00000| Updating 
|  40|0x000000008d000000, 0x000000008d100000, 0x000000008d100000|100%| O|  |TAMS 0x000000008d100000, 0x000000008d000000| Updating 
|  41|0x000000008d100000, 0x000000008d200000, 0x000000008d200000|100%| O|  |TAMS 0x000000008d200000, 0x000000008d100000| Updating 
|  42|0x000000008d200000, 0x000000008d300000, 0x000000008d300000|100%| O|  |TAMS 0x000000008d300000, 0x000000008d200000| Untracked 
|  43|0x000000008d300000, 0x000000008d400000, 0x000000008d400000|100%| O|  |TAMS 0x000000008d400000, 0x000000008d300000| Updating 
|  44|0x000000008d400000, 0x000000008d500000, 0x000000008d500000|100%| O|  |TAMS 0x000000008d500000, 0x000000008d400000| Untracked 
|  45|0x000000008d500000, 0x000000008d600000, 0x000000008d600000|100%| O|  |TAMS 0x000000008d600000, 0x000000008d500000| Untracked 
|  46|0x000000008d600000, 0x000000008d700000, 0x000000008d700000|100%| O|  |TAMS 0x000000008d700000, 0x000000008d600000| Untracked 
|  47|0x000000008d700000, 0x000000008d800000, 0x000000008d800000|100%| O|  |TAMS 0x000000008d800000, 0x000000008d700000| Untracked 
|  48|0x000000008d800000, 0x000000008d900000, 0x000000008d900000|100%| O|  |TAMS 0x000000008d900000, 0x000000008d800000| Untracked 
|  49|0x000000008d900000, 0x000000008da00000, 0x000000008da00000|100%| O|  |TAMS 0x000000008da00000, 0x000000008d900000| Untracked 
|  50|0x000000008da00000, 0x000000008db00000, 0x000000008db00000|100%| O|  |TAMS 0x000000008db00000, 0x000000008da00000| Untracked 
|  51|0x000000008db00000, 0x000000008dc00000, 0x000000008dc00000|100%| O|  |TAMS 0x000000008dc00000, 0x000000008db00000| Untracked 
|  52|0x000000008dc00000, 0x000000008dd00000, 0x000000008dd00000|100%| O|  |TAMS 0x000000008dd00000, 0x000000008dc00000| Untracked 
|  53|0x000000008dd00000, 0x000000008de00000, 0x000000008de00000|100%| O|  |TAMS 0x000000008de00000, 0x000000008dd00000| Untracked 
|  54|0x000000008de00000, 0x000000008df00000, 0x000000008df00000|100%| O|  |TAMS 0x000000008df00000, 0x000000008de00000| Untracked 
|  55|0x000000008df00000, 0x000000008e000000, 0x000000008e000000|100%| O|  |TAMS 0x000000008e000000, 0x000000008df00000| Updating 
|  56|0x000000008e000000, 0x000000008e100000, 0x000000008e100000|100%| O|  |TAMS 0x000000008e100000, 0x000000008e000000| Untracked 
|  57|0x000000008e100000, 0x000000008e200000, 0x000000008e200000|100%| O|  |TAMS 0x000000008e200000, 0x000000008e100000| Updating 
|  58|0x000000008e200000, 0x000000008e300000, 0x000000008e300000|100%| O|  |TAMS 0x000000008e300000, 0x000000008e200000| Untracked 
|  59|0x000000008e300000, 0x000000008e400000, 0x000000008e400000|100%| O|  |TAMS 0x000000008e400000, 0x000000008e300000| Untracked 
|  60|0x000000008e400000, 0x000000008e500000, 0x000000008e500000|100%| O|  |TAMS 0x000000008e500000, 0x000000008e400000| Untracked 
|  61|0x000000008e500000, 0x000000008e600000, 0x000000008e600000|100%| O|  |TAMS 0x000000008e600000, 0x000000008e500000| Untracked 
|  62|0x000000008e600000, 0x000000008e700000, 0x000000008e700000|100%| O|  |TAMS 0x000000008e700000, 0x000000008e600000| Untracked 
|  63|0x000000008e700000, 0x000000008e800000, 0x000000008e800000|100%| O|  |TAMS 0x000000008e800000, 0x000000008e700000| Untracked 
|  64|0x000000008e800000, 0x000000008e900000, 0x000000008e900000|100%| O|  |TAMS 0x000000008e900000, 0x000000008e800000| Untracked 
|  65|0x000000008e900000, 0x000000008ea00000, 0x000000008ea00000|100%| O|  |TAMS 0x000000008ea00000, 0x000000008e900000| Untracked 
|  66|0x000000008ea00000, 0x000000008eb00000, 0x000000008eb00000|100%| O|  |TAMS 0x000000008eb00000, 0x000000008ea00000| Untracked 
|  67|0x000000008eb00000, 0x000000008ec00000, 0x000000008ec00000|100%| O|  |TAMS 0x000000008ec00000, 0x000000008eb00000| Untracked 
|  68|0x000000008ec00000, 0x000000008ed00000, 0x000000008ed00000|100%| O|  |TAMS 0x000000008ed00000, 0x000000008ec00000| Untracked 
|  69|0x000000008ed00000, 0x000000008ee00000, 0x000000008ee00000|100%| O|  |TAMS 0x000000008ee00000, 0x000000008ed00000| Untracked 
|  70|0x000000008ee00000, 0x000000008ef00000, 0x000000008ef00000|100%| O|  |TAMS 0x000000008ef00000, 0x000000008ee00000| Untracked 
|  71|0x000000008ef00000, 0x000000008f000000, 0x000000008f000000|100%| O|  |TAMS 0x000000008f000000, 0x000000008ef00000| Untracked 
|  72|0x000000008f000000, 0x000000008f100000, 0x000000008f100000|100%| O|  |TAMS 0x000000008f100000, 0x000000008f000000| Untracked 
|  73|0x000000008f100000, 0x000000008f200000, 0x000000008f200000|100%| O|  |TAMS 0x000000008f200000, 0x000000008f100000| Untracked 
|  74|0x000000008f200000, 0x000000008f300000, 0x000000008f300000|100%| O|  |TAMS 0x000000008f300000, 0x000000008f200000| Untracked 
|  75|0x000000008f300000, 0x000000008f400000, 0x000000008f400000|100%| O|  |TAMS 0x000000008f400000, 0x000000008f300000| Updating 
|  76|0x000000008f400000, 0x000000008f500000, 0x000000008f500000|100%| O|  |TAMS 0x000000008f500000, 0x000000008f400000| Untracked 
|  77|0x000000008f500000, 0x000000008f600000, 0x000000008f600000|100%| O|  |TAMS 0x000000008f600000, 0x000000008f500000| Untracked 
|  78|0x000000008f600000, 0x000000008f700000, 0x000000008f700000|100%| O|  |TAMS 0x000000008f700000, 0x000000008f600000| Untracked 
|  79|0x000000008f700000, 0x000000008f800000, 0x000000008f800000|100%| O|  |TAMS 0x000000008f800000, 0x000000008f700000| Updating 
|  80|0x000000008f800000, 0x000000008f900000, 0x000000008f900000|100%| O|  |TAMS 0x000000008f900000, 0x000000008f800000| Untracked 
|  81|0x000000008f900000, 0x000000008fa00000, 0x000000008fa00000|100%| O|  |TAMS 0x000000008fa00000, 0x000000008f900000| Untracked 
|  82|0x000000008fa00000, 0x000000008fb00000, 0x000000008fb00000|100%| O|  |TAMS 0x000000008fb00000, 0x000000008fa00000| Untracked 
|  83|0x000000008fb00000, 0x000000008fc00000, 0x000000008fc00000|100%| O|  |TAMS 0x000000008fc00000, 0x000000008fb00000| Untracked 
|  84|0x000000008fc00000, 0x000000008fd00000, 0x000000008fd00000|100%| O|  |TAMS 0x000000008fd00000, 0x000000008fc00000| Untracked 
|  85|0x000000008fd00000, 0x000000008fe00000, 0x000000008fe00000|100%| O|  |TAMS 0x000000008fe00000, 0x000000008fd00000| Untracked 
|  86|0x000000008fe00000, 0x000000008ff00000, 0x000000008ff00000|100%| O|  |TAMS 0x000000008ff00000, 0x000000008fe00000| Untracked 
|  87|0x000000008ff00000, 0x0000000090000000, 0x0000000090000000|100%| O|  |TAMS 0x0000000090000000, 0x000000008ff00000| Untracked 
|  88|0x0000000090000000, 0x0000000090100000, 0x0000000090100000|100%| O|  |TAMS 0x0000000090100000, 0x0000000090000000| Untracked 
|  89|0x0000000090100000, 0x0000000090200000, 0x0000000090200000|100%| O|  |TAMS 0x0000000090200000, 0x0000000090100000| Untracked 
|  90|0x0000000090200000, 0x0000000090300000, 0x0000000090300000|100%| O|  |TAMS 0x0000000090300000, 0x0000000090200000| Untracked 
|  91|0x0000000090300000, 0x0000000090400000, 0x0000000090400000|100%| O|  |TAMS 0x0000000090400000, 0x0000000090300000| Untracked 
|  92|0x0000000090400000, 0x0000000090500000, 0x0000000090500000|100%| O|  |TAMS 0x0000000090500000, 0x0000000090400000| Untracked 
|  93|0x0000000090500000, 0x0000000090600000, 0x0000000090600000|100%| O|  |TAMS 0x0000000090600000, 0x0000000090500000| Untracked 
|  94|0x0000000090600000, 0x0000000090700000, 0x0000000090700000|100%| O|  |TAMS 0x0000000090700000, 0x0000000090600000| Untracked 
|  95|0x0000000090700000, 0x0000000090800000, 0x0000000090800000|100%| O|  |TAMS 0x0000000090800000, 0x0000000090700000| Untracked 
|  96|0x0000000090800000, 0x0000000090900000, 0x0000000090900000|100%| O|  |TAMS 0x0000000090900000, 0x0000000090800000| Untracked 
|  97|0x0000000090900000, 0x0000000090a00000, 0x0000000090a00000|100%| O|  |TAMS 0x0000000090a00000, 0x0000000090900000| Untracked 
|  98|0x0000000090a00000, 0x0000000090b00000, 0x0000000090b00000|100%| O|  |TAMS 0x0000000090b00000, 0x0000000090a00000| Untracked 
|  99|0x0000000090b00000, 0x0000000090c00000, 0x0000000090c00000|100%| O|  |TAMS 0x0000000090c00000, 0x0000000090b00000| Untracked 
| 100|0x0000000090c00000, 0x0000000090d00000, 0x0000000090d00000|100%| O|  |TAMS 0x0000000090d00000, 0x0000000090c00000| Untracked 
| 101|0x0000000090d00000, 0x0000000090e00000, 0x0000000090e00000|100%| O|  |TAMS 0x0000000090e00000, 0x0000000090d00000| Untracked 
| 102|0x0000000090e00000, 0x0000000090f00000, 0x0000000090f00000|100%| O|  |TAMS 0x0000000090f00000, 0x0000000090e00000| Updating 
| 103|0x0000000090f00000, 0x0000000091000000, 0x0000000091000000|100%| O|  |TAMS 0x0000000091000000, 0x0000000090f00000| Updating 
| 104|0x0000000091000000, 0x0000000091100000, 0x0000000091100000|100%| O|  |TAMS 0x0000000091100000, 0x0000000091000000| Untracked 
| 105|0x0000000091100000, 0x0000000091200000, 0x0000000091200000|100%| O|  |TAMS 0x0000000091200000, 0x0000000091100000| Untracked 
| 106|0x0000000091200000, 0x0000000091300000, 0x0000000091300000|100%| O|  |TAMS 0x0000000091300000, 0x0000000091200000| Untracked 
| 107|0x0000000091300000, 0x0000000091400000, 0x0000000091400000|100%| O|  |TAMS 0x0000000091400000, 0x0000000091300000| Untracked 
| 108|0x0000000091400000, 0x0000000091500000, 0x0000000091500000|100%| O|  |TAMS 0x0000000091500000, 0x0000000091400000| Untracked 
| 109|0x0000000091500000, 0x0000000091600000, 0x0000000091600000|100%| O|  |TAMS 0x0000000091600000, 0x0000000091500000| Untracked 
| 110|0x0000000091600000, 0x0000000091700000, 0x0000000091700000|100%| O|  |TAMS 0x0000000091700000, 0x0000000091600000| Untracked 
| 111|0x0000000091700000, 0x0000000091800000, 0x0000000091800000|100%| O|  |TAMS 0x0000000091800000, 0x0000000091700000| Untracked 
| 112|0x0000000091800000, 0x0000000091900000, 0x0000000091900000|100%| O|  |TAMS 0x0000000091900000, 0x0000000091800000| Untracked 
| 113|0x0000000091900000, 0x0000000091a00000, 0x0000000091a00000|100%| O|  |TAMS 0x0000000091a00000, 0x0000000091900000| Untracked 
| 114|0x0000000091a00000, 0x0000000091b00000, 0x0000000091b00000|100%| O|  |TAMS 0x0000000091b00000, 0x0000000091a00000| Untracked 
| 115|0x0000000091b00000, 0x0000000091c00000, 0x0000000091c00000|100%| O|  |TAMS 0x0000000091c00000, 0x0000000091b00000| Untracked 
| 116|0x0000000091c00000, 0x0000000091d00000, 0x0000000091d00000|100%| O|  |TAMS 0x0000000091d00000, 0x0000000091c00000| Updating 
| 117|0x0000000091d00000, 0x0000000091e00000, 0x0000000091e00000|100%| O|  |TAMS 0x0000000091e00000, 0x0000000091d00000| Untracked 
| 118|0x0000000091e00000, 0x0000000091f00000, 0x0000000091f00000|100%| O|  |TAMS 0x0000000091f00000, 0x0000000091e00000| Untracked 
| 119|0x0000000091f00000, 0x0000000092000000, 0x0000000092000000|100%| O|  |TAMS 0x0000000092000000, 0x0000000091f00000| Untracked 
| 120|0x0000000092000000, 0x0000000092100000, 0x0000000092100000|100%| O|  |TAMS 0x0000000092100000, 0x0000000092000000| Untracked 
| 121|0x0000000092100000, 0x0000000092200000, 0x0000000092200000|100%| O|  |TAMS 0x0000000092200000, 0x0000000092100000| Untracked 
| 122|0x0000000092200000, 0x0000000092300000, 0x0000000092300000|100%| O|  |TAMS 0x0000000092300000, 0x0000000092200000| Updating 
| 123|0x0000000092300000, 0x0000000092400000, 0x0000000092400000|100%| O|  |TAMS 0x0000000092400000, 0x0000000092300000| Untracked 
| 124|0x0000000092400000, 0x0000000092500000, 0x0000000092500000|100%| O|  |TAMS 0x0000000092500000, 0x0000000092400000| Untracked 
| 125|0x0000000092500000, 0x0000000092600000, 0x0000000092600000|100%| O|  |TAMS 0x0000000092600000, 0x0000000092500000| Untracked 
| 126|0x0000000092600000, 0x0000000092700000, 0x0000000092700000|100%| O|  |TAMS 0x0000000092700000, 0x0000000092600000| Untracked 
| 127|0x0000000092700000, 0x0000000092800000, 0x0000000092800000|100%| O|  |TAMS 0x0000000092800000, 0x0000000092700000| Untracked 
| 128|0x0000000092800000, 0x0000000092900000, 0x0000000092900000|100%| O|  |TAMS 0x0000000092900000, 0x0000000092800000| Untracked 
| 129|0x0000000092900000, 0x0000000092a00000, 0x0000000092a00000|100%| O|  |TAMS 0x0000000092a00000, 0x0000000092900000| Untracked 
| 130|0x0000000092a00000, 0x0000000092b00000, 0x0000000092b00000|100%| O|  |TAMS 0x0000000092b00000, 0x0000000092a00000| Untracked 
| 131|0x0000000092b00000, 0x0000000092c00000, 0x0000000092c00000|100%| O|  |TAMS 0x0000000092c00000, 0x0000000092b00000| Untracked 
| 132|0x0000000092c00000, 0x0000000092d00000, 0x0000000092d00000|100%| O|  |TAMS 0x0000000092d00000, 0x0000000092c00000| Untracked 
| 133|0x0000000092d00000, 0x0000000092e00000, 0x0000000092e00000|100%| O|  |TAMS 0x0000000092e00000, 0x0000000092d00000| Untracked 
| 134|0x0000000092e00000, 0x0000000092f00000, 0x0000000092f00000|100%| O|  |TAMS 0x0000000092f00000, 0x0000000092e00000| Untracked 
| 135|0x0000000092f00000, 0x0000000093000000, 0x0000000093000000|100%| O|  |TAMS 0x0000000093000000, 0x0000000092f00000| Untracked 
| 136|0x0000000093000000, 0x0000000093100000, 0x0000000093100000|100%| O|  |TAMS 0x0000000093100000, 0x0000000093000000| Untracked 
| 137|0x0000000093100000, 0x0000000093200000, 0x0000000093200000|100%| O|  |TAMS 0x0000000093200000, 0x0000000093100000| Untracked 
| 138|0x0000000093200000, 0x0000000093300000, 0x0000000093300000|100%| O|  |TAMS 0x0000000093300000, 0x0000000093200000| Untracked 
| 139|0x0000000093300000, 0x0000000093400000, 0x0000000093400000|100%| O|  |TAMS 0x0000000093400000, 0x0000000093300000| Untracked 
| 140|0x0000000093400000, 0x0000000093500000, 0x0000000093500000|100%| O|  |TAMS 0x0000000093500000, 0x0000000093400000| Untracked 
| 141|0x0000000093500000, 0x0000000093600000, 0x0000000093600000|100%| O|  |TAMS 0x0000000093600000, 0x0000000093500000| Untracked 
| 142|0x0000000093600000, 0x0000000093700000, 0x0000000093700000|100%| O|  |TAMS 0x0000000093700000, 0x0000000093600000| Untracked 
| 143|0x0000000093700000, 0x0000000093800000, 0x0000000093800000|100%| O|  |TAMS 0x0000000093800000, 0x0000000093700000| Untracked 
| 144|0x0000000093800000, 0x0000000093900000, 0x0000000093900000|100%| O|  |TAMS 0x0000000093900000, 0x0000000093800000| Untracked 
| 145|0x0000000093900000, 0x0000000093a00000, 0x0000000093a00000|100%| O|  |TAMS 0x0000000093a00000, 0x0000000093900000| Updating 
| 146|0x0000000093a00000, 0x0000000093b00000, 0x0000000093b00000|100%| O|  |TAMS 0x0000000093b00000, 0x0000000093a00000| Updating 
| 147|0x0000000093b00000, 0x0000000093c00000, 0x0000000093c00000|100%| O|  |TAMS 0x0000000093c00000, 0x0000000093b00000| Untracked 
| 148|0x0000000093c00000, 0x0000000093d00000, 0x0000000093d00000|100%| O|  |TAMS 0x0000000093d00000, 0x0000000093c00000| Untracked 
| 149|0x0000000093d00000, 0x0000000093e00000, 0x0000000093e00000|100%| O|  |TAMS 0x0000000093e00000, 0x0000000093d00000| Untracked 
| 150|0x0000000093e00000, 0x0000000093f00000, 0x0000000093f00000|100%| O|  |TAMS 0x0000000093f00000, 0x0000000093e00000| Untracked 
| 151|0x0000000093f00000, 0x0000000094000000, 0x0000000094000000|100%| O|  |TAMS 0x0000000094000000, 0x0000000093f00000| Untracked 
| 152|0x0000000094000000, 0x0000000094100000, 0x0000000094100000|100%| O|  |TAMS 0x0000000094100000, 0x0000000094000000| Untracked 
| 153|0x0000000094100000, 0x0000000094200000, 0x0000000094200000|100%| O|  |TAMS 0x0000000094200000, 0x0000000094100000| Untracked 
| 154|0x0000000094200000, 0x0000000094300000, 0x0000000094300000|100%| O|  |TAMS 0x0000000094300000, 0x0000000094200000| Untracked 
| 155|0x0000000094300000, 0x0000000094400000, 0x0000000094400000|100%| O|  |TAMS 0x0000000094400000, 0x0000000094300000| Updating 
| 156|0x0000000094400000, 0x0000000094500000, 0x0000000094500000|100%| O|  |TAMS 0x0000000094500000, 0x0000000094400000| Untracked 
| 157|0x0000000094500000, 0x0000000094600000, 0x0000000094600000|100%| O|  |TAMS 0x0000000094600000, 0x0000000094500000| Untracked 
| 158|0x0000000094600000, 0x0000000094700000, 0x0000000094700000|100%| O|  |TAMS 0x0000000094700000, 0x0000000094600000| Untracked 
| 159|0x0000000094700000, 0x0000000094800000, 0x0000000094800000|100%| O|  |TAMS 0x0000000094800000, 0x0000000094700000| Updating 
| 160|0x0000000094800000, 0x0000000094900000, 0x0000000094900000|100%| O|  |TAMS 0x0000000094900000, 0x0000000094800000| Untracked 
| 161|0x0000000094900000, 0x0000000094a00000, 0x0000000094a00000|100%| O|  |TAMS 0x0000000094a00000, 0x0000000094900000| Untracked 
| 162|0x0000000094a00000, 0x0000000094b00000, 0x0000000094b00000|100%| O|  |TAMS 0x0000000094b00000, 0x0000000094a00000| Untracked 
| 163|0x0000000094b00000, 0x0000000094c00000, 0x0000000094c00000|100%| O|  |TAMS 0x0000000094c00000, 0x0000000094b00000| Untracked 
| 164|0x0000000094c00000, 0x0000000094d00000, 0x0000000094d00000|100%| O|  |TAMS 0x0000000094d00000, 0x0000000094c00000| Updating 
| 165|0x0000000094d00000, 0x0000000094e00000, 0x0000000094e00000|100%| O|  |TAMS 0x0000000094e00000, 0x0000000094d00000| Untracked 
| 166|0x0000000094e00000, 0x0000000094f00000, 0x0000000094f00000|100%| O|  |TAMS 0x0000000094f00000, 0x0000000094e00000| Updating 
| 167|0x0000000094f00000, 0x0000000095000000, 0x0000000095000000|100%| O|  |TAMS 0x0000000095000000, 0x0000000094f00000| Untracked 
| 168|0x0000000095000000, 0x0000000095100000, 0x0000000095100000|100%| O|  |TAMS 0x0000000095100000, 0x0000000095000000| Untracked 
| 169|0x0000000095100000, 0x0000000095200000, 0x0000000095200000|100%| O|  |TAMS 0x0000000095200000, 0x0000000095100000| Untracked 
| 170|0x0000000095200000, 0x0000000095300000, 0x0000000095300000|100%| O|  |TAMS 0x0000000095300000, 0x0000000095200000| Updating 
| 171|0x0000000095300000, 0x0000000095400000, 0x0000000095400000|100%| O|  |TAMS 0x0000000095400000, 0x0000000095300000| Untracked 
| 172|0x0000000095400000, 0x0000000095500000, 0x0000000095500000|100%| O|  |TAMS 0x0000000095500000, 0x0000000095400000| Untracked 
| 173|0x0000000095500000, 0x0000000095600000, 0x0000000095600000|100%| O|  |TAMS 0x0000000095600000, 0x0000000095500000| Updating 
| 174|0x0000000095600000, 0x0000000095700000, 0x0000000095700000|100%| O|  |TAMS 0x0000000095700000, 0x0000000095600000| Untracked 
| 175|0x0000000095700000, 0x0000000095800000, 0x0000000095800000|100%| O|  |TAMS 0x0000000095800000, 0x0000000095700000| Untracked 
| 176|0x0000000095800000, 0x0000000095900000, 0x0000000095900000|100%| O|  |TAMS 0x0000000095900000, 0x0000000095800000| Untracked 
| 177|0x0000000095900000, 0x0000000095a00000, 0x0000000095a00000|100%| O|  |TAMS 0x0000000095a00000, 0x0000000095900000| Untracked 
| 178|0x0000000095a00000, 0x0000000095b00000, 0x0000000095b00000|100%| O|  |TAMS 0x0000000095b00000, 0x0000000095a00000| Updating 
| 179|0x0000000095b00000, 0x0000000095b00000, 0x0000000095c00000|  0%| F|  |TAMS 0x0000000095b00000, 0x0000000095b00000| Untracked 
| 180|0x0000000095c00000, 0x0000000095c00000, 0x0000000095d00000|  0%| F|  |TAMS 0x0000000095c00000, 0x0000000095c00000| Untracked 
| 181|0x0000000095d00000, 0x0000000095e00000, 0x0000000095e00000|100%| O|  |TAMS 0x0000000095e00000, 0x0000000095d00000| Untracked 
| 182|0x0000000095e00000, 0x0000000095f00000, 0x0000000095f00000|100%| O|  |TAMS 0x0000000095f00000, 0x0000000095e00000| Untracked 
| 183|0x0000000095f00000, 0x0000000096000000, 0x0000000096000000|100%| O|  |TAMS 0x0000000096000000, 0x0000000095f00000| Untracked 
| 184|0x0000000096000000, 0x0000000096100000, 0x0000000096100000|100%| O|  |TAMS 0x0000000096100000, 0x0000000096000000| Untracked 
| 185|0x0000000096100000, 0x0000000096200000, 0x0000000096200000|100%| O|  |TAMS 0x0000000096200000, 0x0000000096100000| Untracked 
| 186|0x0000000096200000, 0x0000000096300000, 0x0000000096300000|100%| O|  |TAMS 0x0000000096300000, 0x0000000096200000| Untracked 
| 187|0x0000000096300000, 0x0000000096400000, 0x0000000096400000|100%| O|  |TAMS 0x0000000096400000, 0x0000000096300000| Untracked 
| 188|0x0000000096400000, 0x0000000096500000, 0x0000000096500000|100%| O|  |TAMS 0x0000000096500000, 0x0000000096400000| Untracked 
| 189|0x0000000096500000, 0x0000000096600000, 0x0000000096600000|100%| O|  |TAMS 0x0000000096600000, 0x0000000096500000| Untracked 
| 190|0x0000000096600000, 0x0000000096700000, 0x0000000096700000|100%| O|  |TAMS 0x0000000096700000, 0x0000000096600000| Untracked 
| 191|0x0000000096700000, 0x0000000096800000, 0x0000000096800000|100%| O|  |TAMS 0x0000000096800000, 0x0000000096700000| Untracked 
| 192|0x0000000096800000, 0x0000000096900000, 0x0000000096900000|100%| O|  |TAMS 0x0000000096900000, 0x0000000096800000| Updating 
| 193|0x0000000096900000, 0x0000000096a00000, 0x0000000096a00000|100%| O|  |TAMS 0x0000000096a00000, 0x0000000096900000| Untracked 
| 194|0x0000000096a00000, 0x0000000096b00000, 0x0000000096b00000|100%| O|  |TAMS 0x0000000096b00000, 0x0000000096a00000| Untracked 
| 195|0x0000000096b00000, 0x0000000096c00000, 0x0000000096c00000|100%| O|  |TAMS 0x0000000096c00000, 0x0000000096b00000| Untracked 
| 196|0x0000000096c00000, 0x0000000096d00000, 0x0000000096d00000|100%| O|  |TAMS 0x0000000096d00000, 0x0000000096c00000| Untracked 
| 197|0x0000000096d00000, 0x0000000096e00000, 0x0000000096e00000|100%| O|  |TAMS 0x0000000096e00000, 0x0000000096d00000| Untracked 
| 198|0x0000000096e00000, 0x0000000096f00000, 0x0000000096f00000|100%| O|  |TAMS 0x0000000096f00000, 0x0000000096e00000| Untracked 
| 199|0x0000000096f00000, 0x0000000097000000, 0x0000000097000000|100%| O|  |TAMS 0x0000000097000000, 0x0000000096f00000| Untracked 
| 200|0x0000000097000000, 0x0000000097100000, 0x0000000097100000|100%| O|  |TAMS 0x0000000097100000, 0x0000000097000000| Untracked 
| 201|0x0000000097100000, 0x0000000097200000, 0x0000000097200000|100%| O|  |TAMS 0x0000000097200000, 0x0000000097100000| Updating 
| 202|0x0000000097200000, 0x0000000097300000, 0x0000000097300000|100%| O|  |TAMS 0x0000000097300000, 0x0000000097200000| Untracked 
| 203|0x0000000097300000, 0x0000000097400000, 0x0000000097400000|100%| O|  |TAMS 0x0000000097400000, 0x0000000097300000| Untracked 
| 204|0x0000000097400000, 0x0000000097500000, 0x0000000097500000|100%| O|  |TAMS 0x0000000097500000, 0x0000000097400000| Updating 
| 205|0x0000000097500000, 0x0000000097600000, 0x0000000097600000|100%| O|  |TAMS 0x0000000097600000, 0x0000000097500000| Updating 
| 206|0x0000000097600000, 0x0000000097700000, 0x0000000097700000|100%| O|  |TAMS 0x0000000097700000, 0x0000000097600000| Untracked 
| 207|0x0000000097700000, 0x0000000097800000, 0x0000000097800000|100%| O|  |TAMS 0x0000000097800000, 0x0000000097700000| Untracked 
| 208|0x0000000097800000, 0x0000000097900000, 0x0000000097900000|100%| O|  |TAMS 0x0000000097900000, 0x0000000097800000| Untracked 
| 209|0x0000000097900000, 0x0000000097a00000, 0x0000000097a00000|100%| O|  |TAMS 0x0000000097a00000, 0x0000000097900000| Untracked 
| 210|0x0000000097a00000, 0x0000000097b00000, 0x0000000097b00000|100%| O|  |TAMS 0x0000000097b00000, 0x0000000097a00000| Untracked 
| 211|0x0000000097b00000, 0x0000000097c00000, 0x0000000097c00000|100%| O|  |TAMS 0x0000000097c00000, 0x0000000097b00000| Untracked 
| 212|0x0000000097c00000, 0x0000000097d00000, 0x0000000097d00000|100%| O|  |TAMS 0x0000000097d00000, 0x0000000097c00000| Untracked 
| 213|0x0000000097d00000, 0x0000000097e00000, 0x0000000097e00000|100%| O|  |TAMS 0x0000000097e00000, 0x0000000097d00000| Updating 
| 214|0x0000000097e00000, 0x0000000097f00000, 0x0000000097f00000|100%| O|  |TAMS 0x0000000097f00000, 0x0000000097e00000| Updating 
| 215|0x0000000097f00000, 0x0000000098000000, 0x0000000098000000|100%| O|  |TAMS 0x0000000098000000, 0x0000000097f00000| Untracked 
| 216|0x0000000098000000, 0x0000000098100000, 0x0000000098100000|100%| O|  |TAMS 0x0000000098100000, 0x0000000098000000| Untracked 
| 217|0x0000000098100000, 0x0000000098200000, 0x0000000098200000|100%| O|  |TAMS 0x0000000098200000, 0x0000000098100000| Updating 
| 218|0x0000000098200000, 0x0000000098300000, 0x0000000098300000|100%| O|  |TAMS 0x0000000098300000, 0x0000000098200000| Untracked 
| 219|0x0000000098300000, 0x0000000098400000, 0x0000000098400000|100%| O|  |TAMS 0x0000000098400000, 0x0000000098300000| Untracked 
| 220|0x0000000098400000, 0x0000000098400000, 0x0000000098500000|  0%| F|  |TAMS 0x0000000098400000, 0x0000000098400000| Untracked 
| 221|0x0000000098500000, 0x0000000098500000, 0x0000000098600000|  0%| F|  |TAMS 0x0000000098500000, 0x0000000098500000| Untracked 
| 222|0x0000000098600000, 0x0000000098700000, 0x0000000098700000|100%| O|  |TAMS 0x0000000098700000, 0x0000000098600000| Untracked 
| 223|0x0000000098700000, 0x0000000098800000, 0x0000000098800000|100%| O|  |TAMS 0x0000000098800000, 0x0000000098700000| Untracked 
| 224|0x0000000098800000, 0x0000000098900000, 0x0000000098900000|100%| O|  |TAMS 0x0000000098900000, 0x0000000098800000| Untracked 
| 225|0x0000000098900000, 0x0000000098900000, 0x0000000098a00000|  0%| F|  |TAMS 0x0000000098900000, 0x0000000098900000| Untracked 
| 226|0x0000000098a00000, 0x0000000098a00000, 0x0000000098b00000|  0%| F|  |TAMS 0x0000000098a00000, 0x0000000098a00000| Untracked 
| 227|0x0000000098b00000, 0x0000000098c00000, 0x0000000098c00000|100%| O|  |TAMS 0x0000000098c00000, 0x0000000098b00000| Untracked 
| 228|0x0000000098c00000, 0x0000000098d00000, 0x0000000098d00000|100%| O|  |TAMS 0x0000000098d00000, 0x0000000098c00000| Untracked 
| 229|0x0000000098d00000, 0x0000000098e00000, 0x0000000098e00000|100%| O|  |TAMS 0x0000000098e00000, 0x0000000098d00000| Untracked 
| 230|0x0000000098e00000, 0x0000000098f00000, 0x0000000098f00000|100%| O|  |TAMS 0x0000000098f00000, 0x0000000098e00000| Updating 
| 231|0x0000000098f00000, 0x0000000098f00000, 0x0000000099000000|  0%| F|  |TAMS 0x0000000098f00000, 0x0000000098f00000| Untracked 
| 232|0x0000000099000000, 0x0000000099000000, 0x0000000099100000|  0%| F|  |TAMS 0x0000000099000000, 0x0000000099000000| Untracked 
| 233|0x0000000099100000, 0x0000000099200000, 0x0000000099200000|100%| O|  |TAMS 0x0000000099200000, 0x0000000099100000| Untracked 
| 234|0x0000000099200000, 0x0000000099300000, 0x0000000099300000|100%| O|  |TAMS 0x0000000099300000, 0x0000000099200000| Untracked 
| 235|0x0000000099300000, 0x0000000099400000, 0x0000000099400000|100%| O|  |TAMS 0x0000000099400000, 0x0000000099300000| Updating 
| 236|0x0000000099400000, 0x0000000099500000, 0x0000000099500000|100%| O|  |TAMS 0x0000000099500000, 0x0000000099400000| Untracked 
| 237|0x0000000099500000, 0x0000000099600000, 0x0000000099600000|100%| O|  |TAMS 0x0000000099600000, 0x0000000099500000| Untracked 
| 238|0x0000000099600000, 0x0000000099700000, 0x0000000099700000|100%| O|  |TAMS 0x0000000099700000, 0x0000000099600000| Updating 
| 239|0x0000000099700000, 0x0000000099800000, 0x0000000099800000|100%| O|  |TAMS 0x0000000099800000, 0x0000000099700000| Untracked 
| 240|0x0000000099800000, 0x0000000099900000, 0x0000000099900000|100%| O|  |TAMS 0x0000000099900000, 0x0000000099800000| Untracked 
| 241|0x0000000099900000, 0x0000000099a00000, 0x0000000099a00000|100%| O|  |TAMS 0x0000000099a00000, 0x0000000099900000| Untracked 
| 242|0x0000000099a00000, 0x0000000099b00000, 0x0000000099b00000|100%| O|  |TAMS 0x0000000099b00000, 0x0000000099a00000| Untracked 
| 243|0x0000000099b00000, 0x0000000099c00000, 0x0000000099c00000|100%| O|  |TAMS 0x0000000099c00000, 0x0000000099b00000| Untracked 
| 244|0x0000000099c00000, 0x0000000099d00000, 0x0000000099d00000|100%| O|  |TAMS 0x0000000099d00000, 0x0000000099c00000| Untracked 
| 245|0x0000000099d00000, 0x0000000099e00000, 0x0000000099e00000|100%| O|  |TAMS 0x0000000099e00000, 0x0000000099d00000| Untracked 
| 246|0x0000000099e00000, 0x0000000099f00000, 0x0000000099f00000|100%| O|  |TAMS 0x0000000099f00000, 0x0000000099e00000| Untracked 
| 247|0x0000000099f00000, 0x000000009a000000, 0x000000009a000000|100%| O|  |TAMS 0x000000009a000000, 0x0000000099f00000| Untracked 
| 248|0x000000009a000000, 0x000000009a100000, 0x000000009a100000|100%| O|  |TAMS 0x000000009a100000, 0x000000009a000000| Untracked 
| 249|0x000000009a100000, 0x000000009a200000, 0x000000009a200000|100%| O|  |TAMS 0x000000009a200000, 0x000000009a100000| Untracked 
| 250|0x000000009a200000, 0x000000009a300000, 0x000000009a300000|100%| O|  |TAMS 0x000000009a300000, 0x000000009a200000| Untracked 
| 251|0x000000009a300000, 0x000000009a400000, 0x000000009a400000|100%| O|  |TAMS 0x000000009a400000, 0x000000009a300000| Untracked 
| 252|0x000000009a400000, 0x000000009a500000, 0x000000009a500000|100%| O|  |TAMS 0x000000009a500000, 0x000000009a400000| Updating 
| 253|0x000000009a500000, 0x000000009a600000, 0x000000009a600000|100%| O|  |TAMS 0x000000009a600000, 0x000000009a500000| Updating 
| 254|0x000000009a600000, 0x000000009a700000, 0x000000009a700000|100%| O|  |TAMS 0x000000009a700000, 0x000000009a600000| Untracked 
| 255|0x000000009a700000, 0x000000009a800000, 0x000000009a800000|100%| O|  |TAMS 0x000000009a800000, 0x000000009a700000| Untracked 
| 256|0x000000009a800000, 0x000000009a900000, 0x000000009a900000|100%| O|  |TAMS 0x000000009a900000, 0x000000009a800000| Untracked 
| 257|0x000000009a900000, 0x000000009aa00000, 0x000000009aa00000|100%| O|  |TAMS 0x000000009aa00000, 0x000000009a900000| Untracked 
| 258|0x000000009aa00000, 0x000000009ab00000, 0x000000009ab00000|100%| O|  |TAMS 0x000000009ab00000, 0x000000009aa00000| Untracked 
| 259|0x000000009ab00000, 0x000000009ac00000, 0x000000009ac00000|100%| O|  |TAMS 0x000000009ac00000, 0x000000009ab00000| Updating 
| 260|0x000000009ac00000, 0x000000009ad00000, 0x000000009ad00000|100%| O|  |TAMS 0x000000009ad00000, 0x000000009ac00000| Updating 
| 261|0x000000009ad00000, 0x000000009ae00000, 0x000000009ae00000|100%| O|  |TAMS 0x000000009ae00000, 0x000000009ad00000| Untracked 
| 262|0x000000009ae00000, 0x000000009af00000, 0x000000009af00000|100%| O|  |TAMS 0x000000009af00000, 0x000000009ae00000| Untracked 
| 263|0x000000009af00000, 0x000000009b000000, 0x000000009b000000|100%| O|  |TAMS 0x000000009b000000, 0x000000009af00000| Untracked 
| 264|0x000000009b000000, 0x000000009b100000, 0x000000009b100000|100%| O|  |TAMS 0x000000009b100000, 0x000000009b000000| Untracked 
| 265|0x000000009b100000, 0x000000009b200000, 0x000000009b200000|100%| O|  |TAMS 0x000000009b200000, 0x000000009b100000| Untracked 
| 266|0x000000009b200000, 0x000000009b300000, 0x000000009b300000|100%| O|  |TAMS 0x000000009b300000, 0x000000009b200000| Untracked 
| 267|0x000000009b300000, 0x000000009b400000, 0x000000009b400000|100%| O|  |TAMS 0x000000009b400000, 0x000000009b300000| Untracked 
| 268|0x000000009b400000, 0x000000009b500000, 0x000000009b500000|100%| O|  |TAMS 0x000000009b500000, 0x000000009b400000| Updating 
| 269|0x000000009b500000, 0x000000009b600000, 0x000000009b600000|100%| O|  |TAMS 0x000000009b600000, 0x000000009b500000| Updating 
| 270|0x000000009b600000, 0x000000009b700000, 0x000000009b700000|100%| O|  |TAMS 0x000000009b700000, 0x000000009b600000| Untracked 
| 271|0x000000009b700000, 0x000000009b800000, 0x000000009b800000|100%| O|  |TAMS 0x000000009b800000, 0x000000009b700000| Untracked 
| 272|0x000000009b800000, 0x000000009b900000, 0x000000009b900000|100%| O|  |TAMS 0x000000009b900000, 0x000000009b800000| Untracked 
| 273|0x000000009b900000, 0x000000009ba00000, 0x000000009ba00000|100%| O|  |TAMS 0x000000009ba00000, 0x000000009b900000| Untracked 
| 274|0x000000009ba00000, 0x000000009bb00000, 0x000000009bb00000|100%| O|  |TAMS 0x000000009bb00000, 0x000000009ba00000| Untracked 
| 275|0x000000009bb00000, 0x000000009bc00000, 0x000000009bc00000|100%| O|  |TAMS 0x000000009bc00000, 0x000000009bb00000| Updating 
| 276|0x000000009bc00000, 0x000000009bd00000, 0x000000009bd00000|100%| O|  |TAMS 0x000000009bd00000, 0x000000009bc00000| Untracked 
| 277|0x000000009bd00000, 0x000000009be00000, 0x000000009be00000|100%| O|  |TAMS 0x000000009be00000, 0x000000009bd00000| Untracked 
| 278|0x000000009be00000, 0x000000009bf00000, 0x000000009bf00000|100%| O|  |TAMS 0x000000009bf00000, 0x000000009be00000| Untracked 
| 279|0x000000009bf00000, 0x000000009c000000, 0x000000009c000000|100%| O|  |TAMS 0x000000009c000000, 0x000000009bf00000| Untracked 
| 280|0x000000009c000000, 0x000000009c100000, 0x000000009c100000|100%| O|  |TAMS 0x000000009c100000, 0x000000009c000000| Untracked 
| 281|0x000000009c100000, 0x000000009c200000, 0x000000009c200000|100%| O|  |TAMS 0x000000009c200000, 0x000000009c100000| Updating 
| 282|0x000000009c200000, 0x000000009c300000, 0x000000009c300000|100%| O|  |TAMS 0x000000009c300000, 0x000000009c200000| Updating 
| 283|0x000000009c300000, 0x000000009c300000, 0x000000009c400000|  0%| F|  |TAMS 0x000000009c300000, 0x000000009c300000| Untracked 
| 284|0x000000009c400000, 0x000000009c400000, 0x000000009c500000|  0%| F|  |TAMS 0x000000009c400000, 0x000000009c400000| Untracked 
| 285|0x000000009c500000, 0x000000009c600000, 0x000000009c600000|100%| O|  |TAMS 0x000000009c600000, 0x000000009c500000| Untracked 
| 286|0x000000009c600000, 0x000000009c700000, 0x000000009c700000|100%| O|  |TAMS 0x000000009c700000, 0x000000009c600000| Untracked 
| 287|0x000000009c700000, 0x000000009c800000, 0x000000009c800000|100%| O|  |TAMS 0x000000009c800000, 0x000000009c700000| Untracked 
| 288|0x000000009c800000, 0x000000009c900000, 0x000000009c900000|100%| O|  |TAMS 0x000000009c900000, 0x000000009c800000| Untracked 
| 289|0x000000009c900000, 0x000000009ca00000, 0x000000009ca00000|100%| O|  |TAMS 0x000000009ca00000, 0x000000009c900000| Updating 
| 290|0x000000009ca00000, 0x000000009cb00000, 0x000000009cb00000|100%| O|  |TAMS 0x000000009cb00000, 0x000000009ca00000| Updating 
| 291|0x000000009cb00000, 0x000000009cc00000, 0x000000009cc00000|100%| O|  |TAMS 0x000000009cc00000, 0x000000009cb00000| Untracked 
| 292|0x000000009cc00000, 0x000000009cd00000, 0x000000009cd00000|100%| O|  |TAMS 0x000000009cd00000, 0x000000009cc00000| Untracked 
| 293|0x000000009cd00000, 0x000000009ce00000, 0x000000009ce00000|100%| O|  |TAMS 0x000000009ce00000, 0x000000009cd00000| Updating 
| 294|0x000000009ce00000, 0x000000009cf00000, 0x000000009cf00000|100%| O|  |TAMS 0x000000009cf00000, 0x000000009ce00000| Untracked 
| 295|0x000000009cf00000, 0x000000009d000000, 0x000000009d000000|100%| O|  |TAMS 0x000000009d000000, 0x000000009cf00000| Updating 
| 296|0x000000009d000000, 0x000000009d100000, 0x000000009d100000|100%| O|  |TAMS 0x000000009d100000, 0x000000009d000000| Untracked 
| 297|0x000000009d100000, 0x000000009d200000, 0x000000009d200000|100%| O|  |TAMS 0x000000009d200000, 0x000000009d100000| Untracked 
| 298|0x000000009d200000, 0x000000009d300000, 0x000000009d300000|100%| O|  |TAMS 0x000000009d300000, 0x000000009d200000| Untracked 
| 299|0x000000009d300000, 0x000000009d400000, 0x000000009d400000|100%| O|  |TAMS 0x000000009d400000, 0x000000009d300000| Updating 
| 300|0x000000009d400000, 0x000000009d500000, 0x000000009d500000|100%| O|  |TAMS 0x000000009d500000, 0x000000009d400000| Updating 
| 301|0x000000009d500000, 0x000000009d600000, 0x000000009d600000|100%| O|  |TAMS 0x000000009d600000, 0x000000009d500000| Untracked 
| 302|0x000000009d600000, 0x000000009d700000, 0x000000009d700000|100%| O|  |TAMS 0x000000009d700000, 0x000000009d600000| Untracked 
| 303|0x000000009d700000, 0x000000009d800000, 0x000000009d800000|100%| O|  |TAMS 0x000000009d800000, 0x000000009d700000| Untracked 
| 304|0x000000009d800000, 0x000000009d900000, 0x000000009d900000|100%| O|  |TAMS 0x000000009d900000, 0x000000009d800000| Untracked 
| 305|0x000000009d900000, 0x000000009da00000, 0x000000009da00000|100%| O|  |TAMS 0x000000009da00000, 0x000000009d900000| Updating 
| 306|0x000000009da00000, 0x000000009db00000, 0x000000009db00000|100%| O|  |TAMS 0x000000009db00000, 0x000000009da00000| Untracked 
| 307|0x000000009db00000, 0x000000009dc00000, 0x000000009dc00000|100%| O|  |TAMS 0x000000009dc00000, 0x000000009db00000| Untracked 
| 308|0x000000009dc00000, 0x000000009dd00000, 0x000000009dd00000|100%| O|  |TAMS 0x000000009dd00000, 0x000000009dc00000| Untracked 
| 309|0x000000009dd00000, 0x000000009de00000, 0x000000009de00000|100%| O|  |TAMS 0x000000009de00000, 0x000000009dd00000| Untracked 
| 310|0x000000009de00000, 0x000000009df00000, 0x000000009df00000|100%| O|  |TAMS 0x000000009df00000, 0x000000009de00000| Updating 
| 311|0x000000009df00000, 0x000000009e000000, 0x000000009e000000|100%| O|  |TAMS 0x000000009e000000, 0x000000009df00000| Untracked 
| 312|0x000000009e000000, 0x000000009e100000, 0x000000009e100000|100%| O|  |TAMS 0x000000009e100000, 0x000000009e000000| Untracked 
| 313|0x000000009e100000, 0x000000009e200000, 0x000000009e200000|100%| O|  |TAMS 0x000000009e200000, 0x000000009e100000| Updating 
| 314|0x000000009e200000, 0x000000009e300000, 0x000000009e300000|100%| O|  |TAMS 0x000000009e300000, 0x000000009e200000| Untracked 
| 315|0x000000009e300000, 0x000000009e400000, 0x000000009e400000|100%| O|  |TAMS 0x000000009e400000, 0x000000009e300000| Untracked 
| 316|0x000000009e400000, 0x000000009e500000, 0x000000009e500000|100%| O|  |TAMS 0x000000009e500000, 0x000000009e400000| Untracked 
| 317|0x000000009e500000, 0x000000009e600000, 0x000000009e600000|100%| O|  |TAMS 0x000000009e600000, 0x000000009e500000| Untracked 
| 318|0x000000009e600000, 0x000000009e700000, 0x000000009e700000|100%| O|  |TAMS 0x000000009e700000, 0x000000009e600000| Untracked 
| 319|0x000000009e700000, 0x000000009e800000, 0x000000009e800000|100%| O|  |TAMS 0x000000009e800000, 0x000000009e700000| Updating 
| 320|0x000000009e800000, 0x000000009e800000, 0x000000009e900000|  0%| F|  |TAMS 0x000000009e800000, 0x000000009e800000| Untracked 
| 321|0x000000009e900000, 0x000000009e900000, 0x000000009ea00000|  0%| F|  |TAMS 0x000000009e900000, 0x000000009e900000| Untracked 
| 322|0x000000009ea00000, 0x000000009eb00000, 0x000000009eb00000|100%| O|  |TAMS 0x000000009eb00000, 0x000000009ea00000| Untracked 
| 323|0x000000009eb00000, 0x000000009ec00000, 0x000000009ec00000|100%| O|  |TAMS 0x000000009ec00000, 0x000000009eb00000| Untracked 
| 324|0x000000009ec00000, 0x000000009ed00000, 0x000000009ed00000|100%| O|  |TAMS 0x000000009ed00000, 0x000000009ec00000| Updating 
| 325|0x000000009ed00000, 0x000000009ee00000, 0x000000009ee00000|100%| O|  |TAMS 0x000000009ee00000, 0x000000009ed00000| Updating 
| 326|0x000000009ee00000, 0x000000009ef00000, 0x000000009ef00000|100%| O|  |TAMS 0x000000009ef00000, 0x000000009ee00000| Untracked 
| 327|0x000000009ef00000, 0x000000009f000000, 0x000000009f000000|100%| O|  |TAMS 0x000000009f000000, 0x000000009ef00000| Updating 
| 328|0x000000009f000000, 0x000000009f100000, 0x000000009f100000|100%|HS|  |TAMS 0x000000009f100000, 0x000000009f000000| Complete 
| 329|0x000000009f100000, 0x000000009f200000, 0x000000009f200000|100%|HC|  |TAMS 0x000000009f200000, 0x000000009f100000| Complete 
| 330|0x000000009f200000, 0x000000009f300000, 0x000000009f300000|100%| O|  |TAMS 0x000000009f300000, 0x000000009f200000| Untracked 
| 331|0x000000009f300000, 0x000000009f400000, 0x000000009f400000|100%| O|  |TAMS 0x000000009f3b4600, 0x000000009f300000| Updating 
| 332|0x000000009f400000, 0x000000009f500000, 0x000000009f500000|100%| O|  |TAMS 0x000000009f400000, 0x000000009f400000| Untracked 
| 333|0x000000009f500000, 0x000000009f600000, 0x000000009f600000|100%| O|  |TAMS 0x000000009f500000, 0x000000009f500000| Untracked 
| 334|0x000000009f600000, 0x000000009f6c2a00, 0x000000009f700000| 76%| O|  |TAMS 0x000000009f600000, 0x000000009f600000| Updating 
| 335|0x000000009f700000, 0x000000009f800000, 0x000000009f800000|100%|HS|  |TAMS 0x000000009f700000, 0x000000009f700000| Complete 
| 336|0x000000009f800000, 0x000000009f900000, 0x000000009f900000|100%|HC|  |TAMS 0x000000009f800000, 0x000000009f800000| Complete 
| 337|0x000000009f900000, 0x000000009f900000, 0x000000009fa00000|  0%| F|  |TAMS 0x000000009f900000, 0x000000009f900000| Untracked 
| 338|0x000000009fa00000, 0x000000009fa00000, 0x000000009fb00000|  0%| F|  |TAMS 0x000000009fa00000, 0x000000009fa00000| Untracked 
| 339|0x000000009fb00000, 0x000000009fb00000, 0x000000009fc00000|  0%| F|  |TAMS 0x000000009fb00000, 0x000000009fb00000| Untracked 
| 340|0x000000009fc00000, 0x000000009fc00000, 0x000000009fd00000|  0%| F|  |TAMS 0x000000009fc00000, 0x000000009fc00000| Untracked 
| 341|0x000000009fd00000, 0x000000009fd00000, 0x000000009fe00000|  0%| F|  |TAMS 0x000000009fd00000, 0x000000009fd00000| Untracked 
| 342|0x000000009fe00000, 0x000000009fe00000, 0x000000009ff00000|  0%| F|  |TAMS 0x000000009fe00000, 0x000000009fe00000| Untracked 
| 343|0x000000009ff00000, 0x000000009ff00000, 0x00000000a0000000|  0%| F|  |TAMS 0x000000009ff00000, 0x000000009ff00000| Untracked 
| 344|0x00000000a0000000, 0x00000000a0000000, 0x00000000a0100000|  0%| F|  |TAMS 0x00000000a0000000, 0x00000000a0000000| Untracked 
| 345|0x00000000a0100000, 0x00000000a0100000, 0x00000000a0200000|  0%| F|  |TAMS 0x00000000a0100000, 0x00000000a0100000| Untracked 
| 346|0x00000000a0200000, 0x00000000a0200000, 0x00000000a0300000|  0%| F|  |TAMS 0x00000000a0200000, 0x00000000a0200000| Untracked 
| 347|0x00000000a0300000, 0x00000000a0300000, 0x00000000a0400000|  0%| F|  |TAMS 0x00000000a0300000, 0x00000000a0300000| Untracked 
| 348|0x00000000a0400000, 0x00000000a0400000, 0x00000000a0500000|  0%| F|  |TAMS 0x00000000a0400000, 0x00000000a0400000| Untracked 
| 349|0x00000000a0500000, 0x00000000a0500000, 0x00000000a0600000|  0%| F|  |TAMS 0x00000000a0500000, 0x00000000a0500000| Untracked 
| 350|0x00000000a0600000, 0x00000000a0600000, 0x00000000a0700000|  0%| F|  |TAMS 0x00000000a0600000, 0x00000000a0600000| Untracked 
| 351|0x00000000a0700000, 0x00000000a0700000, 0x00000000a0800000|  0%| F|  |TAMS 0x00000000a0700000, 0x00000000a0700000| Untracked 
| 352|0x00000000a0800000, 0x00000000a0800000, 0x00000000a0900000|  0%| F|  |TAMS 0x00000000a0800000, 0x00000000a0800000| Untracked 
| 353|0x00000000a0900000, 0x00000000a0900000, 0x00000000a0a00000|  0%| F|  |TAMS 0x00000000a0900000, 0x00000000a0900000| Untracked 
| 354|0x00000000a0a00000, 0x00000000a0a00000, 0x00000000a0b00000|  0%| F|  |TAMS 0x00000000a0a00000, 0x00000000a0a00000| Untracked 
| 355|0x00000000a0b00000, 0x00000000a0b00000, 0x00000000a0c00000|  0%| F|  |TAMS 0x00000000a0b00000, 0x00000000a0b00000| Untracked 
| 356|0x00000000a0c00000, 0x00000000a0c00000, 0x00000000a0d00000|  0%| F|  |TAMS 0x00000000a0c00000, 0x00000000a0c00000| Untracked 
| 357|0x00000000a0d00000, 0x00000000a0d00000, 0x00000000a0e00000|  0%| F|  |TAMS 0x00000000a0d00000, 0x00000000a0d00000| Untracked 
| 358|0x00000000a0e00000, 0x00000000a0e00000, 0x00000000a0f00000|  0%| F|  |TAMS 0x00000000a0e00000, 0x00000000a0e00000| Untracked 
| 359|0x00000000a0f00000, 0x00000000a0f00000, 0x00000000a1000000|  0%| F|  |TAMS 0x00000000a0f00000, 0x00000000a0f00000| Untracked 
| 360|0x00000000a1000000, 0x00000000a1000000, 0x00000000a1100000|  0%| F|  |TAMS 0x00000000a1000000, 0x00000000a1000000| Untracked 
| 361|0x00000000a1100000, 0x00000000a1100000, 0x00000000a1200000|  0%| F|  |TAMS 0x00000000a1100000, 0x00000000a1100000| Untracked 
| 362|0x00000000a1200000, 0x00000000a1200000, 0x00000000a1300000|  0%| F|  |TAMS 0x00000000a1200000, 0x00000000a1200000| Untracked 
| 363|0x00000000a1300000, 0x00000000a1300000, 0x00000000a1400000|  0%| F|  |TAMS 0x00000000a1300000, 0x00000000a1300000| Untracked 
| 364|0x00000000a1400000, 0x00000000a1400000, 0x00000000a1500000|  0%| F|  |TAMS 0x00000000a1400000, 0x00000000a1400000| Untracked 
| 365|0x00000000a1500000, 0x00000000a1500000, 0x00000000a1600000|  0%| F|  |TAMS 0x00000000a1500000, 0x00000000a1500000| Untracked 
| 366|0x00000000a1600000, 0x00000000a1600000, 0x00000000a1700000|  0%| F|  |TAMS 0x00000000a1600000, 0x00000000a1600000| Untracked 
| 367|0x00000000a1700000, 0x00000000a1700000, 0x00000000a1800000|  0%| F|  |TAMS 0x00000000a1700000, 0x00000000a1700000| Untracked 
| 368|0x00000000a1800000, 0x00000000a1800000, 0x00000000a1900000|  0%| F|  |TAMS 0x00000000a1800000, 0x00000000a1800000| Untracked 
| 369|0x00000000a1900000, 0x00000000a1900000, 0x00000000a1a00000|  0%| F|  |TAMS 0x00000000a1900000, 0x00000000a1900000| Untracked 
| 370|0x00000000a1a00000, 0x00000000a1a00000, 0x00000000a1b00000|  0%| F|  |TAMS 0x00000000a1a00000, 0x00000000a1a00000| Untracked 
| 371|0x00000000a1b00000, 0x00000000a1b00000, 0x00000000a1c00000|  0%| F|  |TAMS 0x00000000a1b00000, 0x00000000a1b00000| Untracked 
| 372|0x00000000a1c00000, 0x00000000a1c00000, 0x00000000a1d00000|  0%| F|  |TAMS 0x00000000a1c00000, 0x00000000a1c00000| Untracked 
| 373|0x00000000a1d00000, 0x00000000a1d00000, 0x00000000a1e00000|  0%| F|  |TAMS 0x00000000a1d00000, 0x00000000a1d00000| Untracked 
| 374|0x00000000a1e00000, 0x00000000a1e00000, 0x00000000a1f00000|  0%| F|  |TAMS 0x00000000a1e00000, 0x00000000a1e00000| Untracked 
| 375|0x00000000a1f00000, 0x00000000a1f00000, 0x00000000a2000000|  0%| F|  |TAMS 0x00000000a1f00000, 0x00000000a1f00000| Untracked 
| 376|0x00000000a2000000, 0x00000000a2000000, 0x00000000a2100000|  0%| F|  |TAMS 0x00000000a2000000, 0x00000000a2000000| Untracked 
| 377|0x00000000a2100000, 0x00000000a2100000, 0x00000000a2200000|  0%| F|  |TAMS 0x00000000a2100000, 0x00000000a2100000| Untracked 
| 378|0x00000000a2200000, 0x00000000a2200000, 0x00000000a2300000|  0%| F|  |TAMS 0x00000000a2200000, 0x00000000a2200000| Untracked 
| 379|0x00000000a2300000, 0x00000000a2300000, 0x00000000a2400000|  0%| F|  |TAMS 0x00000000a2300000, 0x00000000a2300000| Untracked 
| 380|0x00000000a2400000, 0x00000000a2400000, 0x00000000a2500000|  0%| F|  |TAMS 0x00000000a2400000, 0x00000000a2400000| Untracked 
| 381|0x00000000a2500000, 0x00000000a2500000, 0x00000000a2600000|  0%| F|  |TAMS 0x00000000a2500000, 0x00000000a2500000| Untracked 
| 382|0x00000000a2600000, 0x00000000a261c520, 0x00000000a2700000| 11%| S|CS|TAMS 0x00000000a2600000, 0x00000000a2600000| Complete 
| 383|0x00000000a2700000, 0x00000000a2800000, 0x00000000a2800000|100%| S|CS|TAMS 0x00000000a2700000, 0x00000000a2700000| Complete 
| 384|0x00000000a2800000, 0x00000000a2900000, 0x00000000a2900000|100%| S|CS|TAMS 0x00000000a2800000, 0x00000000a2800000| Complete 
| 385|0x00000000a2900000, 0x00000000a2900000, 0x00000000a2a00000|  0%| F|  |TAMS 0x00000000a2900000, 0x00000000a2900000| Untracked 
| 386|0x00000000a2a00000, 0x00000000a2a09080, 0x00000000a2b00000|  3%| E|  |TAMS 0x00000000a2a00000, 0x00000000a2a00000| Complete 
| 387|0x00000000a2b00000, 0x00000000a2c00000, 0x00000000a2c00000|100%| E|CS|TAMS 0x00000000a2b00000, 0x00000000a2b00000| Complete 
| 388|0x00000000a2c00000, 0x00000000a2d00000, 0x00000000a2d00000|100%| E|CS|TAMS 0x00000000a2c00000, 0x00000000a2c00000| Complete 
| 389|0x00000000a2d00000, 0x00000000a2e00000, 0x00000000a2e00000|100%| E|CS|TAMS 0x00000000a2d00000, 0x00000000a2d00000| Complete 
| 390|0x00000000a2e00000, 0x00000000a2f00000, 0x00000000a2f00000|100%| E|CS|TAMS 0x00000000a2e00000, 0x00000000a2e00000| Complete 
| 391|0x00000000a2f00000, 0x00000000a3000000, 0x00000000a3000000|100%| E|CS|TAMS 0x00000000a2f00000, 0x00000000a2f00000| Complete 
| 392|0x00000000a3000000, 0x00000000a3100000, 0x00000000a3100000|100%| E|CS|TAMS 0x00000000a3000000, 0x00000000a3000000| Complete 
| 393|0x00000000a3100000, 0x00000000a3200000, 0x00000000a3200000|100%| E|CS|TAMS 0x00000000a3100000, 0x00000000a3100000| Complete 
| 394|0x00000000a3200000, 0x00000000a3300000, 0x00000000a3300000|100%| E|CS|TAMS 0x00000000a3200000, 0x00000000a3200000| Complete 
| 395|0x00000000a3300000, 0x00000000a3400000, 0x00000000a3400000|100%| E|CS|TAMS 0x00000000a3300000, 0x00000000a3300000| Complete 
| 396|0x00000000a3400000, 0x00000000a3500000, 0x00000000a3500000|100%| E|CS|TAMS 0x00000000a3400000, 0x00000000a3400000| Complete 
| 397|0x00000000a3500000, 0x00000000a3600000, 0x00000000a3600000|100%| E|CS|TAMS 0x00000000a3500000, 0x00000000a3500000| Complete 
| 398|0x00000000a3600000, 0x00000000a3700000, 0x00000000a3700000|100%| E|CS|TAMS 0x00000000a3600000, 0x00000000a3600000| Complete 
| 399|0x00000000a3700000, 0x00000000a3800000, 0x00000000a3800000|100%| E|CS|TAMS 0x00000000a3700000, 0x00000000a3700000| Complete 
| 400|0x00000000a3800000, 0x00000000a3900000, 0x00000000a3900000|100%| E|CS|TAMS 0x00000000a3800000, 0x00000000a3800000| Complete 
| 401|0x00000000a3900000, 0x00000000a3a00000, 0x00000000a3a00000|100%| E|CS|TAMS 0x00000000a3900000, 0x00000000a3900000| Complete 
| 402|0x00000000a3a00000, 0x00000000a3b00000, 0x00000000a3b00000|100%| E|CS|TAMS 0x00000000a3a00000, 0x00000000a3a00000| Complete 
| 403|0x00000000a3b00000, 0x00000000a3c00000, 0x00000000a3c00000|100%| E|CS|TAMS 0x00000000a3b00000, 0x00000000a3b00000| Complete 
| 404|0x00000000a3c00000, 0x00000000a3d00000, 0x00000000a3d00000|100%| E|CS|TAMS 0x00000000a3c00000, 0x00000000a3c00000| Complete 
| 405|0x00000000a3d00000, 0x00000000a3e00000, 0x00000000a3e00000|100%| E|CS|TAMS 0x00000000a3d00000, 0x00000000a3d00000| Complete 
| 406|0x00000000a3e00000, 0x00000000a3f00000, 0x00000000a3f00000|100%| E|CS|TAMS 0x00000000a3e00000, 0x00000000a3e00000| Complete 

Card table byte_map: [0x0000020edf4a0000,0x0000020edf850000] _byte_map_base: 0x0000020edf04c000

Marking Bits (Prev, Next): (CMBitMap*) 0x0000020ed459c630, (CMBitMap*) 0x0000020ed459c670
 Prev Bits: [0x0000020edfc00000, 0x0000020ee1960000)
 Next Bits: [0x0000020ee1960000, 0x0000020ee36c0000)

Polling page: 0x0000020ed2630000

Metaspace:

Usage:
  Non-class:     70.96 MB used.
      Class:     11.59 MB used.
       Both:     82.55 MB used.

Virtual space:
  Non-class space:      128.00 MB reserved,      71.56 MB ( 56%) committed,  2 nodes.
      Class space:        1.00 GB reserved,      12.00 MB (  1%) committed,  1 nodes.
             Both:        1.12 GB reserved,      83.56 MB (  7%) committed. 

Chunk freelists:
   Non-Class:  8.27 MB
       Class:  4.07 MB
        Both:  12.34 MB

MaxMetaspaceSize: unlimited
CompressedClassSpaceSize: 1.00 GB
Initial GC threshold: 21.00 MB
Current GC threshold: 139.31 MB
CDS: on
MetaspaceReclaimPolicy: balanced
 - commit_granule_bytes: 65536.
 - commit_granule_words: 8192.
 - virtual_space_node_default_size: 8388608.
 - enlarge_chunks_in_place: 1.
 - new_chunks_are_fully_committed: 0.
 - uncommit_free_chunks: 1.
 - use_allocation_guard: 0.
 - handle_deallocations: 1.


Internal statistics:

num_allocs_failed_limit: 6.
num_arena_births: 940.
num_arena_deaths: 346.
num_vsnodes_births: 3.
num_vsnodes_deaths: 0.
num_space_committed: 1337.
num_space_uncommitted: 0.
num_chunks_returned_to_freelist: 414.
num_chunks_taken_from_freelist: 4011.
num_chunk_merges: 152.
num_chunk_splits: 2938.
num_chunks_enlarged: 2324.
num_inconsistent_stats: 0.

CodeCache: size=49152Kb used=18999Kb max_used=20560Kb free=30152Kb
 bounds [0x0000020edbdc0000, 0x0000020edd200000, 0x0000020ededc0000]
 total_blobs=11918 nmethods=11150 adapters=694
 compilation: enabled
              stopped_count=0, restarted_count=0
 full_count=0

Compilation events (20 events):
Event: 119.872 Thread 0x0000020ee5bc6370 11140       1       java.util.concurrent.ThreadPoolExecutor::execute (132 bytes)
Event: 119.872 Thread 0x0000020ee5bc6370 nmethod 11140 0x0000020edbee4f90 code [0x0000020edbee51c0, 0x0000020edbee55e8]
Event: 121.377 Thread 0x0000020ee5bc6370 11141       1       org.apache.kafka.clients.consumer.internals.RequestFuture::succeeded (20 bytes)
Event: 121.377 Thread 0x0000020ee5bc6370 nmethod 11141 0x0000020edbee4b90 code [0x0000020edbee4d20, 0x0000020edbee4e98]
Event: 121.378 Thread 0x0000020ee5bc6370 11142       1       org.apache.kafka.clients.consumer.internals.SensorBuilder::<init> (70 bytes)
Event: 121.379 Thread 0x0000020ee5bc6370 nmethod 11142 0x0000020edbee4190 code [0x0000020edbee4380, 0x0000020edbee4938]
Event: 121.379 Thread 0x0000020ee5bc6370 11148       1       org.springframework.core.MethodParameter::getParameterAnnotation (47 bytes)
Event: 121.379 Thread 0x0000020ee5bc6370 nmethod 11148 0x0000020edbee3d10 code [0x0000020edbee3ec0, 0x0000020edbee4068]
Event: 121.379 Thread 0x0000020ee5bc6370 11145       1       org.apache.kafka.common.message.ApiVersionsResponseData$ApiVersion::<init> (32 bytes)
Event: 121.383 Thread 0x0000020ee5bc6370 nmethod 11145 0x0000020edbee3810 code [0x0000020edbee39a0, 0x0000020edbee3a98]
Event: 121.383 Thread 0x0000020ee5bc6370 11143       1       java.util.concurrent.ConcurrentLinkedQueue$Itr::next (96 bytes)
Event: 121.383 Thread 0x0000020ee5bc6370 nmethod 11143 0x0000020edd1f2390 code [0x0000020edd1f2560, 0x0000020edd1f2918]
Event: 121.383 Thread 0x0000020ee5bc6370 11144       1       org.apache.kafka.clients.InFlightRequests::canSendMore (66 bytes)
Event: 121.383 Thread 0x0000020ee5bc6370 nmethod 11144 0x0000020edd1f1d90 code [0x0000020edd1f1f60, 0x0000020edd1f21e8]
Event: 121.383 Thread 0x0000020ee5bc6370 11146       1       org.apache.kafka.clients.ClientRequest::expectResponse (5 bytes)
Event: 121.383 Thread 0x0000020ee5bc6370 nmethod 11146 0x0000020edd1f1a90 code [0x0000020edd1f1c20, 0x0000020edd1f1cf8]
Event: 121.383 Thread 0x0000020ee5bc6370 11147       1       org.apache.kafka.common.network.Authenticator::clientSessionReauthenticationTimeNanos (2 bytes)
Event: 121.383 Thread 0x0000020ee5bc6370 nmethod 11147 0x0000020edd1f1790 code [0x0000020edd1f1920, 0x0000020edd1f19f8]
Event: 123.199 Thread 0x0000020ee5bc6370 11149       1       java.net.Socket::getImpl (17 bytes)
Event: 123.199 Thread 0x0000020ee5bc6370 nmethod 11149 0x0000020edd1f1410 code [0x0000020edd1f15a0, 0x0000020edd1f16a8]

GC Heap History (20 events):
Event: 111.966 GC heap before
{Heap before GC invocations=101 (full 0):
 garbage-first heap   total 416768K, used 359668K [0x000000008a800000, 0x0000000100000000)
  region size 1024K, 63 young (64512K), 7 survivors (7168K)
 Metaspace       used 84529K, committed 85568K, reserved 1179648K
  class space    used 11868K, committed 12288K, reserved 1048576K
}
Event: 111.974 GC heap after
{Heap after GC invocations=102 (full 0):
 garbage-first heap   total 416768K, used 305999K [0x000000008a800000, 0x0000000100000000)
  region size 1024K, 6 young (6144K), 6 survivors (6144K)
 Metaspace       used 84529K, committed 85568K, reserved 1179648K
  class space    used 11868K, committed 12288K, reserved 1048576K
}
Event: 113.838 GC heap before
{Heap before GC invocations=102 (full 0):
 garbage-first heap   total 416768K, used 361295K [0x000000008a800000, 0x0000000100000000)
  region size 1024K, 58 young (59392K), 6 survivors (6144K)
 Metaspace       used 84529K, committed 85568K, reserved 1179648K
  class space    used 11868K, committed 12288K, reserved 1048576K
}
Event: 113.843 GC heap after
{Heap after GC invocations=103 (full 0):
 garbage-first heap   total 416768K, used 311096K [0x000000008a800000, 0x0000000100000000)
  region size 1024K, 6 young (6144K), 6 survivors (6144K)
 Metaspace       used 84529K, committed 85568K, reserved 1179648K
  class space    used 11868K, committed 12288K, reserved 1048576K
}
Event: 115.794 GC heap before
{Heap before GC invocations=103 (full 0):
 garbage-first heap   total 416768K, used 362296K [0x000000008a800000, 0x0000000100000000)
  region size 1024K, 54 young (55296K), 6 survivors (6144K)
 Metaspace       used 84529K, committed 85568K, reserved 1179648K
  class space    used 11868K, committed 12288K, reserved 1048576K
}
Event: 115.798 GC heap after
{Heap after GC invocations=104 (full 0):
 garbage-first heap   total 416768K, used 315977K [0x000000008a800000, 0x0000000100000000)
  region size 1024K, 5 young (5120K), 5 survivors (5120K)
 Metaspace       used 84529K, committed 85568K, reserved 1179648K
  class space    used 11868K, committed 12288K, reserved 1048576K
}
Event: 116.362 GC heap before
{Heap before GC invocations=104 (full 0):
 garbage-first heap   total 416768K, used 363081K [0x000000008a800000, 0x0000000100000000)
  region size 1024K, 49 young (50176K), 5 survivors (5120K)
 Metaspace       used 84529K, committed 85568K, reserved 1179648K
  class space    used 11868K, committed 12288K, reserved 1048576K
}
Event: 116.366 GC heap after
{Heap after GC invocations=105 (full 0):
 garbage-first heap   total 416768K, used 321714K [0x000000008a800000, 0x0000000100000000)
  region size 1024K, 4 young (4096K), 4 survivors (4096K)
 Metaspace       used 84529K, committed 85568K, reserved 1179648K
  class space    used 11868K, committed 12288K, reserved 1048576K
}
Event: 117.684 GC heap before
{Heap before GC invocations=105 (full 0):
 garbage-first heap   total 416768K, used 362674K [0x000000008a800000, 0x0000000100000000)
  region size 1024K, 44 young (45056K), 4 survivors (4096K)
 Metaspace       used 84529K, committed 85568K, reserved 1179648K
  class space    used 11868K, committed 12288K, reserved 1048576K
}
Event: 117.691 GC heap after
{Heap after GC invocations=106 (full 0):
 garbage-first heap   total 416768K, used 325996K [0x000000008a800000, 0x0000000100000000)
  region size 1024K, 5 young (5120K), 5 survivors (5120K)
 Metaspace       used 84529K, committed 85568K, reserved 1179648K
  class space    used 11868K, committed 12288K, reserved 1048576K
}
Event: 119.525 GC heap before
{Heap before GC invocations=106 (full 0):
 garbage-first heap   total 416768K, used 364908K [0x000000008a800000, 0x0000000100000000)
  region size 1024K, 41 young (41984K), 5 survivors (5120K)
 Metaspace       used 84529K, committed 85568K, reserved 1179648K
  class space    used 11868K, committed 12288K, reserved 1048576K
}
Event: 119.531 GC heap after
{Heap after GC invocations=107 (full 0):
 garbage-first heap   total 416768K, used 331813K [0x000000008a800000, 0x0000000100000000)
  region size 1024K, 5 young (5120K), 5 survivors (5120K)
 Metaspace       used 84529K, committed 85568K, reserved 1179648K
  class space    used 11868K, committed 12288K, reserved 1048576K
}
Event: 121.379 GC heap before
{Heap before GC invocations=107 (full 0):
 garbage-first heap   total 416768K, used 366629K [0x000000008a800000, 0x0000000100000000)
  region size 1024K, 37 young (37888K), 5 survivors (5120K)
 Metaspace       used 84529K, committed 85568K, reserved 1179648K
  class space    used 11868K, committed 12288K, reserved 1048576K
}
Event: 121.382 GC heap after
{Heap after GC invocations=108 (full 0):
 garbage-first heap   total 416768K, used 335081K [0x000000008a800000, 0x0000000100000000)
  region size 1024K, 4 young (4096K), 4 survivors (4096K)
 Metaspace       used 84529K, committed 85568K, reserved 1179648K
  class space    used 11868K, committed 12288K, reserved 1048576K
}
Event: 121.422 GC heap before
{Heap before GC invocations=108 (full 0):
 garbage-first heap   total 416768K, used 364777K [0x000000008a800000, 0x0000000100000000)
  region size 1024K, 33 young (33792K), 4 survivors (4096K)
 Metaspace       used 84529K, committed 85568K, reserved 1179648K
  class space    used 11868K, committed 12288K, reserved 1048576K
}
Event: 121.428 GC heap after
{Heap after GC invocations=109 (full 0):
 garbage-first heap   total 416768K, used 337910K [0x000000008a800000, 0x0000000100000000)
  region size 1024K, 3 young (3072K), 3 survivors (3072K)
 Metaspace       used 84529K, committed 85568K, reserved 1179648K
  class space    used 11868K, committed 12288K, reserved 1048576K
}
Event: 123.510 GC heap before
{Heap before GC invocations=109 (full 0):
 garbage-first heap   total 416768K, used 366582K [0x000000008a800000, 0x0000000100000000)
  region size 1024K, 30 young (30720K), 3 survivors (3072K)
 Metaspace       used 84529K, committed 85568K, reserved 1179648K
  class space    used 11868K, committed 12288K, reserved 1048576K
}
Event: 123.512 GC heap after
{Heap after GC invocations=110 (full 0):
 garbage-first heap   total 416768K, used 342842K [0x000000008a800000, 0x0000000100000000)
  region size 1024K, 4 young (4096K), 4 survivors (4096K)
 Metaspace       used 84529K, committed 85568K, reserved 1179648K
  class space    used 11868K, committed 12288K, reserved 1048576K
}
Event: 123.542 GC heap before
{Heap before GC invocations=110 (full 0):
 garbage-first heap   total 416768K, used 365370K [0x000000008a800000, 0x0000000100000000)
  region size 1024K, 26 young (26624K), 4 survivors (4096K)
 Metaspace       used 84529K, committed 85568K, reserved 1179648K
  class space    used 11868K, committed 12288K, reserved 1048576K
}
Event: 123.546 GC heap after
{Heap after GC invocations=111 (full 0):
 garbage-first heap   total 416768K, used 344955K [0x000000008a800000, 0x0000000100000000)
  region size 1024K, 3 young (3072K), 3 survivors (3072K)
 Metaspace       used 84529K, committed 85568K, reserved 1179648K
  class space    used 11868K, committed 12288K, reserved 1048576K
}

Deoptimization events (6 events):
Event: 2.745 Thread 0x0000020eeb954570 DEOPT PACKING pc=0x0000020edc25bc17 sp=0x00000067b46ff2a0
Event: 2.745 Thread 0x0000020eeb954570 DEOPT UNPACKING pc=0x0000020edbe12b43 sp=0x00000067b46fe6f8 mode 3
Event: 4.880 Thread 0x0000020eeb7fdf90 DEOPT PACKING pc=0x0000020edc8a00f4 sp=0x00000067b3bfc4a0
Event: 4.880 Thread 0x0000020eeb7fdf90 DEOPT UNPACKING pc=0x0000020edbe12b43 sp=0x00000067b3bfb938 mode 0
Event: 7.128 Thread 0x0000020eed9acd70 DEOPT PACKING pc=0x0000020edc73159c sp=0x00000067b61fdb90
Event: 7.128 Thread 0x0000020eed9acd70 DEOPT UNPACKING pc=0x0000020edbe12b43 sp=0x00000067b61fd050 mode 0

Classes unloaded (20 events):
Event: 81.667 Thread 0x0000020ee5ba20e0 Unloading class 0x0000020e810c2c00 'java/lang/invoke/LambdaForm$MH+0x0000020e810c2c00'
Event: 81.667 Thread 0x0000020ee5ba20e0 Unloading class 0x0000020e810c2800 'java/lang/invoke/LambdaForm$MH+0x0000020e810c2800'
Event: 81.667 Thread 0x0000020ee5ba20e0 Unloading class 0x0000020e810c2400 'java/lang/invoke/LambdaForm$MH+0x0000020e810c2400'
Event: 81.667 Thread 0x0000020ee5ba20e0 Unloading class 0x0000020e810c2000 'java/lang/invoke/LambdaForm$MH+0x0000020e810c2000'
Event: 81.667 Thread 0x0000020ee5ba20e0 Unloading class 0x0000020e810c1c00 'java/lang/invoke/LambdaForm$MH+0x0000020e810c1c00'
Event: 81.667 Thread 0x0000020ee5ba20e0 Unloading class 0x0000020e810c1800 'java/lang/invoke/LambdaForm$MH+0x0000020e810c1800'
Event: 81.667 Thread 0x0000020ee5ba20e0 Unloading class 0x0000020e81006800 'java/lang/invoke/LambdaForm$MH+0x0000020e81006800'
Event: 81.667 Thread 0x0000020ee5ba20e0 Unloading class 0x0000020e81006400 'java/lang/invoke/LambdaForm$MH+0x0000020e81006400'
Event: 81.667 Thread 0x0000020ee5ba20e0 Unloading class 0x0000020e81006000 'java/lang/invoke/LambdaForm$MH+0x0000020e81006000'
Event: 81.667 Thread 0x0000020ee5ba20e0 Unloading class 0x0000020e81005c00 'java/lang/invoke/LambdaForm$MH+0x0000020e81005c00'
Event: 81.667 Thread 0x0000020ee5ba20e0 Unloading class 0x0000020e81005800 'java/lang/invoke/LambdaForm$MH+0x0000020e81005800'
Event: 81.667 Thread 0x0000020ee5ba20e0 Unloading class 0x0000020e81005400 'java/lang/invoke/LambdaForm$MH+0x0000020e81005400'
Event: 81.667 Thread 0x0000020ee5ba20e0 Unloading class 0x0000020e81004400 'java/lang/invoke/LambdaForm$MH+0x0000020e81004400'
Event: 81.667 Thread 0x0000020ee5ba20e0 Unloading class 0x0000020e81004000 'java/lang/invoke/LambdaForm$MH+0x0000020e81004000'
Event: 81.667 Thread 0x0000020ee5ba20e0 Unloading class 0x0000020e81003800 'java/lang/invoke/LambdaForm$MH+0x0000020e81003800'
Event: 81.667 Thread 0x0000020ee5ba20e0 Unloading class 0x0000020e81002c00 'java/lang/invoke/LambdaForm$MH+0x0000020e81002c00'
Event: 81.667 Thread 0x0000020ee5ba20e0 Unloading class 0x0000020e81002400 'java/lang/invoke/LambdaForm$MH+0x0000020e81002400'
Event: 81.667 Thread 0x0000020ee5ba20e0 Unloading class 0x0000020e81001c00 'java/lang/invoke/LambdaForm$MH+0x0000020e81001c00'
Event: 81.667 Thread 0x0000020ee5ba20e0 Unloading class 0x0000020e81001400 'java/lang/invoke/LambdaForm$MH+0x0000020e81001400'
Event: 123.672 Thread 0x0000020ee5ba20e0 Unloading class 0x0000020e819dc000 'jdk/internal/reflect/GeneratedConstructorAccessor43'

Classes redefined (0 events):
No events

Internal exceptions (20 events):
Event: 5.859 Thread 0x0000020eeb7fdf90 Exception <a 'java/lang/reflect/InvocationTargetException'{0x000000008e34f2d8}> (0x000000008e34f2d8) 
thrown [s\open\src\hotspot\share\runtime\reflection.cpp, line 1121]
Event: 5.859 Thread 0x0000020eeb7fdf90 Exception <a 'java/lang/reflect/InvocationTargetException'{0x000000008e356258}> (0x000000008e356258) 
thrown [s\open\src\hotspot\share\runtime\reflection.cpp, line 1121]
Event: 6.016 Thread 0x0000020eeb7fdf90 Exception <a 'java/lang/IncompatibleClassChangeError'{0x000000008ee95830}: Found class java.lang.Object, but interface was expected> (0x000000008ee95830) 
thrown [s\open\src\hotspot\share\interpreter\linkResolver.cpp, line 826]
Event: 6.092 Thread 0x0000020eeb954a80 Exception <a 'java/lang/reflect/InvocationTargetException'{0x000000008e8cd298}> (0x000000008e8cd298) 
thrown [s\open\src\hotspot\share\runtime\reflection.cpp, line 1121]
Event: 6.237 Thread 0x0000020eeb7fdf90 Exception <a 'java/lang/NoSuchMethodError'{0x000000008dc50198}: 'java.lang.Object java.lang.invoke.DirectMethodHandle$Holder.invokeSpecial(java.lang.Object, java.lang.Object, java.lang.Object, java.lang.Object, java.lang.Object, java.lang.Object, java.lang.Object, java.lang.Object, java.lang.Object, java.lang.Object, java.lang.Object)'> (0x000000008dc50198) 
thrown [s\open\src\hotspot\share\interpreter\linkResolver.cpp, line 759]
Event: 6.237 Thread 0x0000020eeb7fdf90 Exception <a 'java/lang/NoSuchMethodError'{0x000000008dc545c8}: 'java.lang.Object java.lang.invoke.Invokers$Holder.invoke_MT(java.lang.Object, java.lang.Object, java.lang.Object, java.lang.Object, java.lang.Object, java.lang.Object, java.lang.Object, java.lang.Object, java.lang.Object, java.lang.Object, java.lang.Object)'> (0x000000008dc545c8) 
thrown [s\open\src\hotspot\share\interpreter\linkResolver.cpp, line 759]
Event: 6.334 Thread 0x0000020eeb7fdf90 Exception <a 'java/lang/NoSuchMethodError'{0x000000008e871210}: 'void java.lang.invoke.DirectMethodHandle$Holder.invokeVirtual(java.lang.Object, java.lang.Object, float)'> (0x000000008e871210) 
thrown [s\open\src\hotspot\share\interpreter\linkResolver.cpp, line 759]
Event: 6.347 Thread 0x0000020eeb7fdf90 Exception <a 'java/lang/NoSuchMethodError'{0x000000008e77a078}: 'int java.lang.invoke.DirectMethodHandle$Holder.invokeStatic(java.lang.Object, java.lang.Object, java.lang.Object, java.lang.Object, java.lang.Object)'> (0x000000008e77a078) 
thrown [s\open\src\hotspot\share\interpreter\linkResolver.cpp, line 759]
Event: 6.429 Thread 0x0000020eeb7fdf90 Exception <a 'java/lang/NoSuchMethodError'{0x000000008e00ac20}: 'java.lang.Object java.lang.invoke.DirectMethodHandle$Holder.newInvokeSpecial(java.lang.Object, java.lang.Object, int, java.lang.Object, java.lang.Object)'> (0x000000008e00ac20) 
thrown [s\open\src\hotspot\share\interpreter\linkResolver.cpp, line 759]
Event: 6.571 Thread 0x0000020eec825c00 Exception <a 'java/lang/NoSuchMethodError'{0x000000008ebe5ed0}: 'java.lang.Object java.lang.invoke.DirectMethodHandle$Holder.invokeStaticInit(java.lang.Object, java.lang.Object, java.lang.Object, int, int)'> (0x000000008ebe5ed0) 
thrown [s\open\src\hotspot\share\interpreter\linkResolver.cpp, line 759]
Event: 6.595 Thread 0x0000020eec820b00 Exception <a 'java/lang/NoSuchMethodError'{0x000000008e8c3c88}: 'java.lang.Object java.lang.invoke.DirectMethodHandle$Holder.invokeSpecial(java.lang.Object, java.lang.Object, java.lang.Object, java.lang.Object, java.lang.Object, long)'> (0x000000008e8c3c88) 
thrown [s\open\src\hotspot\share\interpreter\linkResolver.cpp, line 759]
Event: 6.595 Thread 0x0000020eec820b00 Exception <a 'java/lang/NoSuchMethodError'{0x000000008e8c7718}: 'java.lang.Object java.lang.invoke.Invokers$Holder.linkToTargetMethod(java.lang.Object, java.lang.Object, java.lang.Object, long, java.lang.Object)'> (0x000000008e8c7718) 
thrown [s\open\src\hotspot\share\interpreter\linkResolver.cpp, line 759]
Event: 6.651 Thread 0x0000020eec8242b0 Exception <a 'java/lang/NoSuchMethodError'{0x000000008e10f2b0}: 'java.lang.Object java.lang.invoke.DirectMethodHandle$Holder.invokeStatic(java.lang.Object, int, int)'> (0x000000008e10f2b0) 
thrown [s\open\src\hotspot\share\interpreter\linkResolver.cpp, line 759]
Event: 6.651 Thread 0x0000020eec822960 Exception <a 'java/lang/NoSuchMethodError'{0x000000008e118368}: 'java.lang.Object java.lang.invoke.DirectMethodHandle$Holder.invokeStatic(java.lang.Object, int, int)'> (0x000000008e118368) 
thrown [s\open\src\hotspot\share\interpreter\linkResolver.cpp, line 759]
Event: 6.651 Thread 0x0000020eec823da0 Exception <a 'java/lang/NoSuchMethodError'{0x000000008e133028}: 'java.lang.Object java.lang.invoke.DirectMethodHandle$Holder.invokeStatic(java.lang.Object, int, int)'> (0x000000008e133028) 
thrown [s\open\src\hotspot\share\interpreter\linkResolver.cpp, line 759]
Event: 6.651 Thread 0x0000020eec823380 Exception <a 'java/lang/NoSuchMethodError'{0x000000008e108c10}: 'java.lang.Object java.lang.invoke.DirectMethodHandle$Holder.invokeStatic(java.lang.Object, int, int)'> (0x000000008e108c10) 
thrown [s\open\src\hotspot\share\interpreter\linkResolver.cpp, line 759]
Event: 6.651 Thread 0x0000020eec820b00 Exception <a 'java/lang/NoSuchMethodError'{0x000000008e1224d8}: 'java.lang.Object java.lang.invoke.DirectMethodHandle$Holder.invokeStatic(java.lang.Object, int, int)'> (0x000000008e1224d8) 
thrown [s\open\src\hotspot\share\interpreter\linkResolver.cpp, line 759]
Event: 7.890 Thread 0x0000020eed9b0520 Exception <a 'java/lang/NoSuchMethodError'{0x000000008e780250}: 'void java.lang.invoke.DirectMethodHandle$Holder.invokeSpecial(java.lang.Object, java.lang.Object, long, java.lang.Object, java.lang.Object)'> (0x000000008e780250) 
thrown [s\open\src\hotspot\share\interpreter\linkResolver.cpp, line 759]
Event: 10.303 Thread 0x0000020eec826620 Exception <a 'java/lang/NoSuchMethodError'{0x000000008fb4a680}: 'java.lang.Object java.lang.invoke.DirectMethodHandle$Holder.newInvokeSpecial(java.lang.Object, int, java.lang.Object, java.lang.Object)'> (0x000000008fb4a680) 
thrown [s\open\src\hotspot\share\interpreter\linkResolver.cpp, line 759]
Event: 10.311 Thread 0x0000020eec826620 Exception <a 'java/lang/IncompatibleClassChangeError'{0x000000008fba5e50}: Found class java.lang.Object, but interface was expected> (0x000000008fba5e50) 
thrown [s\open\src\hotspot\share\interpreter\linkResolver.cpp, line 826]

VM Operations (20 events):
Event: 115.798 Executing VM operation: G1CollectForAllocation done
Event: 116.362 Executing VM operation: G1CollectForAllocation
Event: 116.366 Executing VM operation: G1CollectForAllocation done
Event: 117.684 Executing VM operation: G1CollectForAllocation
Event: 117.691 Executing VM operation: G1CollectForAllocation done
Event: 119.525 Executing VM operation: G1CollectForAllocation
Event: 119.531 Executing VM operation: G1CollectForAllocation done
Event: 120.274 Executing VM operation: HandshakeAllThreads
Event: 120.274 Executing VM operation: HandshakeAllThreads done
Event: 121.285 Executing VM operation: Cleanup
Event: 121.285 Executing VM operation: Cleanup done
Event: 121.379 Executing VM operation: G1CollectForAllocation
Event: 121.382 Executing VM operation: G1CollectForAllocation done
Event: 121.422 Executing VM operation: G1CollectForAllocation
Event: 121.428 Executing VM operation: G1CollectForAllocation done
Event: 123.510 Executing VM operation: G1CollectForAllocation
Event: 123.512 Executing VM operation: G1CollectForAllocation done
Event: 123.541 Executing VM operation: G1CollectForAllocation
Event: 123.546 Executing VM operation: G1CollectForAllocation done
Event: 123.671 Executing VM operation: G1Concurrent

Events (20 events):
Event: 67.845 Thread 0x0000020eebbffdf0 Thread exited: 0x0000020eebbffdf0
Event: 68.051 Thread 0x0000020eed5e6390 Thread added: 0x0000020eed5e6390
Event: 68.053 Thread 0x0000020eebbffdf0 Thread added: 0x0000020eebbffdf0
Event: 68.053 Thread 0x0000020eed7d13a0 Thread added: 0x0000020eed7d13a0
Event: 69.908 Thread 0x0000020eed7d13a0 Thread exited: 0x0000020eed7d13a0
Event: 71.521 Thread 0x0000020eebbffdf0 Thread exited: 0x0000020eebbffdf0
Event: 73.038 Thread 0x0000020eebbffdf0 Thread added: 0x0000020eebbffdf0
Event: 73.038 Thread 0x0000020eed7a8090 Thread added: 0x0000020eed7a8090
Event: 73.642 Thread 0x0000020eed7a8090 Thread exited: 0x0000020eed7a8090
Event: 73.642 Thread 0x0000020eed5e6390 Thread exited: 0x0000020eed5e6390
Event: 73.642 Thread 0x0000020eebbffdf0 Thread exited: 0x0000020eebbffdf0
Event: 78.051 Thread 0x0000020eeb4cd920 Thread added: 0x0000020eeb4cd920
Event: 78.051 Thread 0x0000020eed5e6390 Thread added: 0x0000020eed5e6390
Event: 78.051 Thread 0x0000020eebbffdf0 Thread added: 0x0000020eebbffdf0
Event: 82.782 Thread 0x0000020eebbffdf0 Thread exited: 0x0000020eebbffdf0
Event: 82.859 Thread 0x0000020eeb4cd920 Thread exited: 0x0000020eeb4cd920
Event: 82.859 Thread 0x0000020eed5e6390 Thread exited: 0x0000020eed5e6390
Event: 83.052 Thread 0x0000020eeb4cd920 Thread added: 0x0000020eeb4cd920
Event: 87.231 Thread 0x0000020eeb4cd920 Thread exited: 0x0000020eeb4cd920
Event: 91.039 Thread 0x0000020eeb9554a0 Thread exited: 0x0000020eeb9554a0


Dynamic libraries:
0x00007ff712a10000 - 0x00007ff712a20000 	C:\Program Files\Java\jdk-17\bin\javaw.exe
0x00007ffa98580000 - 0x00007ffa987e7000 	C:\WINDOWS\SYSTEM32\ntdll.dll
0x00007ffa982c0000 - 0x00007ffa98389000 	C:\WINDOWS\System32\KERNEL32.DLL
0x00007ffa95270000 - 0x00007ffa95667000 	C:\WINDOWS\System32\KERNELBASE.dll
0x00007ffa95ee0000 - 0x00007ffa9602b000 	C:\WINDOWS\System32\ucrtbase.dll
0x00007ffa8e220000 - 0x00007ffa8e239000 	C:\Program Files\Java\jdk-17\bin\jli.dll
0x00007ffa8e0e0000 - 0x00007ffa8e0fb000 	C:\Program Files\Java\jdk-17\bin\VCRUNTIME140.dll
0x00007ffa96300000 - 0x00007ffa963b6000 	C:\WINDOWS\System32\ADVAPI32.dll
0x00007ffa96950000 - 0x00007ffa969f9000 	C:\WINDOWS\System32\msvcrt.dll
0x00007ffa96a00000 - 0x00007ffa96aa7000 	C:\WINDOWS\System32\sechost.dll
0x00007ffa98390000 - 0x00007ffa984a8000 	C:\WINDOWS\System32\RPCRT4.dll
0x00007ffa970a0000 - 0x00007ffa97266000 	C:\WINDOWS\System32\USER32.dll
0x00007ffa962d0000 - 0x00007ffa962f7000 	C:\WINDOWS\System32\win32u.dll
0x00007ffa97270000 - 0x00007ffa9729b000 	C:\WINDOWS\System32\GDI32.dll
0x00007ffa96030000 - 0x00007ffa9615c000 	C:\WINDOWS\System32\gdi32full.dll
0x00007ffa7a1b0000 - 0x00007ffa7a442000 	C:\WINDOWS\WinSxS\amd64_microsoft.windows.common-controls_6595b64144ccf1df_6.0.26100.8457_none_3e0b2faee331e92d\COMCTL32.dll
0x00007ffa951c0000 - 0x00007ffa95263000 	C:\WINDOWS\System32\msvcp_win.dll
0x00007ffa94a90000 - 0x00007ffa94a9b000 	C:\WINDOWS\SYSTEM32\VERSION.dll
0x00007ffa97f50000 - 0x00007ffa97f82000 	C:\WINDOWS\System32\IMM32.DLL
0x00000000551f0000 - 0x00000000551fc000 	C:\Program Files (x86)\360\Total Security\safemon\SafeWrapper.dll
0x00007ff9efb30000 - 0x00007ff9efbdc000 	C:\Program Files (x86)\360\Total Security\safemon\libzdtp64.dll
0x00007ffa97400000 - 0x00007ffa97b6e000 	C:\WINDOWS\System32\SHELL32.dll
0x00007ffa96b70000 - 0x00007ffa96bd6000 	C:\WINDOWS\System32\SHLWAPI.dll
0x00007ffa95670000 - 0x00007ffa95edc000 	C:\WINDOWS\System32\Windows.Storage.dll
0x00007ffa96bf0000 - 0x00007ffa96f73000 	C:\WINDOWS\System32\combase.dll
0x00007ffa8ece0000 - 0x00007ffa8ecec000 	C:\Program Files\Java\jdk-17\bin\vcruntime140_1.dll
0x00007ffa837e0000 - 0x00007ffa8386e000 	C:\Program Files\Java\jdk-17\bin\msvcp140.dll
0x00007ffa03c70000 - 0x00007ffa04850000 	C:\Program Files\Java\jdk-17\bin\server\jvm.dll
0x00007ffa97e60000 - 0x00007ffa97e68000 	C:\WINDOWS\System32\PSAPI.DLL
0x00007ffa8d100000 - 0x00007ffa8d136000 	C:\WINDOWS\SYSTEM32\WINMM.dll
0x00007ffa73580000 - 0x00007ffa7358a000 	C:\WINDOWS\SYSTEM32\WSOCK32.dll
0x00007ffa97ec0000 - 0x00007ffa97f40000 	C:\WINDOWS\System32\WS2_32.dll
0x00007ffa93cd0000 - 0x00007ffa93ceb000 	C:\WINDOWS\SYSTEM32\kernel.appcore.dll
0x00007ffa8d620000 - 0x00007ffa8d62a000 	C:\Program Files\Java\jdk-17\bin\jimage.dll
0x00007ffa89c80000 - 0x00007ffa89ec2000 	C:\WINDOWS\SYSTEM32\DBGHELP.DLL
0x00007ffa97b80000 - 0x00007ffa97c59000 	C:\WINDOWS\System32\OLEAUT32.dll
0x00007ffa7a170000 - 0x00007ffa7a1ab000 	C:\WINDOWS\SYSTEM32\dbgcore.DLL
0x00007ffa96220000 - 0x00007ffa962c8000 	C:\WINDOWS\System32\bcryptPrimitives.dll
0x00007ffa837b0000 - 0x00007ffa837d5000 	C:\Program Files\Java\jdk-17\bin\java.dll
0x00007ffa61380000 - 0x00007ffa61457000 	C:\Program Files\Java\jdk-17\bin\jsvml.dll
0x00007ffa96850000 - 0x00007ffa96946000 	C:\WINDOWS\System32\SHCORE.dll
0x00007ffa94ed0000 - 0x00007ffa94ef9000 	C:\WINDOWS\SYSTEM32\profapi.dll
0x00007ffa899a0000 - 0x00007ffa899b9000 	C:\Program Files\Java\jdk-17\bin\net.dll
0x00007ffa8e3d0000 - 0x00007ffa8e4f9000 	C:\WINDOWS\SYSTEM32\WINHTTP.dll
0x00007ffa94240000 - 0x00007ffa942ac000 	C:\WINDOWS\system32\mswsock.dll
0x00007ffa83740000 - 0x00007ffa83756000 	C:\Program Files\Java\jdk-17\bin\nio.dll
0x00007ffa7e7f0000 - 0x00007ffa7e808000 	C:\Program Files\Java\jdk-17\bin\zip.dll
0x00007ffa88390000 - 0x00007ffa8839a000 	C:\Program Files\Java\jdk-17\bin\management.dll
0x00007ffa88120000 - 0x00007ffa8812b000 	C:\Program Files\Java\jdk-17\bin\management_ext.dll
0x00007ffa71840000 - 0x00007ffa71858000 	C:\WINDOWS\system32\napinsp.dll
0x00007ffa93790000 - 0x00007ffa938c2000 	C:\WINDOWS\SYSTEM32\DNSAPI.dll
0x00007ffa93750000 - 0x00007ffa93782000 	C:\WINDOWS\SYSTEM32\IPHLPAPI.DLL
0x00007ffa96b60000 - 0x00007ffa96b6a000 	C:\WINDOWS\System32\NSI.dll
0x00007ffa71820000 - 0x00007ffa71833000 	C:\WINDOWS\System32\winrnr.dll
0x00007ffa717f0000 - 0x00007ffa71812000 	C:\WINDOWS\system32\nlansp_c.dll
0x00007ffa717d0000 - 0x00007ffa717e6000 	C:\WINDOWS\system32\wshbth.dll
0x00007ffa8e3c0000 - 0x00007ffa8e3cb000 	C:\Windows\System32\rasadhlp.dll
0x00007ffa8fca0000 - 0x00007ffa8fd26000 	C:\WINDOWS\System32\fwpuclnt.dll
0x00007ffa94520000 - 0x00007ffa9453b000 	C:\WINDOWS\SYSTEM32\CRYPTSP.dll
0x00007ffa93c30000 - 0x00007ffa93c69000 	C:\WINDOWS\system32\rsaenh.dll
0x00007ffa942f0000 - 0x00007ffa94323000 	C:\WINDOWS\SYSTEM32\USERENV.dll
0x00007ffa94ea0000 - 0x00007ffa94eca000 	C:\WINDOWS\SYSTEM32\bcrypt.dll
0x00007ffa94540000 - 0x00007ffa9454c000 	C:\WINDOWS\SYSTEM32\CRYPTBASE.dll
0x00007ffa8fa30000 - 0x00007ffa8fa4d000 	C:\WINDOWS\SYSTEM32\dhcpcsvc6.DLL
0x00007ffa8fa00000 - 0x00007ffa8fa25000 	C:\WINDOWS\SYSTEM32\dhcpcsvc.DLL
0x00007ffa85730000 - 0x00007ffa8573e000 	C:\Program Files\Java\jdk-17\bin\sunmscapi.dll
0x00007ffa95040000 - 0x00007ffa951b8000 	C:\WINDOWS\System32\CRYPT32.dll
0x00007ffa94740000 - 0x00007ffa94770000 	C:\WINDOWS\SYSTEM32\ncrypt.dll
0x00007ffa946f0000 - 0x00007ffa9472f000 	C:\WINDOWS\SYSTEM32\NTASN1.dll
0x00007ffa84bc0000 - 0x00007ffa84bd0000 	C:\Program Files\Java\jdk-17\bin\verify.dll
0x00007ffa4b600000 - 0x00007ffa4b608000 	C:\WINDOWS\system32\wshunix.dll

dbghelp: loaded successfully - version: 4.0.5 - missing functions: none
symbol engine: initialized successfully - sym options: 0x614 - pdb path: .;C:\Program Files\Java\jdk-17\bin;C:\WINDOWS\SYSTEM32;C:\WINDOWS\WinSxS\amd64_microsoft.windows.common-controls_6595b64144ccf1df_6.0.26100.8457_none_3e0b2faee331e92d;C:\Program Files (x86)\360\Total Security\safemon;C:\Program Files\Java\jdk-17\bin\server

VM Arguments:
jvm_args: -Dcom.sun.management.jmxremote -Dcom.sun.management.jmxremote.port=61613 -Dcom.sun.management.jmxremote.authenticate=false -Dcom.sun.management.jmxremote.ssl=false -Djava.rmi.server.hostname=localhost -Dspring.jmx.enabled=true -Dmanagement.endpoints.jmx.exposure.include=* -Dspring.application.admin.enabled=true -Dspring.output.ansi.enabled=always -XX:TieredStopAtLevel=1 -Dspring.boot.project.name=Spring_PostgresSql -Dfile.encoding=UTF-8 -Dstdout.encoding=UTF-8 -Dstderr.encoding=UTF-8 -XX:+ShowCodeDetailsInExceptionMessages 
java_command: com.jne.SpringPostgresSqlApplication
java_class_path (initial): D:\jne_project_all\Spring_PostgresSql\target\classes;C:\Users\jne_s\.m2\repository\org\springframework\boot\spring-boot-starter-data-jpa\3.5.4\spring-boot-starter-data-jpa-3.5.4.jar;C:\Users\jne_s\.m2\repository\org\springframework\boot\spring-boot-starter\3.5.4\spring-boot-starter-3.5.4.jar;C:\Users\jne_s\.m2\repository\org\springframework\boot\spring-boot-starter-logging\3.5.4\spring-boot-starter-logging-3.5.4.jar;C:\Users\jne_s\.m2\repository\ch\qos\logback\logback-classic\1.5.18\logback-classic-1.5.18.jar;C:\Users\jne_s\.m2\repository\ch\qos\logback\logback-core\1.5.18\logback-core-1.5.18.jar;C:\Users\jne_s\.m2\repository\org\apache\logging\log4j\log4j-to-slf4j\2.24.3\log4j-to-slf4j-2.24.3.jar;C:\Users\jne_s\.m2\repository\org\apache\logging\log4j\log4j-api\2.24.3\log4j-api-2.24.3.jar;C:\Users\jne_s\.m2\repository\org\slf4j\jul-to-slf4j\2.0.17\jul-to-slf4j-2.0.17.jar;C:\Users\jne_s\.m2\repository\jakarta\annotation\jakarta.annotation-api\2.1.1\jakarta.annotation-api-2.1.1.jar;C:\Users\jne_s\.m2\repository\org\yaml\snakeyaml\2.4\snakeyaml-2.4.jar;C:\Users\jne_s\.m2\repository\org\springframework\boot\spring-boot-starter-jdbc\3.5.4\spring-boot-starter-jdbc-3.5.4.jar;C:\Users\jne_s\.m2\repository\com\zaxxer\HikariCP\6.3.1\HikariCP-6.3.1.jar;C:\Users\jne_s\.m2\repository\org\springframework\spring-jdbc\6.2.9\spring-jdbc-6.2.9.jar;C:\Users\jne_s\.m2\repository\org\hibernate\orm\hibernate-core\6.6.22.Final\hibernate-core-6.6.22.Final.jar;C:\Users\jne_s\.m2\repository\jakarta\persistence\jakarta.persistence-api\3.1.0\jakarta.persistence-api-3.1.0.jar;C:\Users\jne_s\.m2\repository\jakarta\transaction\jakarta.transaction-api\2.0.1\jakarta.transaction-api-2.0.1.jar;C:\Users\jne_s\.m2\repository\org\jboss\logging\jboss-logging\3.6.1.Final\jboss-logging-3.6.1.Final.jar;C:\Users\jne_s\.m2\repository\org\hibernate\common\hibernate-commons-annotations\7.0.3.Final\hibernate-commons-annotations-7.0.3.Final.jar;C:\Users\jne_s\.m2\repository\io\smallry
Launcher Type: SUN_STANDARD

[Global flags]
     intx CICompilerCount                          = 4                                         {product} {ergonomic}
     uint ConcGCThreads                            = 3                                         {product} {ergonomic}
     uint G1ConcRefinementThreads                  = 10                                        {product} {ergonomic}
   size_t G1HeapRegionSize                         = 1048576                                   {product} {ergonomic}
    uintx GCDrainStackTargetSize                   = 64                                        {product} {ergonomic}
   size_t InitialHeapSize                          = 123731968                                 {product} {ergonomic}
     bool ManagementServer                         = true                                      {product} {command line}
   size_t MarkStackSize                            = 4194304                                   {product} {ergonomic}
   size_t MaxHeapSize                              = 1971322880                                {product} {ergonomic}
   size_t MaxNewSize                               = 1182793728                                {product} {ergonomic}
   size_t MinHeapDeltaBytes                        = 1048576                                   {product} {ergonomic}
   size_t MinHeapSize                              = 8388608                                   {product} {ergonomic}
    uintx NonProfiledCodeHeapSize                  = 0                                      {pd product} {ergonomic}
     bool ProfileInterpreter                       = false                                  {pd product} {command line}
    uintx ProfiledCodeHeapSize                     = 0                                      {pd product} {ergonomic}
     bool ShowCodeDetailsInExceptionMessages       = true                                   {manageable} {command line}
   size_t SoftMaxHeapSize                          = 1971322880                             {manageable} {ergonomic}
     intx TieredStopAtLevel                        = 1                                         {product} {command line}
     bool UseCompressedClassPointers               = true                           {product lp64_product} {ergonomic}
     bool UseCompressedOops                        = true                           {product lp64_product} {ergonomic}
     bool UseG1GC                                  = true                                      {product} {ergonomic}
     bool UseLargePagesIndividualAllocation        = false                                  {pd product} {ergonomic}

Logging:
Log output configuration:
 #0: stdout all=warning uptime,level,tags
 #1: stderr all=off uptime,level,tags

Environment Variables:
JAVA_HOME=C:\Program Files\Java\jdk-17
PATH=D:/sts-4.32.0.RELEASE//plugins/org.eclipse.justj.openjdk.hotspot.jre.full.win32.x86_64_21.0.8.v20250724-1412/jre/bin/server;D:/sts-4.32.0.RELEASE//plugins/org.eclipse.justj.openjdk.hotspot.jre.full.win32.x86_64_21.0.8.v20250724-1412/jre/bin;C:\Program Files\Java\jdk-17\bin;C:\Program Files\Java\jdk-17\bin;C:\WINDOWS\system32;C:\WINDOWS;C:\WINDOWS\System32\Wbem;C:\WINDOWS\System32\WindowsPowerShell\v1.0\;C:\WINDOWS\System32\OpenSSH\;C:\Program Files\Git\cmd;C:\Program Files\MySQL\MySQL Server 8.0\bin;C:\Program Files\Java\jdk-17\bin;C:\Program Files\Docker\Docker\resources\bin;C:\Program Files\PuTTY\;C:\Program Files\Apache\Maven\apache-maven-3.9.10\bin;C:\Program Files\Microsoft SQL Server\150\Tools\Binn\;C:\Program Files\Microsoft SQL Server\Client SDK\ODBC\170\Tools\Binn\;C:\Program Files\dotnet\;D:\spark-3.5.5-bin-hadoop3\bin;C:\hadoop\bin;C:\Users\jne_s\AppData\Local\Programs\Python\Python313\Scripts\;C:\Users\jne_s\AppData\Local\Programs\Python\Python313\;C:\Program Files\Eclipse Adoptium\jdk-11.0.28.6-hotspot\bin;C:\Program Files (x86)\Common Files\Oracle\Java\javapath;C:\Program Files\Common Files\Oracle\Java\javapath;C:\WINDOWS\system32;C:\WINDOWS;C:\WINDOWS\System32\Wbem;C:\WINDOWS\System32\WindowsPowerShell\v1.0\;C:\WINDOWS\System32\OpenSSH\;C:\Program Files\Git\cmd;C:\Program Files\MySQL\MySQL Server 8.0\bin;C:\Program Files\Java\jdk-17\bin;C:\Program Files\Docker\Docker\resources\bin;C:\Program Files\PuTTY\;C:\Program Files\Apache\Maven\apache-maven-3.9.10\bin;C:\Program Files\Java\jdk1.8.0_202\bin;C:\Program Files\Microsoft SQL Server\150\Tools\Binn\;C:\Program Files\Microsoft SQL Server\Client SDK\ODBC\170\Tools\Binn\;C:\Program Files\dotnet\;D:\spark-3.5.5-bin-hadoop3\bin;C:\Program Files\Eclipse Adoptium\jdk-11.0.28.6-hotspot\bin;C:\Program Files (x86)\Common Files\Oracle\Java\javapath;C:\Program Files\Common Files\Oracle\Java\javapath;C:\WINDOWS\system32;C:\WINDOWS;C:\WINDOWS\System32\Wbem;C:\WINDOWS\System32\WindowsPowerShell\v1.0\;C:\WINDOWS\Sys
USERNAME=jne_s
OS=Windows_NT
PROCESSOR_IDENTIFIER=AMD64 Family 25 Model 80 Stepping 0, AuthenticAMD



---------------  S Y S T E M  ---------------

OS:
 Windows 11 , 64 bit Build 26100 (10.0.26100.8328)
OS uptime: 0 days 10:14 hours
Hyper-V role detected

CPU: total 12 (initial active 12) (12 cores per cpu, 2 threads per core) family 25 model 80 stepping 0 microcode 0xa50000f, cx8, cmov, fxsr, ht, mmx, 3dnowpref, sse, sse2, sse3, ssse3, sse4a, sse4.1, sse4.2, popcnt, lzcnt, tsc, tscinvbit, avx, avx2, aes, erms, clmul, bmi1, bmi2, adx, sha, fma, vzeroupper, clflush, clflushopt, hv

Memory: 4k page, system-wide physical 7518M (606M free)
TotalPageFile size 19806M (AvailPageFile size 141M)
current process WorkingSet (physical memory assigned to process): 574M, peak: 585M
current process commit charge ("private bytes"): 657M, peak: 832M

vm_info: Java HotSpot(TM) 64-Bit Server VM (17.0.12+8-LTS-286) for windows-amd64 JRE (17.0.12+8-LTS-286), built on Jun  5 2024 06:46:59 by "mach5one" with MS VC++ 17.6 (VS2022)

END.
