#
# There is insufficient memory for the Java Runtime Environment to continue.
# Native memory allocation (malloc) failed to allocate 1048576 bytes for AllocateHeap
# Possible reasons:
#   The system is out of physical RAM or swap space
#   The process is running with CompressedOops enabled, and the Java Heap may be blocking the growth of the native heap
# Possible solutions:
#   Reduce memory load on the system
#   Increase physical memory or swap space
#   Check if swap backing store is full
#   Decrease Java heap size (-Xmx/-Xms)
#   Decrease number of Java threads
#   Decrease Java thread stack sizes (-Xss)
#   Set larger code cache with -XX:ReservedCodeCacheSize=
#   JVM is running with Unscaled Compressed Oops mode in which the Java heap is
#     placed in the first 4GB address space. The Java Heap base address is the
#     maximum limit for the native heap growth. Please use -XX:HeapBaseMinAddress
#     to set the Java Heap base and to place the Java Heap above 4GB virtual address.
# This output file may be truncated or incomplete.
#
#  Out of Memory Error (allocation.cpp:44), pid=22260, tid=28000
#
# JRE version: Java(TM) SE Runtime Environment (17.0.12+8) (build 17.0.12+8-LTS-286)
# Java VM: Java HotSpot(TM) 64-Bit Server VM (17.0.12+8-LTS-286, mixed mode, emulated-client, sharing, tiered, compressed oops, compressed class ptrs, g1 gc, windows-amd64)
# No core dump will be written. Minidumps are not enabled by default on client versions of Windows
#

---------------  S U M M A R Y ------------

Command Line: -Dcom.sun.management.jmxremote -Dcom.sun.management.jmxremote.port=56121 -Dcom.sun.management.jmxremote.authenticate=false -Dcom.sun.management.jmxremote.ssl=false -Djava.rmi.server.hostname=localhost -Dspring.jmx.enabled=true -Dmanagement.endpoints.jmx.exposure.include=* -Dspring.application.admin.enabled=true -Dspring.output.ansi.enabled=always -XX:TieredStopAtLevel=1 -Dspring.boot.project.name=Spring_PostgresSql -Dfile.encoding=UTF-8 -Dstdout.encoding=UTF-8 -Dstderr.encoding=UTF-8 -XX:+ShowCodeDetailsInExceptionMessages com.jne.SpringPostgresSqlApplication

Host: AMD Ryzen 5 5600H with Radeon Graphics         , 12 cores, 7G,  Windows 11 , 64 bit Build 26100 (10.0.26100.8328)
Time: Wed May 20 13:42:32 2026 India Standard Time elapsed time: 6691.521114 seconds (0d 1h 51m 31s)

---------------  T H R E A D  ---------------

Current thread (0x000002507408ffd0):  VMThread "VM Thread" [stack: 0x000000a3dd000000,0x000000a3dd100000] [id=28000]

Stack: [0x000000a3dd000000,0x000000a3dd100000]
Native frames: (J=compiled Java code, j=interpreted, Vv=VM code, C=native code)
V  [jvm.dll+0x67a04a]
V  [jvm.dll+0x7da4ed]
V  [jvm.dll+0x7dbe33]
V  [jvm.dll+0x7dc4a3]
V  [jvm.dll+0x24508f]
V  [jvm.dll+0xa5e2b]
V  [jvm.dll+0x2f31c3]
V  [jvm.dll+0x2ef140]
V  [jvm.dll+0x2d78d7]
V  [jvm.dll+0x2dc55c]
V  [jvm.dll+0x2dc40d]
V  [jvm.dll+0x31a677]
V  [jvm.dll+0x7e0d9b]
V  [jvm.dll+0x7e1ad4]
V  [jvm.dll+0x7e1fed]
V  [jvm.dll+0x7e23c4]
V  [jvm.dll+0x7e2490]
V  [jvm.dll+0x78abea]
V  [jvm.dll+0x678f35]
C  [ucrtbase.dll+0x37b0]
C  [KERNEL32.DLL+0x2e957]
C  [ntdll.dll+0x427c]

VM_Operation (0x000000a3df9fe5d0): G1CollectForAllocation, mode: safepoint, requested by thread 0x000002507cd16730


---------------  P R O C E S S  ---------------

Threads class SMR info:
_java_thread_list=0x000002507c72aa70, length=84, elements={
0x000002507409a930, 0x000002507409d210, 0x00000250740aaa50, 0x00000250740ab320,
0x00000250740abbf0, 0x00000250740b64e0, 0x00000250740bb6d0, 0x00000250740c2010,
0x000002507407fdc0, 0x000002507496df10, 0x000002507934c300, 0x00000250793762d0,
0x0000025079392020, 0x0000025079906cc0, 0x0000025079913d70, 0x00000250799156c0,
0x0000025079911f10, 0x000002507b5d8c60, 0x000002507b5d9170, 0x000002507b5daac0,
0x000002507b5de780, 0x000002507bdfe320, 0x000002507bdffc70, 0x000002507bdfd3f0,
0x000002507bdfe830, 0x000002507bdff760, 0x000002507b5dc410, 0x000002507b5dafd0,
0x000002507b5dce30, 0x000002507b5dd340, 0x000002507cd18080, 0x000002507cd16730,
0x000002507cd18590, 0x000002507cd16220, 0x000002507cd18fb0, 0x000002507b5dec90,
0x000002507b5df6b0, 0x000002507b5dfbc0, 0x0000025079913860, 0x0000025079912420,
0x000002507cd17150, 0x000002507cd15d10, 0x000002507cd1a900, 0x000002507cd1ae10,
0x000002507cd17660, 0x000002507bdfde10, 0x000002507bdfcee0, 0x000002507bdfd900,
0x000002507cd15800, 0x0000025079912930, 0x000002507cd16c40, 0x000002507cd1bd40,
0x000002507cd1c250, 0x000002507cd1cc70, 0x000002507cfd2860, 0x000002507cfd46c0,
0x000002507cfd1930, 0x000002507cfd4bd0, 0x000002507cfd3790, 0x000002507cfd1e40,
0x000002507cfd41b0, 0x000002507cfd3ca0, 0x000002507cfd3280, 0x000002507cfd6520,
0x000002507cfd6010, 0x000002507cfd2350, 0x000002507cfd2d70, 0x000002507cfd6a30,
0x000002507cfd92b0, 0x000002507cfd8380, 0x000002507cfd8890, 0x000002507cfd6f40,
0x000002507cfd7960, 0x000002507cfd7450, 0x000002507cfd7e70, 0x000002507cfd8da0,
0x000002507b5d9680, 0x000002507b5dbf00, 0x000002507b5d9b90, 0x000002507b5dd850,
0x000002507cd19ee0, 0x000002507cd1b320, 0x000002507cd1d180, 0x000002507cd1b830
}

Java Threads: ( => current thread )
  0x000002507409a930 JavaThread "Reference Handler" daemon [_thread_blocked, id=2480, stack(0x000000a3dd100000,0x000000a3dd200000)]
  0x000002507409d210 JavaThread "Finalizer" daemon [_thread_blocked, id=3868, stack(0x000000a3dd200000,0x000000a3dd300000)]
  0x00000250740aaa50 JavaThread "Signal Dispatcher" daemon [_thread_blocked, id=25368, stack(0x000000a3dd300000,0x000000a3dd400000)]
  0x00000250740ab320 JavaThread "Attach Listener" daemon [_thread_blocked, id=25356, stack(0x000000a3dd400000,0x000000a3dd500000)]
  0x00000250740abbf0 JavaThread "Service Thread" daemon [_thread_blocked, id=1868, stack(0x000000a3dd500000,0x000000a3dd600000)]
  0x00000250740b64e0 JavaThread "Monitor Deflation Thread" daemon [_thread_blocked, id=25188, stack(0x000000a3dd600000,0x000000a3dd700000)]
  0x00000250740bb6d0 JavaThread "C1 CompilerThread0" daemon [_thread_blocked, id=9292, stack(0x000000a3dd700000,0x000000a3dd800000)]
  0x00000250740c2010 JavaThread "Sweeper thread" daemon [_thread_blocked, id=4848, stack(0x000000a3dd800000,0x000000a3dd900000)]
  0x000002507407fdc0 JavaThread "Common-Cleaner" daemon [_thread_blocked, id=5352, stack(0x000000a3dd900000,0x000000a3dda00000)]
  0x000002507496df10 JavaThread "Notification Thread" daemon [_thread_blocked, id=27016, stack(0x000000a3ddd00000,0x000000a3dde00000)]
  0x000002507934c300 JavaThread "RMI TCP Accept-0" daemon [_thread_in_native, id=16888, stack(0x000000a3dde00000,0x000000a3ddf00000)]
  0x00000250793762d0 JavaThread "RMI TCP Accept-56121" daemon [_thread_in_native, id=28080, stack(0x000000a3ddf00000,0x000000a3de000000)]
  0x0000025079392020 JavaThread "RMI TCP Accept-0" daemon [_thread_in_native, id=18192, stack(0x000000a3de000000,0x000000a3de100000)]
  0x0000025079906cc0 JavaThread "RMI Scheduler(0)" daemon [_thread_blocked, id=24440, stack(0x000000a3deb00000,0x000000a3dec00000)]
  0x0000025079913d70 JavaThread "PostgreSQL-JDBC-Cleaner" daemon [_thread_blocked, id=11312, stack(0x000000a3df800000,0x000000a3df900000)]
  0x00000250799156c0 JavaThread "pool-3-thread-1" [_thread_blocked, id=27128, stack(0x000000a3dfb00000,0x000000a3dfc00000)]
  0x0000025079911f10 JavaThread "pool-3-thread-2" [_thread_blocked, id=28496, stack(0x000000a3dfc00000,0x000000a3dfd00000)]
  0x000002507b5d8c60 JavaThread "pool-3-thread-3" [_thread_blocked, id=24772, stack(0x000000a3dfd00000,0x000000a3dfe00000)]
  0x000002507b5d9170 JavaThread "pool-3-thread-4" [_thread_blocked, id=22244, stack(0x000000a3dfe00000,0x000000a3dff00000)]
  0x000002507b5daac0 JavaThread "Live Reload Server" daemon [_thread_in_native, id=2620, stack(0x000000a3e0100000,0x000000a3e0200000)]
  0x000002507b5de780 JavaThread "DestroyJavaVM" [_thread_blocked, id=5016, stack(0x000000a3dca00000,0x000000a3dcb00000)]
  0x000002507bdfe320 JavaThread "pool-2-thread-1" [_thread_blocked, id=324, stack(0x000000a3dfa00000,0x000000a3dfb00000)]
  0x000002507bdffc70 JavaThread "pool-2-thread-2" [_thread_blocked, id=1704, stack(0x000000a3e1700000,0x000000a3e1800000)]
  0x000002507bdfd3f0 JavaThread "pool-2-thread-3" [_thread_blocked, id=28588, stack(0x000000a3e1900000,0x000000a3e1a00000)]
  0x000002507bdfe830 JavaThread "pool-2-thread-4" [_thread_blocked, id=19880, stack(0x000000a3e1a00000,0x000000a3e1b00000)]
  0x000002507bdff760 JavaThread "parallel-1" daemon [_thread_blocked, id=2788, stack(0x000000a3dc900000,0x000000a3dca00000)]
  0x000002507b5dc410 JavaThread "pool-6-thread-1" [_thread_blocked, id=6980, stack(0x000000a3e0000000,0x000000a3e0100000)]
  0x000002507b5dafd0 JavaThread "pool-6-thread-2" [_thread_blocked, id=18316, stack(0x000000a3e0200000,0x000000a3e0300000)]
  0x000002507b5dce30 JavaThread "pool-6-thread-3" [_thread_blocked, id=25820, stack(0x000000a3e0300000,0x000000a3e0400000)]
  0x000002507b5dd340 JavaThread "pool-6-thread-4" [_thread_blocked, id=23672, stack(0x000000a3e0400000,0x000000a3e0500000)]
  0x000002507cd18080 JavaThread "parallel-2" daemon [_thread_blocked, id=25688, stack(0x000000a3dc800000,0x000000a3dc900000)]
  0x000002507cd16730 JavaThread "pool-8-thread-1" [_thread_blocked, id=7452, stack(0x000000a3df900000,0x000000a3dfa00000)]
  0x000002507cd18590 JavaThread "pool-8-thread-2" [_thread_blocked, id=26732, stack(0x000000a3dff00000,0x000000a3e0000000)]
  0x000002507cd16220 JavaThread "pool-8-thread-3" [_thread_blocked, id=21164, stack(0x000000a3e0500000,0x000000a3e0600000)]
  0x000002507cd18fb0 JavaThread "pool-8-thread-4" [_thread_blocked, id=18304, stack(0x000000a3e0600000,0x000000a3e0700000)]
  0x000002507b5dec90 JavaThread "pool-7-thread-1" [_thread_blocked, id=10304, stack(0x000000a3e2200000,0x000000a3e2300000)]
  0x000002507b5df6b0 JavaThread "pool-7-thread-2" [_thread_blocked, id=20448, stack(0x000000a3e2300000,0x000000a3e2400000)]
  0x000002507b5dfbc0 JavaThread "pool-7-thread-3" [_thread_blocked, id=23952, stack(0x000000a3e2400000,0x000000a3e2500000)]
  0x0000025079913860 JavaThread "pool-7-thread-4" [_thread_blocked, id=25632, stack(0x000000a3dec00000,0x000000a3ded00000)]
  0x0000025079912420 JavaThread "parallel-3" daemon [_thread_blocked, id=16624, stack(0x000000a3dea00000,0x000000a3deb00000)]
  0x000002507cd17150 JavaThread "parallel-4" daemon [_thread_blocked, id=27904, stack(0x000000a3df700000,0x000000a3df800000)]
  0x000002507cd15d10 JavaThread "pool-10-thread-1" [_thread_blocked, id=25264, stack(0x000000a3e0800000,0x000000a3e0900000)]
  0x000002507cd1a900 JavaThread "pool-10-thread-2" [_thread_blocked, id=3136, stack(0x000000a3e0900000,0x000000a3e0a00000)]
  0x000002507cd1ae10 JavaThread "pool-10-thread-3" [_thread_blocked, id=6276, stack(0x000000a3e0a00000,0x000000a3e0b00000)]
  0x000002507cd17660 JavaThread "pool-10-thread-4" [_thread_blocked, id=26888, stack(0x000000a3e0b00000,0x000000a3e0c00000)]
  0x000002507bdfde10 JavaThread "pool-9-thread-1" [_thread_blocked, id=25040, stack(0x000000a3e2a00000,0x000000a3e2b00000)]
  0x000002507bdfcee0 JavaThread "pool-9-thread-2" [_thread_blocked, id=28216, stack(0x000000a3e2b00000,0x000000a3e2c00000)]
  0x000002507bdfd900 JavaThread "pool-9-thread-3" [_thread_blocked, id=28552, stack(0x000000a3e2c00000,0x000000a3e2d00000)]
  0x000002507cd15800 JavaThread "pool-9-thread-4" [_thread_blocked, id=11156, stack(0x000000a3e2d00000,0x000000a3e2e00000)]
  0x0000025079912930 JavaThread "parallel-5" daemon [_thread_blocked, id=25888, stack(0x000000a3dc700000,0x000000a3dc800000)]
  0x000002507cd16c40 JavaThread "pool-12-thread-1" [_thread_blocked, id=3088, stack(0x000000a3e0e00000,0x000000a3e0f00000)]
  0x000002507cd1bd40 JavaThread "pool-12-thread-2" [_thread_blocked, id=20252, stack(0x000000a3e0f00000,0x000000a3e1000000)]
  0x000002507cd1c250 JavaThread "pool-12-thread-3" [_thread_blocked, id=27508, stack(0x000000a3e1000000,0x000000a3e1100000)]
  0x000002507cd1cc70 JavaThread "pool-12-thread-4" [_thread_blocked, id=7840, stack(0x000000a3e1100000,0x000000a3e1200000)]
  0x000002507cfd2860 JavaThread "pool-11-thread-1" [_thread_blocked, id=12892, stack(0x000000a3e3500000,0x000000a3e3600000)]
  0x000002507cfd46c0 JavaThread "pool-11-thread-2" [_thread_blocked, id=25460, stack(0x000000a3e3600000,0x000000a3e3700000)]
  0x000002507cfd1930 JavaThread "pool-11-thread-3" [_thread_blocked, id=14216, stack(0x000000a3e3700000,0x000000a3e3800000)]
  0x000002507cfd4bd0 JavaThread "pool-11-thread-4" [_thread_blocked, id=21604, stack(0x000000a3e3800000,0x000000a3e3900000)]
  0x000002507cfd3790 JavaThread "parallel-6" daemon [_thread_blocked, id=3292, stack(0x000000a3e0700000,0x000000a3e0800000)]
  0x000002507cfd1e40 JavaThread "Catalina-utility-1" [_thread_blocked, id=20616, stack(0x000000a3ded00000,0x000000a3dee00000)]
  0x000002507cfd41b0 JavaThread "Catalina-utility-2" [_thread_blocked, id=13100, stack(0x000000a3def00000,0x000000a3df000000)]
  0x000002507cfd3ca0 JavaThread "container-0" [_thread_blocked, id=3176, stack(0x000000a3df400000,0x000000a3df500000)]
  0x000002507cfd3280 JavaThread "HikariPool-7:housekeeper" daemon [_thread_blocked, id=12748, stack(0x000000a3e0c00000,0x000000a3e0d00000)]
  0x000002507cfd6520 JavaThread "pool-14-thread-1" [_thread_blocked, id=18196, stack(0x000000a3e1300000,0x000000a3e1400000)]
  0x000002507cfd6010 JavaThread "pool-14-thread-2" [_thread_blocked, id=27472, stack(0x000000a3e1400000,0x000000a3e1500000)]
  0x000002507cfd2350 JavaThread "pool-14-thread-3" [_thread_blocked, id=16608, stack(0x000000a3e1200000,0x000000a3e1300000)]
  0x000002507cfd2d70 JavaThread "pool-14-thread-4" [_thread_blocked, id=22620, stack(0x000000a3e1500000,0x000000a3e1600000)]
  0x000002507cfd6a30 JavaThread "File Watcher" daemon [_thread_blocked, id=2848, stack(0x000000a3e1600000,0x000000a3e1700000)]
  0x000002507cfd92b0 JavaThread "http-nio-8089-exec-1" daemon [_thread_blocked, id=25296, stack(0x000000a3e1800000,0x000000a3e1900000)]
  0x000002507cfd8380 JavaThread "http-nio-8089-exec-2" daemon [_thread_blocked, id=24992, stack(0x000000a3e1b00000,0x000000a3e1c00000)]
  0x000002507cfd8890 JavaThread "http-nio-8089-exec-3" daemon [_thread_blocked, id=14896, stack(0x000000a3e1c00000,0x000000a3e1d00000)]
  0x000002507cfd6f40 JavaThread "http-nio-8089-exec-4" daemon [_thread_blocked, id=19872, stack(0x000000a3e1d00000,0x000000a3e1e00000)]
  0x000002507cfd7960 JavaThread "http-nio-8089-exec-5" daemon [_thread_blocked, id=16900, stack(0x000000a3e1e00000,0x000000a3e1f00000)]
  0x000002507cfd7450 JavaThread "http-nio-8089-exec-6" daemon [_thread_blocked, id=10280, stack(0x000000a3e1f00000,0x000000a3e2000000)]
  0x000002507cfd7e70 JavaThread "http-nio-8089-exec-7" daemon [_thread_blocked, id=23104, stack(0x000000a3e2000000,0x000000a3e2100000)]
  0x000002507cfd8da0 JavaThread "http-nio-8089-exec-8" daemon [_thread_blocked, id=28176, stack(0x000000a3e2100000,0x000000a3e2200000)]
  0x000002507b5d9680 JavaThread "http-nio-8089-exec-9" daemon [_thread_blocked, id=25548, stack(0x000000a3e2500000,0x000000a3e2600000)]
  0x000002507b5dbf00 JavaThread "http-nio-8089-exec-10" daemon [_thread_blocked, id=2056, stack(0x000000a3e2600000,0x000000a3e2700000)]
  0x000002507b5d9b90 JavaThread "http-nio-8089-Poller" daemon [_thread_in_native, id=4260, stack(0x000000a3e2700000,0x000000a3e2800000)]
  0x000002507b5dd850 JavaThread "http-nio-8089-Acceptor" daemon [_thread_in_native, id=12696, stack(0x000000a3e2800000,0x000000a3e2900000)]
  0x000002507cd19ee0 JavaThread "pool-13-thread-1" [_thread_blocked, id=23012, stack(0x000000a3e3d00000,0x000000a3e3e00000)]
  0x000002507cd1b320 JavaThread "pool-13-thread-2" [_thread_blocked, id=16068, stack(0x000000a3e3e00000,0x000000a3e3f00000)]
  0x000002507cd1d180 JavaThread "pool-13-thread-3" [_thread_blocked, id=2496, stack(0x000000a3e4100000,0x000000a3e4200000)]
  0x000002507cd1b830 JavaThread "pool-13-thread-4" [_thread_blocked, id=27140, stack(0x000000a3e4000000,0x000000a3e4100000)]

Other Threads:
=>0x000002507408ffd0 VMThread "VM Thread" [stack: 0x000000a3dd000000,0x000000a3dd100000] [id=28000]
  0x000002507939b3b0 WatcherThread [stack: 0x000000a3de100000,0x000000a3de200000] [id=12596]
  0x00000250628ecc00 GCTaskThread "GC Thread#0" [stack: 0x000000a3dcb00000,0x000000a3dcc00000] [id=24744]
  0x00000250796d2870 GCTaskThread "GC Thread#1" [stack: 0x000000a3de200000,0x000000a3de300000] [id=27692]
  0x00000250797b5c00 GCTaskThread "GC Thread#2" [stack: 0x000000a3de300000,0x000000a3de400000] [id=27888]
  0x000002507970a310 GCTaskThread "GC Thread#3" [stack: 0x000000a3de400000,0x000000a3de500000] [id=19736]
  0x00000250797b5ec0 GCTaskThread "GC Thread#4" [stack: 0x000000a3de500000,0x000000a3de600000] [id=16648]
  0x00000250797b6ba0 GCTaskThread "GC Thread#5" [stack: 0x000000a3de600000,0x000000a3de700000] [id=12368]
  0x00000250797bf690 GCTaskThread "GC Thread#6" [stack: 0x000000a3de700000,0x000000a3de800000] [id=19308]
  0x00000250797bf950 GCTaskThread "GC Thread#7" [stack: 0x000000a3de800000,0x000000a3de900000] [id=11716]
  0x0000025079a799b0 GCTaskThread "GC Thread#8" [stack: 0x000000a3df000000,0x000000a3df100000] [id=10780]
  0x0000025079a7bc80 GCTaskThread "GC Thread#9" [stack: 0x000000a3df100000,0x000000a3df200000] [id=27160]
  0x00000250628fc760 ConcurrentGCThread "G1 Main Marker" [stack: 0x000000a3dcc00000,0x000000a3dcd00000] [id=23500]
  0x00000250629016c0 ConcurrentGCThread "G1 Conc#0" [stack: 0x000000a3dcd00000,0x000000a3dce00000] [id=27120]
  0x000002507a04d910 ConcurrentGCThread "G1 Conc#1" [stack: 0x000000a3df200000,0x000000a3df300000] [id=11560]
  0x000002507a04dbd0 ConcurrentGCThread "G1 Conc#2" [stack: 0x000000a3df300000,0x000000a3df400000] [id=27964]
  0x0000025073f4dc00 ConcurrentGCThread "G1 Refine#0" [stack: 0x000000a3dce00000,0x000000a3dcf00000] [id=11024]
  0x0000025079709150 ConcurrentGCThread "G1 Refine#1" [stack: 0x000000a3de900000,0x000000a3dea00000] [id=17952]
  0x000002507bf06120 ConcurrentGCThread "G1 Refine#2" [stack: 0x000000a3dda00000,0x000000a3ddb00000] [id=24076]
  0x0000025079e4edd0 ConcurrentGCThread "G1 Refine#3" [stack: 0x000000a3ddb00000,0x000000a3ddc00000] [id=26860]
  0x0000025073f4e2e0 ConcurrentGCThread "G1 Service" [stack: 0x000000a3dcf00000,0x000000a3dd000000] [id=16860]

Threads with active compile tasks:

VM state: at safepoint (normal execution)

VM Mutex/Monitor currently owned by a thread:  ([mutex/lock_event])
[0x0000025062896a10] Threads_lock - owner thread: 0x000002507408ffd0
[0x0000025062896470] Heap_lock - owner thread: 0x000002507cd16730

OutOfMemory and StackOverflow Exception counts:
OutOfMemoryError java_heap_errors=8
LinkageErrors=199

Heap address: 0x000000008a800000, size: 1880 MB, Compressed Oops mode: 32-bit

CDS archive(s) mapped at: [0x0000025000000000-0x0000025000bd0000-0x0000025000bd0000), size 12386304, SharedBaseAddress: 0x0000025000000000, ArchiveRelocationMode: 1.
Compressed class space mapped at: 0x0000025001000000-0x0000025041000000, reserved size: 1073741824
Narrow klass base: 0x0000025000000000, Narrow klass shift: 0, Narrow klass range: 0x100000000

GC Precious Log:
 CPUs: 12 total, 12 available
 Memory: 7518M
 Large Page Support: Disabled
 NUMA Support: Disabled
 Compressed Oops: Enabled (32-bit)
 Heap Region Size: 1M
 Heap Min Capacity: 8M
 Heap Initial Capacity: 118M
 Heap Max Capacity: 1880M
 Pre-touch: Disabled
 Parallel Workers: 10
 Concurrent Workers: 3
 Concurrent Refinement Workers: 10
 Periodic GC: Disabled

Heap:
 garbage-first heap   total 1925120K, used 1921972K [0x000000008a800000, 0x0000000100000000)
  region size 1024K, 0 young (0K), 0 survivors (0K)
 Metaspace       used 91757K, committed 92864K, reserved 1179648K
  class space    used 12596K, committed 13056K, reserved 1048576K

Heap Regions: E=young(eden), S=young(survivor), O=old, HS=humongous(starts), HC=humongous(continues), CS=collection set, F=free, OA=open archive, CA=closed archive, TAMS=top-at-mark-start (previous, next)
|   0|0x000000008a800000, 0x000000008a900000, 0x000000008a900000|100%|HS|  |TAMS 0x000000008a900000, 0x000000008a900000| Untracked 
|   1|0x000000008a900000, 0x000000008aa00000, 0x000000008aa00000|100%|HS|  |TAMS 0x000000008aa00000, 0x000000008aa00000| Untracked 
|   2|0x000000008aa00000, 0x000000008aaffff0, 0x000000008ab00000| 99%| O|  |TAMS 0x000000008aaffff0, 0x000000008aaffff0| Untracked 
|   3|0x000000008ab00000, 0x000000008abffff8, 0x000000008ac00000| 99%| O|  |TAMS 0x000000008abffff8, 0x000000008abffff8| Untracked 
|   4|0x000000008ac00000, 0x000000008ad00000, 0x000000008ad00000|100%| O|  |TAMS 0x000000008ad00000, 0x000000008ad00000| Untracked 
|   5|0x000000008ad00000, 0x000000008adffff8, 0x000000008ae00000| 99%| O|  |TAMS 0x000000008adffff8, 0x000000008adffff8| Untracked 
|   6|0x000000008ae00000, 0x000000008af00000, 0x000000008af00000|100%| O|  |TAMS 0x000000008af00000, 0x000000008af00000| Untracked 
|   7|0x000000008af00000, 0x000000008affffe8, 0x000000008b000000| 99%| O|  |TAMS 0x000000008affffe8, 0x000000008affffe8| Untracked 
|   8|0x000000008b000000, 0x000000008b100000, 0x000000008b100000|100%| O|  |TAMS 0x000000008b100000, 0x000000008b100000| Untracked 
|   9|0x000000008b100000, 0x000000008b1fffe0, 0x000000008b200000| 99%| O|  |TAMS 0x000000008b1fffe0, 0x000000008b1fffe0| Untracked 
|  10|0x000000008b200000, 0x000000008b300000, 0x000000008b300000|100%| O|  |TAMS 0x000000008b300000, 0x000000008b300000| Untracked 
|  11|0x000000008b300000, 0x000000008b3ffff8, 0x000000008b400000| 99%| O|  |TAMS 0x000000008b3ffff8, 0x000000008b3ffff8| Untracked 
|  12|0x000000008b400000, 0x000000008b500000, 0x000000008b500000|100%| O|  |TAMS 0x000000008b500000, 0x000000008b500000| Untracked 
|  13|0x000000008b500000, 0x000000008b600000, 0x000000008b600000|100%| O|  |TAMS 0x000000008b600000, 0x000000008b600000| Untracked 
|  14|0x000000008b600000, 0x000000008b700000, 0x000000008b700000|100%| O|  |TAMS 0x000000008b700000, 0x000000008b700000| Untracked 
|  15|0x000000008b700000, 0x000000008b7ffff8, 0x000000008b800000| 99%| O|  |TAMS 0x000000008b7ffff8, 0x000000008b7ffff8| Untracked 
|  16|0x000000008b800000, 0x000000008b8ffff8, 0x000000008b900000| 99%| O|  |TAMS 0x000000008b8ffff8, 0x000000008b8ffff8| Untracked 
|  17|0x000000008b900000, 0x000000008ba00000, 0x000000008ba00000|100%| O|  |TAMS 0x000000008ba00000, 0x000000008ba00000| Untracked 
|  18|0x000000008ba00000, 0x000000008baffff8, 0x000000008bb00000| 99%| O|  |TAMS 0x000000008baffff8, 0x000000008baffff8| Untracked 
|  19|0x000000008bb00000, 0x000000008bc00000, 0x000000008bc00000|100%| O|  |TAMS 0x000000008bc00000, 0x000000008bc00000| Untracked 
|  20|0x000000008bc00000, 0x000000008bcffff8, 0x000000008bd00000| 99%| O|  |TAMS 0x000000008bcffff8, 0x000000008bcffff8| Untracked 
|  21|0x000000008bd00000, 0x000000008bdffff8, 0x000000008be00000| 99%| O|  |TAMS 0x000000008bdffff8, 0x000000008bdffff8| Untracked 
|  22|0x000000008be00000, 0x000000008beffff8, 0x000000008bf00000| 99%| O|  |TAMS 0x000000008beffff8, 0x000000008beffff8| Untracked 
|  23|0x000000008bf00000, 0x000000008c000000, 0x000000008c000000|100%| O|  |TAMS 0x000000008c000000, 0x000000008c000000| Untracked 
|  24|0x000000008c000000, 0x000000008c0ffff0, 0x000000008c100000| 99%| O|  |TAMS 0x000000008c0ffff0, 0x000000008c0ffff0| Untracked 
|  25|0x000000008c100000, 0x000000008c1ffff8, 0x000000008c200000| 99%| O|  |TAMS 0x000000008c1ffff8, 0x000000008c1ffff8| Untracked 
|  26|0x000000008c200000, 0x000000008c2ffff0, 0x000000008c300000| 99%| O|  |TAMS 0x000000008c2ffff0, 0x000000008c2ffff0| Untracked 
|  27|0x000000008c300000, 0x000000008c400000, 0x000000008c400000|100%| O|  |TAMS 0x000000008c400000, 0x000000008c400000| Untracked 
|  28|0x000000008c400000, 0x000000008c4ffff8, 0x000000008c500000| 99%| O|  |TAMS 0x000000008c4ffff8, 0x000000008c4ffff8| Untracked 
|  29|0x000000008c500000, 0x000000008c600000, 0x000000008c600000|100%| O|  |TAMS 0x000000008c600000, 0x000000008c600000| Untracked 
|  30|0x000000008c600000, 0x000000008c6ffff0, 0x000000008c700000| 99%| O|  |TAMS 0x000000008c6ffff0, 0x000000008c6ffff0| Untracked 
|  31|0x000000008c700000, 0x000000008c7fffc8, 0x000000008c800000| 99%| O|  |TAMS 0x000000008c7fffc8, 0x000000008c7fffc8| Untracked 
|  32|0x000000008c800000, 0x000000008c900000, 0x000000008c900000|100%| O|  |TAMS 0x000000008c900000, 0x000000008c900000| Untracked 
|  33|0x000000008c900000, 0x000000008ca00000, 0x000000008ca00000|100%| O|  |TAMS 0x000000008ca00000, 0x000000008ca00000| Untracked 
|  34|0x000000008ca00000, 0x000000008cb00000, 0x000000008cb00000|100%| O|  |TAMS 0x000000008cb00000, 0x000000008cb00000| Untracked 
|  35|0x000000008cb00000, 0x000000008cbffff0, 0x000000008cc00000| 99%| O|  |TAMS 0x000000008cbffff0, 0x000000008cbffff0| Untracked 
|  36|0x000000008cc00000, 0x000000008ccfffd8, 0x000000008cd00000| 99%| O|  |TAMS 0x000000008ccfffd8, 0x000000008ccfffd8| Untracked 
|  37|0x000000008cd00000, 0x000000008cdfffc8, 0x000000008ce00000| 99%| O|  |TAMS 0x000000008cdfffc8, 0x000000008cdfffc8| Untracked 
|  38|0x000000008ce00000, 0x000000008ceffff8, 0x000000008cf00000| 99%| O|  |TAMS 0x000000008ceffff8, 0x000000008ceffff8| Untracked 
|  39|0x000000008cf00000, 0x000000008d000000, 0x000000008d000000|100%| O|  |TAMS 0x000000008d000000, 0x000000008d000000| Untracked 
|  40|0x000000008d000000, 0x000000008d100000, 0x000000008d100000|100%| O|  |TAMS 0x000000008d100000, 0x000000008d100000| Untracked 
|  41|0x000000008d100000, 0x000000008d200000, 0x000000008d200000|100%| O|  |TAMS 0x000000008d200000, 0x000000008d200000| Untracked 
|  42|0x000000008d200000, 0x000000008d300000, 0x000000008d300000|100%| O|  |TAMS 0x000000008d300000, 0x000000008d300000| Untracked 
|  43|0x000000008d300000, 0x000000008d400000, 0x000000008d400000|100%| O|  |TAMS 0x000000008d400000, 0x000000008d400000| Untracked 
|  44|0x000000008d400000, 0x000000008d4ffff8, 0x000000008d500000| 99%| O|  |TAMS 0x000000008d4ffff8, 0x000000008d4ffff8| Untracked 
|  45|0x000000008d500000, 0x000000008d5ffff0, 0x000000008d600000| 99%| O|  |TAMS 0x000000008d5ffff0, 0x000000008d5ffff0| Untracked 
|  46|0x000000008d600000, 0x000000008d6fffe8, 0x000000008d700000| 99%| O|  |TAMS 0x000000008d6fffe8, 0x000000008d6fffe8| Untracked 
|  47|0x000000008d700000, 0x000000008d7fffd8, 0x000000008d800000| 99%| O|  |TAMS 0x000000008d7fffd8, 0x000000008d7fffd8| Untracked 
|  48|0x000000008d800000, 0x000000008d900000, 0x000000008d900000|100%| O|  |TAMS 0x000000008d900000, 0x000000008d900000| Untracked 
|  49|0x000000008d900000, 0x000000008da00000, 0x000000008da00000|100%| O|  |TAMS 0x000000008da00000, 0x000000008da00000| Untracked 
|  50|0x000000008da00000, 0x000000008db00000, 0x000000008db00000|100%| O|  |TAMS 0x000000008db00000, 0x000000008db00000| Untracked 
|  51|0x000000008db00000, 0x000000008dbfffe0, 0x000000008dc00000| 99%| O|  |TAMS 0x000000008dbfffe0, 0x000000008dbfffe0| Untracked 
|  52|0x000000008dc00000, 0x000000008dcfff28, 0x000000008dd00000| 99%| O|  |TAMS 0x000000008dcfff28, 0x000000008dcfff28| Untracked 
|  53|0x000000008dd00000, 0x000000008ddffff0, 0x000000008de00000| 99%| O|  |TAMS 0x000000008ddffff0, 0x000000008ddffff0| Untracked 
|  54|0x000000008de00000, 0x000000008df00000, 0x000000008df00000|100%| O|  |TAMS 0x000000008df00000, 0x000000008df00000| Untracked 
|  55|0x000000008df00000, 0x000000008e000000, 0x000000008e000000|100%| O|  |TAMS 0x000000008e000000, 0x000000008e000000| Untracked 
|  56|0x000000008e000000, 0x000000008e0ffff0, 0x000000008e100000| 99%| O|  |TAMS 0x000000008e0ffff0, 0x000000008e0ffff0| Untracked 
|  57|0x000000008e100000, 0x000000008e1ffff8, 0x000000008e200000| 99%| O|  |TAMS 0x000000008e1ffff8, 0x000000008e1ffff8| Untracked 
|  58|0x000000008e200000, 0x000000008e300000, 0x000000008e300000|100%| O|  |TAMS 0x000000008e300000, 0x000000008e300000| Untracked 
|  59|0x000000008e300000, 0x000000008e3ffff8, 0x000000008e400000| 99%| O|  |TAMS 0x000000008e3ffff8, 0x000000008e3ffff8| Untracked 
|  60|0x000000008e400000, 0x000000008e4ffff8, 0x000000008e500000| 99%| O|  |TAMS 0x000000008e4ffff8, 0x000000008e4ffff8| Untracked 
|  61|0x000000008e500000, 0x000000008e5ffff8, 0x000000008e600000| 99%| O|  |TAMS 0x000000008e5ffff8, 0x000000008e5ffff8| Untracked 
|  62|0x000000008e600000, 0x000000008e6ffff0, 0x000000008e700000| 99%| O|  |TAMS 0x000000008e6ffff0, 0x000000008e6ffff0| Untracked 
|  63|0x000000008e700000, 0x000000008e7ffff0, 0x000000008e800000| 99%| O|  |TAMS 0x000000008e7ffff0, 0x000000008e7ffff0| Untracked 
|  64|0x000000008e800000, 0x000000008e8ffff8, 0x000000008e900000| 99%| O|  |TAMS 0x000000008e8ffff8, 0x000000008e8ffff8| Untracked 
|  65|0x000000008e900000, 0x000000008e9ffff8, 0x000000008ea00000| 99%| O|  |TAMS 0x000000008e9ffff8, 0x000000008e9ffff8| Untracked 
|  66|0x000000008ea00000, 0x000000008eaffff0, 0x000000008eb00000| 99%| O|  |TAMS 0x000000008eaffff0, 0x000000008eaffff0| Untracked 
|  67|0x000000008eb00000, 0x000000008ec00000, 0x000000008ec00000|100%| O|  |TAMS 0x000000008ec00000, 0x000000008ec00000| Untracked 
|  68|0x000000008ec00000, 0x000000008ed00000, 0x000000008ed00000|100%| O|  |TAMS 0x000000008ed00000, 0x000000008ed00000| Untracked 
|  69|0x000000008ed00000, 0x000000008ee00000, 0x000000008ee00000|100%| O|  |TAMS 0x000000008ee00000, 0x000000008ee00000| Untracked 
|  70|0x000000008ee00000, 0x000000008ef00000, 0x000000008ef00000|100%| O|  |TAMS 0x000000008ef00000, 0x000000008ef00000| Untracked 
|  71|0x000000008ef00000, 0x000000008f000000, 0x000000008f000000|100%| O|  |TAMS 0x000000008f000000, 0x000000008f000000| Untracked 
|  72|0x000000008f000000, 0x000000008f0ffff0, 0x000000008f100000| 99%| O|  |TAMS 0x000000008f0ffff0, 0x000000008f0ffff0| Untracked 
|  73|0x000000008f100000, 0x000000008f200000, 0x000000008f200000|100%| O|  |TAMS 0x000000008f200000, 0x000000008f200000| Untracked 
|  74|0x000000008f200000, 0x000000008f300000, 0x000000008f300000|100%| O|  |TAMS 0x000000008f300000, 0x000000008f300000| Untracked 
|  75|0x000000008f300000, 0x000000008f3ffff0, 0x000000008f400000| 99%| O|  |TAMS 0x000000008f3ffff0, 0x000000008f3ffff0| Untracked 
|  76|0x000000008f400000, 0x000000008f4ffff0, 0x000000008f500000| 99%| O|  |TAMS 0x000000008f4ffff0, 0x000000008f4ffff0| Untracked 
|  77|0x000000008f500000, 0x000000008f5ffff8, 0x000000008f600000| 99%| O|  |TAMS 0x000000008f5ffff8, 0x000000008f5ffff8| Untracked 
|  78|0x000000008f600000, 0x000000008f6ffff8, 0x000000008f700000| 99%| O|  |TAMS 0x000000008f6ffff8, 0x000000008f6ffff8| Untracked 
|  79|0x000000008f700000, 0x000000008f7ffff8, 0x000000008f800000| 99%| O|  |TAMS 0x000000008f7ffff8, 0x000000008f7ffff8| Untracked 
|  80|0x000000008f800000, 0x000000008f900000, 0x000000008f900000|100%| O|  |TAMS 0x000000008f900000, 0x000000008f900000| Untracked 
|  81|0x000000008f900000, 0x000000008f9ffff0, 0x000000008fa00000| 99%| O|  |TAMS 0x000000008f9ffff0, 0x000000008f9ffff0| Untracked 
|  82|0x000000008fa00000, 0x000000008fb00000, 0x000000008fb00000|100%| O|  |TAMS 0x000000008fb00000, 0x000000008fb00000| Untracked 
|  83|0x000000008fb00000, 0x000000008fbffff8, 0x000000008fc00000| 99%| O|  |TAMS 0x000000008fbffff8, 0x000000008fbffff8| Untracked 
|  84|0x000000008fc00000, 0x000000008fd00000, 0x000000008fd00000|100%| O|  |TAMS 0x000000008fd00000, 0x000000008fd00000| Untracked 
|  85|0x000000008fd00000, 0x000000008fdffff0, 0x000000008fe00000| 99%| O|  |TAMS 0x000000008fdffff0, 0x000000008fdffff0| Untracked 
|  86|0x000000008fe00000, 0x000000008ff00000, 0x000000008ff00000|100%| O|  |TAMS 0x000000008ff00000, 0x000000008ff00000| Untracked 
|  87|0x000000008ff00000, 0x000000008ffffff0, 0x0000000090000000| 99%| O|  |TAMS 0x000000008ffffff0, 0x000000008ffffff0| Untracked 
|  88|0x0000000090000000, 0x00000000900ffff8, 0x0000000090100000| 99%| O|  |TAMS 0x00000000900ffff8, 0x00000000900ffff8| Untracked 
|  89|0x0000000090100000, 0x00000000901ffff8, 0x0000000090200000| 99%| O|  |TAMS 0x00000000901ffff8, 0x00000000901ffff8| Untracked 
|  90|0x0000000090200000, 0x00000000902ffff0, 0x0000000090300000| 99%| O|  |TAMS 0x00000000902ffff0, 0x00000000902ffff0| Untracked 
|  91|0x0000000090300000, 0x0000000090400000, 0x0000000090400000|100%| O|  |TAMS 0x0000000090400000, 0x0000000090400000| Untracked 
|  92|0x0000000090400000, 0x0000000090500000, 0x0000000090500000|100%| O|  |TAMS 0x0000000090500000, 0x0000000090500000| Untracked 
|  93|0x0000000090500000, 0x0000000090600000, 0x0000000090600000|100%| O|  |TAMS 0x0000000090600000, 0x0000000090600000| Untracked 
|  94|0x0000000090600000, 0x00000000906ffff8, 0x0000000090700000| 99%| O|  |TAMS 0x00000000906ffff8, 0x00000000906ffff8| Untracked 
|  95|0x0000000090700000, 0x00000000907ffff8, 0x0000000090800000| 99%| O|  |TAMS 0x00000000907ffff8, 0x00000000907ffff8| Untracked 
|  96|0x0000000090800000, 0x00000000908ffff0, 0x0000000090900000| 99%| O|  |TAMS 0x00000000908ffff0, 0x00000000908ffff0| Untracked 
|  97|0x0000000090900000, 0x0000000090a00000, 0x0000000090a00000|100%| O|  |TAMS 0x0000000090a00000, 0x0000000090a00000| Untracked 
|  98|0x0000000090a00000, 0x0000000090b00000, 0x0000000090b00000|100%| O|  |TAMS 0x0000000090b00000, 0x0000000090b00000| Untracked 
|  99|0x0000000090b00000, 0x0000000090bffff8, 0x0000000090c00000| 99%| O|  |TAMS 0x0000000090bffff8, 0x0000000090bffff8| Untracked 
| 100|0x0000000090c00000, 0x0000000090d00000, 0x0000000090d00000|100%| O|  |TAMS 0x0000000090d00000, 0x0000000090d00000| Untracked 
| 101|0x0000000090d00000, 0x0000000090dffff8, 0x0000000090e00000| 99%| O|  |TAMS 0x0000000090dffff8, 0x0000000090dffff8| Untracked 
| 102|0x0000000090e00000, 0x0000000090effff8, 0x0000000090f00000| 99%| O|  |TAMS 0x0000000090effff8, 0x0000000090effff8| Untracked 
| 103|0x0000000090f00000, 0x0000000090fffff8, 0x0000000091000000| 99%| O|  |TAMS 0x0000000090fffff8, 0x0000000090fffff8| Untracked 
| 104|0x0000000091000000, 0x00000000910fffd0, 0x0000000091100000| 99%| O|  |TAMS 0x00000000910fffd0, 0x00000000910fffd0| Untracked 
| 105|0x0000000091100000, 0x00000000911ffff0, 0x0000000091200000| 99%| O|  |TAMS 0x00000000911ffff0, 0x00000000911ffff0| Untracked 
| 106|0x0000000091200000, 0x00000000912ffff8, 0x0000000091300000| 99%| O|  |TAMS 0x00000000912ffff8, 0x00000000912ffff8| Untracked 
| 107|0x0000000091300000, 0x00000000913ffff8, 0x0000000091400000| 99%| O|  |TAMS 0x00000000913ffff8, 0x00000000913ffff8| Untracked 
| 108|0x0000000091400000, 0x00000000914ffff0, 0x0000000091500000| 99%| O|  |TAMS 0x00000000914ffff0, 0x00000000914ffff0| Untracked 
| 109|0x0000000091500000, 0x0000000091600000, 0x0000000091600000|100%| O|  |TAMS 0x0000000091600000, 0x0000000091600000| Untracked 
| 110|0x0000000091600000, 0x0000000091700000, 0x0000000091700000|100%| O|  |TAMS 0x0000000091700000, 0x0000000091700000| Untracked 
| 111|0x0000000091700000, 0x00000000917ffff8, 0x0000000091800000| 99%| O|  |TAMS 0x00000000917ffff8, 0x00000000917ffff8| Untracked 
| 112|0x0000000091800000, 0x0000000091900000, 0x0000000091900000|100%| O|  |TAMS 0x0000000091900000, 0x0000000091900000| Untracked 
| 113|0x0000000091900000, 0x00000000919ffff8, 0x0000000091a00000| 99%| O|  |TAMS 0x00000000919ffff8, 0x00000000919ffff8| Untracked 
| 114|0x0000000091a00000, 0x0000000091affff0, 0x0000000091b00000| 99%| O|  |TAMS 0x0000000091affff0, 0x0000000091affff0| Untracked 
| 115|0x0000000091b00000, 0x0000000091bfffd8, 0x0000000091c00000| 99%| O|  |TAMS 0x0000000091bfffd8, 0x0000000091bfffd8| Untracked 
| 116|0x0000000091c00000, 0x0000000091cfffd8, 0x0000000091d00000| 99%| O|  |TAMS 0x0000000091cfffd8, 0x0000000091cfffd8| Untracked 
| 117|0x0000000091d00000, 0x0000000091e00000, 0x0000000091e00000|100%| O|  |TAMS 0x0000000091e00000, 0x0000000091e00000| Untracked 
| 118|0x0000000091e00000, 0x0000000091f00000, 0x0000000091f00000|100%| O|  |TAMS 0x0000000091f00000, 0x0000000091f00000| Untracked 
| 119|0x0000000091f00000, 0x0000000091fffff8, 0x0000000092000000| 99%| O|  |TAMS 0x0000000091fffff8, 0x0000000091fffff8| Untracked 
| 120|0x0000000092000000, 0x00000000920ffff0, 0x0000000092100000| 99%| O|  |TAMS 0x00000000920ffff0, 0x00000000920ffff0| Untracked 
| 121|0x0000000092100000, 0x00000000921ffff0, 0x0000000092200000| 99%| O|  |TAMS 0x00000000921ffff0, 0x00000000921ffff0| Untracked 
| 122|0x0000000092200000, 0x00000000922ffff0, 0x0000000092300000| 99%| O|  |TAMS 0x00000000922ffff0, 0x00000000922ffff0| Untracked 
| 123|0x0000000092300000, 0x00000000923ffff0, 0x0000000092400000| 99%| O|  |TAMS 0x00000000923ffff0, 0x00000000923ffff0| Untracked 
| 124|0x0000000092400000, 0x00000000924ffff8, 0x0000000092500000| 99%| O|  |TAMS 0x00000000924ffff8, 0x00000000924ffff8| Untracked 
| 125|0x0000000092500000, 0x0000000092600000, 0x0000000092600000|100%| O|  |TAMS 0x0000000092600000, 0x0000000092600000| Untracked 
| 126|0x0000000092600000, 0x00000000926ffff0, 0x0000000092700000| 99%| O|  |TAMS 0x00000000926ffff0, 0x00000000926ffff0| Untracked 
| 127|0x0000000092700000, 0x00000000927ffff8, 0x0000000092800000| 99%| O|  |TAMS 0x00000000927ffff8, 0x00000000927ffff8| Untracked 
| 128|0x0000000092800000, 0x00000000928ffff0, 0x0000000092900000| 99%| O|  |TAMS 0x00000000928ffff0, 0x00000000928ffff0| Untracked 
| 129|0x0000000092900000, 0x00000000929ffff8, 0x0000000092a00000| 99%| O|  |TAMS 0x00000000929ffff8, 0x00000000929ffff8| Untracked 
| 130|0x0000000092a00000, 0x0000000092b00000, 0x0000000092b00000|100%| O|  |TAMS 0x0000000092b00000, 0x0000000092b00000| Untracked 
| 131|0x0000000092b00000, 0x0000000092c00000, 0x0000000092c00000|100%| O|  |TAMS 0x0000000092c00000, 0x0000000092c00000| Untracked 
| 132|0x0000000092c00000, 0x0000000092cffff0, 0x0000000092d00000| 99%| O|  |TAMS 0x0000000092cffff0, 0x0000000092cffff0| Untracked 
| 133|0x0000000092d00000, 0x0000000092e00000, 0x0000000092e00000|100%| O|  |TAMS 0x0000000092e00000, 0x0000000092e00000| Untracked 
| 134|0x0000000092e00000, 0x0000000092eff7c8, 0x0000000092f00000| 99%| O|  |TAMS 0x0000000092eff7c8, 0x0000000092eff7c8| Untracked 
| 135|0x0000000092f00000, 0x0000000093000000, 0x0000000093000000|100%| O|  |TAMS 0x0000000093000000, 0x0000000093000000| Untracked 
| 136|0x0000000093000000, 0x0000000093100000, 0x0000000093100000|100%| O|  |TAMS 0x0000000093100000, 0x0000000093100000| Untracked 
| 137|0x0000000093100000, 0x0000000093200000, 0x0000000093200000|100%| O|  |TAMS 0x0000000093200000, 0x0000000093200000| Untracked 
| 138|0x0000000093200000, 0x00000000932ffff8, 0x0000000093300000| 99%| O|  |TAMS 0x00000000932ffff8, 0x00000000932ffff8| Untracked 
| 139|0x0000000093300000, 0x0000000093400000, 0x0000000093400000|100%| O|  |TAMS 0x0000000093400000, 0x0000000093400000| Untracked 
| 140|0x0000000093400000, 0x00000000934ffff8, 0x0000000093500000| 99%| O|  |TAMS 0x00000000934ffff8, 0x00000000934ffff8| Untracked 
| 141|0x0000000093500000, 0x0000000093600000, 0x0000000093600000|100%| O|  |TAMS 0x0000000093600000, 0x0000000093600000| Untracked 
| 142|0x0000000093600000, 0x0000000093700000, 0x0000000093700000|100%| O|  |TAMS 0x0000000093700000, 0x0000000093700000| Untracked 
| 143|0x0000000093700000, 0x0000000093800000, 0x0000000093800000|100%| O|  |TAMS 0x0000000093800000, 0x0000000093800000| Untracked 
| 144|0x0000000093800000, 0x0000000093900000, 0x0000000093900000|100%| O|  |TAMS 0x0000000093900000, 0x0000000093900000| Untracked 
| 145|0x0000000093900000, 0x00000000939ffff0, 0x0000000093a00000| 99%| O|  |TAMS 0x00000000939ffff0, 0x00000000939ffff0| Untracked 
| 146|0x0000000093a00000, 0x0000000093b00000, 0x0000000093b00000|100%| O|  |TAMS 0x0000000093b00000, 0x0000000093b00000| Untracked 
| 147|0x0000000093b00000, 0x0000000093bffff0, 0x0000000093c00000| 99%| O|  |TAMS 0x0000000093bffff0, 0x0000000093bffff0| Untracked 
| 148|0x0000000093c00000, 0x0000000093cfffd0, 0x0000000093d00000| 99%| O|  |TAMS 0x0000000093cfffd0, 0x0000000093cfffd0| Untracked 
| 149|0x0000000093d00000, 0x0000000093dfffe8, 0x0000000093e00000| 99%| O|  |TAMS 0x0000000093dfffe8, 0x0000000093dfffe8| Untracked 
| 150|0x0000000093e00000, 0x0000000093effff8, 0x0000000093f00000| 99%| O|  |TAMS 0x0000000093effff8, 0x0000000093effff8| Untracked 
| 151|0x0000000093f00000, 0x0000000093fffff8, 0x0000000094000000| 99%| O|  |TAMS 0x0000000093fffff8, 0x0000000093fffff8| Untracked 
| 152|0x0000000094000000, 0x00000000940fff98, 0x0000000094100000| 99%| O|  |TAMS 0x00000000940fff98, 0x00000000940fff98| Untracked 
| 153|0x0000000094100000, 0x00000000941ffff8, 0x0000000094200000| 99%| O|  |TAMS 0x00000000941ffff8, 0x00000000941ffff8| Untracked 
| 154|0x0000000094200000, 0x00000000942ffff8, 0x0000000094300000| 99%| O|  |TAMS 0x00000000942ffff8, 0x00000000942ffff8| Untracked 
| 155|0x0000000094300000, 0x0000000094400000, 0x0000000094400000|100%| O|  |TAMS 0x0000000094400000, 0x0000000094400000| Untracked 
| 156|0x0000000094400000, 0x00000000944ffff8, 0x0000000094500000| 99%| O|  |TAMS 0x00000000944ffff8, 0x00000000944ffff8| Untracked 
| 157|0x0000000094500000, 0x00000000945ffff8, 0x0000000094600000| 99%| O|  |TAMS 0x00000000945ffff8, 0x00000000945ffff8| Untracked 
| 158|0x0000000094600000, 0x0000000094700000, 0x0000000094700000|100%| O|  |TAMS 0x0000000094700000, 0x0000000094700000| Untracked 
| 159|0x0000000094700000, 0x00000000947ffff8, 0x0000000094800000| 99%| O|  |TAMS 0x00000000947ffff8, 0x00000000947ffff8| Untracked 
| 160|0x0000000094800000, 0x00000000948ffff0, 0x0000000094900000| 99%| O|  |TAMS 0x00000000948ffff0, 0x00000000948ffff0| Untracked 
| 161|0x0000000094900000, 0x00000000949fe2b0, 0x0000000094a00000| 99%| O|  |TAMS 0x00000000949fe2b0, 0x00000000949fe2b0| Untracked 
| 162|0x0000000094a00000, 0x0000000094b00000, 0x0000000094b00000|100%| O|  |TAMS 0x0000000094b00000, 0x0000000094b00000| Untracked 
| 163|0x0000000094b00000, 0x0000000094bffff8, 0x0000000094c00000| 99%| O|  |TAMS 0x0000000094bffff8, 0x0000000094bffff8| Untracked 
| 164|0x0000000094c00000, 0x0000000094cffe90, 0x0000000094d00000| 99%| O|  |TAMS 0x0000000094cffe90, 0x0000000094cffe90| Untracked 
| 165|0x0000000094d00000, 0x0000000094dffff8, 0x0000000094e00000| 99%| O|  |TAMS 0x0000000094dffff8, 0x0000000094dffff8| Untracked 
| 166|0x0000000094e00000, 0x0000000094f00000, 0x0000000094f00000|100%| O|  |TAMS 0x0000000094f00000, 0x0000000094f00000| Untracked 
| 167|0x0000000094f00000, 0x0000000094fffff0, 0x0000000095000000| 99%| O|  |TAMS 0x0000000094fffff0, 0x0000000094fffff0| Untracked 
| 168|0x0000000095000000, 0x00000000950ffff8, 0x0000000095100000| 99%| O|  |TAMS 0x00000000950ffff8, 0x00000000950ffff8| Untracked 
| 169|0x0000000095100000, 0x0000000095200000, 0x0000000095200000|100%| O|  |TAMS 0x0000000095200000, 0x0000000095200000| Untracked 
| 170|0x0000000095200000, 0x00000000952ffff0, 0x0000000095300000| 99%| O|  |TAMS 0x00000000952ffff0, 0x00000000952ffff0| Untracked 
| 171|0x0000000095300000, 0x00000000953fdf00, 0x0000000095400000| 99%| O|  |TAMS 0x00000000953fdf00, 0x00000000953fdf00| Untracked 
| 172|0x0000000095400000, 0x00000000954ffff8, 0x0000000095500000| 99%| O|  |TAMS 0x00000000954ffff8, 0x00000000954ffff8| Untracked 
| 173|0x0000000095500000, 0x00000000955ffff0, 0x0000000095600000| 99%| O|  |TAMS 0x00000000955ffff0, 0x00000000955ffff0| Untracked 
| 174|0x0000000095600000, 0x00000000956ffff8, 0x0000000095700000| 99%| O|  |TAMS 0x00000000956ffff8, 0x00000000956ffff8| Untracked 
| 175|0x0000000095700000, 0x0000000095800000, 0x0000000095800000|100%| O|  |TAMS 0x0000000095800000, 0x0000000095800000| Untracked 
| 176|0x0000000095800000, 0x00000000958ffff8, 0x0000000095900000| 99%| O|  |TAMS 0x00000000958ffff8, 0x00000000958ffff8| Untracked 
| 177|0x0000000095900000, 0x00000000959ffff0, 0x0000000095a00000| 99%| O|  |TAMS 0x00000000959ffff0, 0x00000000959ffff0| Untracked 
| 178|0x0000000095a00000, 0x0000000095affff0, 0x0000000095b00000| 99%| O|  |TAMS 0x0000000095affff0, 0x0000000095affff0| Untracked 
| 179|0x0000000095b00000, 0x0000000095c00000, 0x0000000095c00000|100%| O|  |TAMS 0x0000000095c00000, 0x0000000095c00000| Untracked 
| 180|0x0000000095c00000, 0x0000000095cffff8, 0x0000000095d00000| 99%| O|  |TAMS 0x0000000095cffff8, 0x0000000095cffff8| Untracked 
| 181|0x0000000095d00000, 0x0000000095e00000, 0x0000000095e00000|100%| O|  |TAMS 0x0000000095e00000, 0x0000000095e00000| Untracked 
| 182|0x0000000095e00000, 0x0000000095efffe0, 0x0000000095f00000| 99%| O|  |TAMS 0x0000000095efffe0, 0x0000000095efffe0| Untracked 
| 183|0x0000000095f00000, 0x0000000095fffff0, 0x0000000096000000| 99%| O|  |TAMS 0x0000000095fffff0, 0x0000000095fffff0| Untracked 
| 184|0x0000000096000000, 0x00000000960fd3a0, 0x0000000096100000| 98%| O|  |TAMS 0x00000000960fd3a0, 0x00000000960fd3a0| Untracked 
| 185|0x0000000096100000, 0x00000000961ffff0, 0x0000000096200000| 99%| O|  |TAMS 0x00000000961ffff0, 0x00000000961ffff0| Untracked 
| 186|0x0000000096200000, 0x00000000962ffff0, 0x0000000096300000| 99%| O|  |TAMS 0x00000000962ffff0, 0x00000000962ffff0| Untracked 
| 187|0x0000000096300000, 0x00000000963ffff8, 0x0000000096400000| 99%| O|  |TAMS 0x00000000963ffff8, 0x00000000963ffff8| Untracked 
| 188|0x0000000096400000, 0x00000000964ffff0, 0x0000000096500000| 99%| O|  |TAMS 0x00000000964ffff0, 0x00000000964ffff0| Untracked 
| 189|0x0000000096500000, 0x00000000965ffff8, 0x0000000096600000| 99%| O|  |TAMS 0x00000000965ffff8, 0x00000000965ffff8| Untracked 
| 190|0x0000000096600000, 0x00000000966ffff0, 0x0000000096700000| 99%| O|  |TAMS 0x00000000966ffff0, 0x00000000966ffff0| Untracked 
| 191|0x0000000096700000, 0x0000000096800000, 0x0000000096800000|100%| O|  |TAMS 0x0000000096800000, 0x0000000096800000| Untracked 
| 192|0x0000000096800000, 0x0000000096900000, 0x0000000096900000|100%| O|  |TAMS 0x0000000096900000, 0x0000000096900000| Untracked 
| 193|0x0000000096900000, 0x00000000969ffff0, 0x0000000096a00000| 99%| O|  |TAMS 0x00000000969ffff0, 0x00000000969ffff0| Untracked 
| 194|0x0000000096a00000, 0x0000000096affff0, 0x0000000096b00000| 99%| O|  |TAMS 0x0000000096affff0, 0x0000000096affff0| Untracked 
| 195|0x0000000096b00000, 0x0000000096bffff0, 0x0000000096c00000| 99%| O|  |TAMS 0x0000000096bffff0, 0x0000000096bffff0| Untracked 
| 196|0x0000000096c00000, 0x0000000096cffff8, 0x0000000096d00000| 99%| O|  |TAMS 0x0000000096cffff8, 0x0000000096cffff8| Untracked 
| 197|0x0000000096d00000, 0x0000000096dffff8, 0x0000000096e00000| 99%| O|  |TAMS 0x0000000096dffff8, 0x0000000096dffff8| Untracked 
| 198|0x0000000096e00000, 0x0000000096f00000, 0x0000000096f00000|100%| O|  |TAMS 0x0000000096f00000, 0x0000000096f00000| Untracked 
| 199|0x0000000096f00000, 0x0000000096fffff8, 0x0000000097000000| 99%| O|  |TAMS 0x0000000096fffff8, 0x0000000096fffff8| Untracked 
| 200|0x0000000097000000, 0x00000000970ffff0, 0x0000000097100000| 99%| O|  |TAMS 0x00000000970ffff0, 0x00000000970ffff0| Untracked 
| 201|0x0000000097100000, 0x00000000971ffff0, 0x0000000097200000| 99%| O|  |TAMS 0x00000000971ffff0, 0x00000000971ffff0| Untracked 
| 202|0x0000000097200000, 0x00000000972fffe0, 0x0000000097300000| 99%| O|  |TAMS 0x00000000972fffe0, 0x00000000972fffe0| Untracked 
| 203|0x0000000097300000, 0x00000000973ffff8, 0x0000000097400000| 99%| O|  |TAMS 0x00000000973ffff8, 0x00000000973ffff8| Untracked 
| 204|0x0000000097400000, 0x00000000974ffff8, 0x0000000097500000| 99%| O|  |TAMS 0x00000000974ffff8, 0x00000000974ffff8| Untracked 
| 205|0x0000000097500000, 0x00000000975ffff0, 0x0000000097600000| 99%| O|  |TAMS 0x00000000975ffff0, 0x00000000975ffff0| Untracked 
| 206|0x0000000097600000, 0x00000000976ffff8, 0x0000000097700000| 99%| O|  |TAMS 0x00000000976ffff8, 0x00000000976ffff8| Untracked 
| 207|0x0000000097700000, 0x00000000977ffff0, 0x0000000097800000| 99%| O|  |TAMS 0x00000000977ffff0, 0x00000000977ffff0| Untracked 
| 208|0x0000000097800000, 0x00000000978ffff0, 0x0000000097900000| 99%| O|  |TAMS 0x00000000978ffff0, 0x00000000978ffff0| Untracked 
| 209|0x0000000097900000, 0x00000000979ffff8, 0x0000000097a00000| 99%| O|  |TAMS 0x00000000979ffff8, 0x00000000979ffff8| Untracked 
| 210|0x0000000097a00000, 0x0000000097affff0, 0x0000000097b00000| 99%| O|  |TAMS 0x0000000097affff0, 0x0000000097affff0| Untracked 
| 211|0x0000000097b00000, 0x0000000097c00000, 0x0000000097c00000|100%| O|  |TAMS 0x0000000097c00000, 0x0000000097c00000| Untracked 
| 212|0x0000000097c00000, 0x0000000097cffff0, 0x0000000097d00000| 99%| O|  |TAMS 0x0000000097cffff0, 0x0000000097cffff0| Untracked 
| 213|0x0000000097d00000, 0x0000000097dffff0, 0x0000000097e00000| 99%| O|  |TAMS 0x0000000097dffff0, 0x0000000097dffff0| Untracked 
| 214|0x0000000097e00000, 0x0000000097effea0, 0x0000000097f00000| 99%| O|  |TAMS 0x0000000097effea0, 0x0000000097effea0| Untracked 
| 215|0x0000000097f00000, 0x0000000097fffff0, 0x0000000098000000| 99%| O|  |TAMS 0x0000000097fffff0, 0x0000000097fffff0| Untracked 
| 216|0x0000000098000000, 0x00000000980ffff0, 0x0000000098100000| 99%| O|  |TAMS 0x00000000980ffff0, 0x00000000980ffff0| Untracked 
| 217|0x0000000098100000, 0x0000000098200000, 0x0000000098200000|100%| O|  |TAMS 0x0000000098200000, 0x0000000098200000| Untracked 
| 218|0x0000000098200000, 0x00000000982ffff0, 0x0000000098300000| 99%| O|  |TAMS 0x00000000982ffff0, 0x00000000982ffff0| Untracked 
| 219|0x0000000098300000, 0x00000000983ffff8, 0x0000000098400000| 99%| O|  |TAMS 0x00000000983ffff8, 0x00000000983ffff8| Untracked 
| 220|0x0000000098400000, 0x0000000098500000, 0x0000000098500000|100%| O|  |TAMS 0x0000000098500000, 0x0000000098500000| Untracked 
| 221|0x0000000098500000, 0x00000000985ffff8, 0x0000000098600000| 99%| O|  |TAMS 0x00000000985ffff8, 0x00000000985ffff8| Untracked 
| 222|0x0000000098600000, 0x0000000098700000, 0x0000000098700000|100%| O|  |TAMS 0x0000000098700000, 0x0000000098700000| Untracked 
| 223|0x0000000098700000, 0x00000000987ffff0, 0x0000000098800000| 99%| O|  |TAMS 0x00000000987ffff0, 0x00000000987ffff0| Untracked 
| 224|0x0000000098800000, 0x00000000988ffff0, 0x0000000098900000| 99%| O|  |TAMS 0x00000000988ffff0, 0x00000000988ffff0| Untracked 
| 225|0x0000000098900000, 0x00000000989ffff0, 0x0000000098a00000| 99%| O|  |TAMS 0x00000000989ffff0, 0x00000000989ffff0| Untracked 
| 226|0x0000000098a00000, 0x0000000098affff8, 0x0000000098b00000| 99%| O|  |TAMS 0x0000000098affff8, 0x0000000098affff8| Untracked 
| 227|0x0000000098b00000, 0x0000000098bffff8, 0x0000000098c00000| 99%| O|  |TAMS 0x0000000098bffff8, 0x0000000098bffff8| Untracked 
| 228|0x0000000098c00000, 0x0000000098cffff8, 0x0000000098d00000| 99%| O|  |TAMS 0x0000000098cffff8, 0x0000000098cffff8| Untracked 
| 229|0x0000000098d00000, 0x0000000098dffff0, 0x0000000098e00000| 99%| O|  |TAMS 0x0000000098dffff0, 0x0000000098dffff0| Untracked 
| 230|0x0000000098e00000, 0x0000000098effff0, 0x0000000098f00000| 99%| O|  |TAMS 0x0000000098effff0, 0x0000000098effff0| Untracked 
| 231|0x0000000098f00000, 0x0000000098fffff0, 0x0000000099000000| 99%| O|  |TAMS 0x0000000098fffff0, 0x0000000098fffff0| Untracked 
| 232|0x0000000099000000, 0x00000000990ffff0, 0x0000000099100000| 99%| O|  |TAMS 0x00000000990ffff0, 0x00000000990ffff0| Untracked 
| 233|0x0000000099100000, 0x00000000991ffff8, 0x0000000099200000| 99%| O|  |TAMS 0x00000000991ffff8, 0x00000000991ffff8| Untracked 
| 234|0x0000000099200000, 0x00000000992ffff8, 0x0000000099300000| 99%| O|  |TAMS 0x00000000992ffff8, 0x00000000992ffff8| Untracked 
| 235|0x0000000099300000, 0x00000000993ffff8, 0x0000000099400000| 99%| O|  |TAMS 0x00000000993ffff8, 0x00000000993ffff8| Untracked 
| 236|0x0000000099400000, 0x00000000994ffff8, 0x0000000099500000| 99%| O|  |TAMS 0x00000000994ffff8, 0x00000000994ffff8| Untracked 
| 237|0x0000000099500000, 0x0000000099600000, 0x0000000099600000|100%| O|  |TAMS 0x0000000099600000, 0x0000000099600000| Untracked 
| 238|0x0000000099600000, 0x00000000996ffff8, 0x0000000099700000| 99%| O|  |TAMS 0x00000000996ffff8, 0x00000000996ffff8| Untracked 
| 239|0x0000000099700000, 0x00000000997ffff8, 0x0000000099800000| 99%| O|  |TAMS 0x00000000997ffff8, 0x00000000997ffff8| Untracked 
| 240|0x0000000099800000, 0x00000000998ffff8, 0x0000000099900000| 99%| O|  |TAMS 0x00000000998ffff8, 0x00000000998ffff8| Untracked 
| 241|0x0000000099900000, 0x00000000999ffff8, 0x0000000099a00000| 99%| O|  |TAMS 0x00000000999ffff8, 0x00000000999ffff8| Untracked 
| 242|0x0000000099a00000, 0x0000000099b00000, 0x0000000099b00000|100%| O|  |TAMS 0x0000000099b00000, 0x0000000099b00000| Untracked 
| 243|0x0000000099b00000, 0x0000000099bffff0, 0x0000000099c00000| 99%| O|  |TAMS 0x0000000099bffff0, 0x0000000099bffff0| Untracked 
| 244|0x0000000099c00000, 0x0000000099cffff8, 0x0000000099d00000| 99%| O|  |TAMS 0x0000000099cffff8, 0x0000000099cffff8| Untracked 
| 245|0x0000000099d00000, 0x0000000099dffff0, 0x0000000099e00000| 99%| O|  |TAMS 0x0000000099dffff0, 0x0000000099dffff0| Untracked 
| 246|0x0000000099e00000, 0x0000000099effff0, 0x0000000099f00000| 99%| O|  |TAMS 0x0000000099effff0, 0x0000000099effff0| Untracked 
| 247|0x0000000099f00000, 0x0000000099fffff0, 0x000000009a000000| 99%| O|  |TAMS 0x0000000099fffff0, 0x0000000099fffff0| Untracked 
| 248|0x000000009a000000, 0x000000009a0ffff0, 0x000000009a100000| 99%| O|  |TAMS 0x000000009a0ffff0, 0x000000009a0ffff0| Untracked 
| 249|0x000000009a100000, 0x000000009a1ffff8, 0x000000009a200000| 99%| O|  |TAMS 0x000000009a1ffff8, 0x000000009a1ffff8| Untracked 
| 250|0x000000009a200000, 0x000000009a2ffff8, 0x000000009a300000| 99%| O|  |TAMS 0x000000009a2ffff8, 0x000000009a2ffff8| Untracked 
| 251|0x000000009a300000, 0x000000009a3ffff8, 0x000000009a400000| 99%| O|  |TAMS 0x000000009a3ffff8, 0x000000009a3ffff8| Untracked 
| 252|0x000000009a400000, 0x000000009a500000, 0x000000009a500000|100%| O|  |TAMS 0x000000009a500000, 0x000000009a500000| Untracked 
| 253|0x000000009a500000, 0x000000009a5ffff0, 0x000000009a600000| 99%| O|  |TAMS 0x000000009a5ffff0, 0x000000009a5ffff0| Untracked 
| 254|0x000000009a600000, 0x000000009a6ffff8, 0x000000009a700000| 99%| O|  |TAMS 0x000000009a6ffff8, 0x000000009a6ffff8| Untracked 
| 255|0x000000009a700000, 0x000000009a7ffff0, 0x000000009a800000| 99%| O|  |TAMS 0x000000009a7ffff0, 0x000000009a7ffff0| Untracked 
| 256|0x000000009a800000, 0x000000009a900000, 0x000000009a900000|100%| O|  |TAMS 0x000000009a900000, 0x000000009a900000| Untracked 
| 257|0x000000009a900000, 0x000000009a9ffff0, 0x000000009aa00000| 99%| O|  |TAMS 0x000000009a9ffff0, 0x000000009a9ffff0| Untracked 
| 258|0x000000009aa00000, 0x000000009aafffd0, 0x000000009ab00000| 99%| O|  |TAMS 0x000000009aafffd0, 0x000000009aafffd0| Untracked 
| 259|0x000000009ab00000, 0x000000009abffff0, 0x000000009ac00000| 99%| O|  |TAMS 0x000000009abffff0, 0x000000009abffff0| Untracked 
| 260|0x000000009ac00000, 0x000000009acffff0, 0x000000009ad00000| 99%| O|  |TAMS 0x000000009acffff0, 0x000000009acffff0| Untracked 
| 261|0x000000009ad00000, 0x000000009adffff8, 0x000000009ae00000| 99%| O|  |TAMS 0x000000009adffff8, 0x000000009adffff8| Untracked 
| 262|0x000000009ae00000, 0x000000009aeffff8, 0x000000009af00000| 99%| O|  |TAMS 0x000000009aeffff8, 0x000000009aeffff8| Untracked 
| 263|0x000000009af00000, 0x000000009afffff8, 0x000000009b000000| 99%| O|  |TAMS 0x000000009afffff8, 0x000000009afffff8| Untracked 
| 264|0x000000009b000000, 0x000000009b0ffff8, 0x000000009b100000| 99%| O|  |TAMS 0x000000009b0ffff8, 0x000000009b0ffff8| Untracked 
| 265|0x000000009b100000, 0x000000009b200000, 0x000000009b200000|100%| O|  |TAMS 0x000000009b200000, 0x000000009b200000| Untracked 
| 266|0x000000009b200000, 0x000000009b300000, 0x000000009b300000|100%| O|  |TAMS 0x000000009b300000, 0x000000009b300000| Untracked 
| 267|0x000000009b300000, 0x000000009b3ffff0, 0x000000009b400000| 99%| O|  |TAMS 0x000000009b3ffff0, 0x000000009b3ffff0| Untracked 
| 268|0x000000009b400000, 0x000000009b500000, 0x000000009b500000|100%| O|  |TAMS 0x000000009b500000, 0x000000009b500000| Untracked 
| 269|0x000000009b500000, 0x000000009b5ffff0, 0x000000009b600000| 99%| O|  |TAMS 0x000000009b5ffff0, 0x000000009b5ffff0| Untracked 
| 270|0x000000009b600000, 0x000000009b700000, 0x000000009b700000|100%| O|  |TAMS 0x000000009b700000, 0x000000009b700000| Untracked 
| 271|0x000000009b700000, 0x000000009b7fcaa0, 0x000000009b800000| 98%| O|  |TAMS 0x000000009b7fcaa0, 0x000000009b7fcaa0| Untracked 
| 272|0x000000009b800000, 0x000000009b8fcce0, 0x000000009b900000| 98%| O|  |TAMS 0x000000009b8fcce0, 0x000000009b8fcce0| Untracked 
| 273|0x000000009b900000, 0x000000009b9ffff0, 0x000000009ba00000| 99%| O|  |TAMS 0x000000009b9ffff0, 0x000000009b9ffff0| Untracked 
| 274|0x000000009ba00000, 0x000000009bb00000, 0x000000009bb00000|100%| O|  |TAMS 0x000000009bb00000, 0x000000009bb00000| Untracked 
| 275|0x000000009bb00000, 0x000000009bbffff0, 0x000000009bc00000| 99%| O|  |TAMS 0x000000009bbffff0, 0x000000009bbffff0| Untracked 
| 276|0x000000009bc00000, 0x000000009bcffff8, 0x000000009bd00000| 99%| O|  |TAMS 0x000000009bcffff8, 0x000000009bcffff8| Untracked 
| 277|0x000000009bd00000, 0x000000009bdffff8, 0x000000009be00000| 99%| O|  |TAMS 0x000000009bdffff8, 0x000000009bdffff8| Untracked 
| 278|0x000000009be00000, 0x000000009beffff0, 0x000000009bf00000| 99%| O|  |TAMS 0x000000009beffff0, 0x000000009beffff0| Untracked 
| 279|0x000000009bf00000, 0x000000009bfffff0, 0x000000009c000000| 99%| O|  |TAMS 0x000000009bfffff0, 0x000000009bfffff0| Untracked 
| 280|0x000000009c000000, 0x000000009c100000, 0x000000009c100000|100%| O|  |TAMS 0x000000009c100000, 0x000000009c100000| Untracked 
| 281|0x000000009c100000, 0x000000009c1fffd8, 0x000000009c200000| 99%| O|  |TAMS 0x000000009c1fffd8, 0x000000009c1fffd8| Untracked 
| 282|0x000000009c200000, 0x000000009c300000, 0x000000009c300000|100%| O|  |TAMS 0x000000009c300000, 0x000000009c300000| Untracked 
| 283|0x000000009c300000, 0x000000009c3ffff0, 0x000000009c400000| 99%| O|  |TAMS 0x000000009c3ffff0, 0x000000009c3ffff0| Untracked 
| 284|0x000000009c400000, 0x000000009c4ffff0, 0x000000009c500000| 99%| O|  |TAMS 0x000000009c4ffff0, 0x000000009c4ffff0| Untracked 
| 285|0x000000009c500000, 0x000000009c5ffff0, 0x000000009c600000| 99%| O|  |TAMS 0x000000009c5ffff0, 0x000000009c5ffff0| Untracked 
| 286|0x000000009c600000, 0x000000009c6ffff0, 0x000000009c700000| 99%| O|  |TAMS 0x000000009c6ffff0, 0x000000009c6ffff0| Untracked 
| 287|0x000000009c700000, 0x000000009c800000, 0x000000009c800000|100%| O|  |TAMS 0x000000009c800000, 0x000000009c800000| Untracked 
| 288|0x000000009c800000, 0x000000009c8ffff8, 0x000000009c900000| 99%| O|  |TAMS 0x000000009c8ffff8, 0x000000009c8ffff8| Untracked 
| 289|0x000000009c900000, 0x000000009c9fe648, 0x000000009ca00000| 99%| O|  |TAMS 0x000000009c9fe648, 0x000000009c9fe648| Untracked 
| 290|0x000000009ca00000, 0x000000009caffff8, 0x000000009cb00000| 99%| O|  |TAMS 0x000000009caffff8, 0x000000009caffff8| Untracked 
| 291|0x000000009cb00000, 0x000000009cc00000, 0x000000009cc00000|100%| O|  |TAMS 0x000000009cc00000, 0x000000009cc00000| Untracked 
| 292|0x000000009cc00000, 0x000000009cd00000, 0x000000009cd00000|100%| O|  |TAMS 0x000000009cd00000, 0x000000009cd00000| Untracked 
| 293|0x000000009cd00000, 0x000000009cdffff0, 0x000000009ce00000| 99%| O|  |TAMS 0x000000009cdffff0, 0x000000009cdffff0| Untracked 
| 294|0x000000009ce00000, 0x000000009ceffff8, 0x000000009cf00000| 99%| O|  |TAMS 0x000000009ceffff8, 0x000000009ceffff8| Untracked 
| 295|0x000000009cf00000, 0x000000009d000000, 0x000000009d000000|100%| O|  |TAMS 0x000000009d000000, 0x000000009d000000| Untracked 
| 296|0x000000009d000000, 0x000000009d0ffff0, 0x000000009d100000| 99%| O|  |TAMS 0x000000009d0ffff0, 0x000000009d0ffff0| Untracked 
| 297|0x000000009d100000, 0x000000009d1ffff8, 0x000000009d200000| 99%| O|  |TAMS 0x000000009d1ffff8, 0x000000009d1ffff8| Untracked 
| 298|0x000000009d200000, 0x000000009d300000, 0x000000009d300000|100%| O|  |TAMS 0x000000009d300000, 0x000000009d300000| Untracked 
| 299|0x000000009d300000, 0x000000009d3ffff0, 0x000000009d400000| 99%| O|  |TAMS 0x000000009d3ffff0, 0x000000009d3ffff0| Untracked 
| 300|0x000000009d400000, 0x000000009d4ffff8, 0x000000009d500000| 99%| O|  |TAMS 0x000000009d4ffff8, 0x000000009d4ffff8| Untracked 
| 301|0x000000009d500000, 0x000000009d5ffff8, 0x000000009d600000| 99%| O|  |TAMS 0x000000009d5ffff8, 0x000000009d5ffff8| Untracked 
| 302|0x000000009d600000, 0x000000009d700000, 0x000000009d700000|100%| O|  |TAMS 0x000000009d700000, 0x000000009d700000| Untracked 
| 303|0x000000009d700000, 0x000000009d7ffff0, 0x000000009d800000| 99%| O|  |TAMS 0x000000009d7ffff0, 0x000000009d7ffff0| Untracked 
| 304|0x000000009d800000, 0x000000009d8ffff8, 0x000000009d900000| 99%| O|  |TAMS 0x000000009d8ffff8, 0x000000009d8ffff8| Untracked 
| 305|0x000000009d900000, 0x000000009d9ffff0, 0x000000009da00000| 99%| O|  |TAMS 0x000000009d9ffff0, 0x000000009d9ffff0| Untracked 
| 306|0x000000009da00000, 0x000000009daffff0, 0x000000009db00000| 99%| O|  |TAMS 0x000000009daffff0, 0x000000009daffff0| Untracked 
| 307|0x000000009db00000, 0x000000009dbffff0, 0x000000009dc00000| 99%| O|  |TAMS 0x000000009dbffff0, 0x000000009dbffff0| Untracked 
| 308|0x000000009dc00000, 0x000000009dd00000, 0x000000009dd00000|100%| O|  |TAMS 0x000000009dd00000, 0x000000009dd00000| Untracked 
| 309|0x000000009dd00000, 0x000000009de00000, 0x000000009de00000|100%| O|  |TAMS 0x000000009de00000, 0x000000009de00000| Untracked 
| 310|0x000000009de00000, 0x000000009deffff8, 0x000000009df00000| 99%| O|  |TAMS 0x000000009deffff8, 0x000000009deffff8| Untracked 
| 311|0x000000009df00000, 0x000000009dfffff8, 0x000000009e000000| 99%| O|  |TAMS 0x000000009dfffff8, 0x000000009dfffff8| Untracked 
| 312|0x000000009e000000, 0x000000009e0fffd8, 0x000000009e100000| 99%| O|  |TAMS 0x000000009e0fffd8, 0x000000009e0fffd8| Untracked 
| 313|0x000000009e100000, 0x000000009e1ffff8, 0x000000009e200000| 99%| O|  |TAMS 0x000000009e1ffff8, 0x000000009e1ffff8| Untracked 
| 314|0x000000009e200000, 0x000000009e2ffff8, 0x000000009e300000| 99%| O|  |TAMS 0x000000009e2ffff8, 0x000000009e2ffff8| Untracked 
| 315|0x000000009e300000, 0x000000009e3ffff8, 0x000000009e400000| 99%| O|  |TAMS 0x000000009e3ffff8, 0x000000009e3ffff8| Untracked 
| 316|0x000000009e400000, 0x000000009e4ffff0, 0x000000009e500000| 99%| O|  |TAMS 0x000000009e4ffff0, 0x000000009e4ffff0| Untracked 
| 317|0x000000009e500000, 0x000000009e5ffff0, 0x000000009e600000| 99%| O|  |TAMS 0x000000009e5ffff0, 0x000000009e5ffff0| Untracked 
| 318|0x000000009e600000, 0x000000009e6ffff0, 0x000000009e700000| 99%| O|  |TAMS 0x000000009e6ffff0, 0x000000009e6ffff0| Untracked 
| 319|0x000000009e700000, 0x000000009e800000, 0x000000009e800000|100%| O|  |TAMS 0x000000009e800000, 0x000000009e800000| Untracked 
| 320|0x000000009e800000, 0x000000009e8ffff0, 0x000000009e900000| 99%| O|  |TAMS 0x000000009e8ffff0, 0x000000009e8ffff0| Untracked 
| 321|0x000000009e900000, 0x000000009e9ffff0, 0x000000009ea00000| 99%| O|  |TAMS 0x000000009e9ffff0, 0x000000009e9ffff0| Untracked 
| 322|0x000000009ea00000, 0x000000009eb00000, 0x000000009eb00000|100%| O|  |TAMS 0x000000009eb00000, 0x000000009eb00000| Untracked 
| 323|0x000000009eb00000, 0x000000009ebffff0, 0x000000009ec00000| 99%| O|  |TAMS 0x000000009ebffff0, 0x000000009ebffff0| Untracked 
| 324|0x000000009ec00000, 0x000000009ecffff8, 0x000000009ed00000| 99%| O|  |TAMS 0x000000009ecffff8, 0x000000009ecffff8| Untracked 
| 325|0x000000009ed00000, 0x000000009edffff0, 0x000000009ee00000| 99%| O|  |TAMS 0x000000009edffff0, 0x000000009edffff0| Untracked 
| 326|0x000000009ee00000, 0x000000009eeffff0, 0x000000009ef00000| 99%| O|  |TAMS 0x000000009eeffff0, 0x000000009eeffff0| Untracked 
| 327|0x000000009ef00000, 0x000000009efffff8, 0x000000009f000000| 99%| O|  |TAMS 0x000000009efffff8, 0x000000009efffff8| Untracked 
| 328|0x000000009f000000, 0x000000009f100000, 0x000000009f100000|100%| O|  |TAMS 0x000000009f100000, 0x000000009f100000| Untracked 
| 329|0x000000009f100000, 0x000000009f1ffff0, 0x000000009f200000| 99%| O|  |TAMS 0x000000009f1ffff0, 0x000000009f1ffff0| Untracked 
| 330|0x000000009f200000, 0x000000009f2ffff0, 0x000000009f300000| 99%| O|  |TAMS 0x000000009f2ffff0, 0x000000009f2ffff0| Untracked 
| 331|0x000000009f300000, 0x000000009f3ffff0, 0x000000009f400000| 99%| O|  |TAMS 0x000000009f3ffff0, 0x000000009f3ffff0| Untracked 
| 332|0x000000009f400000, 0x000000009f4ffff0, 0x000000009f500000| 99%| O|  |TAMS 0x000000009f4ffff0, 0x000000009f4ffff0| Untracked 
| 333|0x000000009f500000, 0x000000009f5ffff0, 0x000000009f600000| 99%| O|  |TAMS 0x000000009f5ffff0, 0x000000009f5ffff0| Untracked 
| 334|0x000000009f600000, 0x000000009f6ffff0, 0x000000009f700000| 99%| O|  |TAMS 0x000000009f6ffff0, 0x000000009f6ffff0| Untracked 
| 335|0x000000009f700000, 0x000000009f800000, 0x000000009f800000|100%| O|  |TAMS 0x000000009f800000, 0x000000009f800000| Untracked 
| 336|0x000000009f800000, 0x000000009f8ffff8, 0x000000009f900000| 99%| O|  |TAMS 0x000000009f8ffff8, 0x000000009f8ffff8| Untracked 
| 337|0x000000009f900000, 0x000000009fa00000, 0x000000009fa00000|100%| O|  |TAMS 0x000000009fa00000, 0x000000009fa00000| Untracked 
| 338|0x000000009fa00000, 0x000000009fb00000, 0x000000009fb00000|100%| O|  |TAMS 0x000000009fb00000, 0x000000009fb00000| Untracked 
| 339|0x000000009fb00000, 0x000000009fbffff0, 0x000000009fc00000| 99%| O|  |TAMS 0x000000009fbffff0, 0x000000009fbffff0| Untracked 
| 340|0x000000009fc00000, 0x000000009fd00000, 0x000000009fd00000|100%| O|  |TAMS 0x000000009fd00000, 0x000000009fd00000| Untracked 
| 341|0x000000009fd00000, 0x000000009fe00000, 0x000000009fe00000|100%| O|  |TAMS 0x000000009fe00000, 0x000000009fe00000| Untracked 
| 342|0x000000009fe00000, 0x000000009fefffe8, 0x000000009ff00000| 99%| O|  |TAMS 0x000000009fefffe8, 0x000000009fefffe8| Untracked 
| 343|0x000000009ff00000, 0x000000009ffffff8, 0x00000000a0000000| 99%| O|  |TAMS 0x000000009ffffff8, 0x000000009ffffff8| Untracked 
| 344|0x00000000a0000000, 0x00000000a0100000, 0x00000000a0100000|100%| O|  |TAMS 0x00000000a0100000, 0x00000000a0100000| Untracked 
| 345|0x00000000a0100000, 0x00000000a01ffff8, 0x00000000a0200000| 99%| O|  |TAMS 0x00000000a01ffff8, 0x00000000a01ffff8| Untracked 
| 346|0x00000000a0200000, 0x00000000a0300000, 0x00000000a0300000|100%| O|  |TAMS 0x00000000a0300000, 0x00000000a0300000| Untracked 
| 347|0x00000000a0300000, 0x00000000a03ffff8, 0x00000000a0400000| 99%| O|  |TAMS 0x00000000a03ffff8, 0x00000000a03ffff8| Untracked 
| 348|0x00000000a0400000, 0x00000000a04ffff0, 0x00000000a0500000| 99%| O|  |TAMS 0x00000000a04ffff0, 0x00000000a04ffff0| Untracked 
| 349|0x00000000a0500000, 0x00000000a0600000, 0x00000000a0600000|100%| O|  |TAMS 0x00000000a0600000, 0x00000000a0600000| Untracked 
| 350|0x00000000a0600000, 0x00000000a0700000, 0x00000000a0700000|100%| O|  |TAMS 0x00000000a0700000, 0x00000000a0700000| Untracked 
| 351|0x00000000a0700000, 0x00000000a0800000, 0x00000000a0800000|100%| O|  |TAMS 0x00000000a0800000, 0x00000000a0800000| Untracked 
| 352|0x00000000a0800000, 0x00000000a08ffff8, 0x00000000a0900000| 99%| O|  |TAMS 0x00000000a08ffff8, 0x00000000a08ffff8| Untracked 
| 353|0x00000000a0900000, 0x00000000a09ffff0, 0x00000000a0a00000| 99%| O|  |TAMS 0x00000000a09ffff0, 0x00000000a09ffff0| Untracked 
| 354|0x00000000a0a00000, 0x00000000a0b00000, 0x00000000a0b00000|100%| O|  |TAMS 0x00000000a0b00000, 0x00000000a0b00000| Untracked 
| 355|0x00000000a0b00000, 0x00000000a0bfffe0, 0x00000000a0c00000| 99%| O|  |TAMS 0x00000000a0bfffe0, 0x00000000a0bfffe0| Untracked 
| 356|0x00000000a0c00000, 0x00000000a0d00000, 0x00000000a0d00000|100%| O|  |TAMS 0x00000000a0d00000, 0x00000000a0d00000| Untracked 
| 357|0x00000000a0d00000, 0x00000000a0dffff0, 0x00000000a0e00000| 99%| O|  |TAMS 0x00000000a0dffff0, 0x00000000a0dffff0| Untracked 
| 358|0x00000000a0e00000, 0x00000000a0effff0, 0x00000000a0f00000| 99%| O|  |TAMS 0x00000000a0effff0, 0x00000000a0effff0| Untracked 
| 359|0x00000000a0f00000, 0x00000000a0fffff8, 0x00000000a1000000| 99%| O|  |TAMS 0x00000000a0fffff8, 0x00000000a0fffff8| Untracked 
| 360|0x00000000a1000000, 0x00000000a1100000, 0x00000000a1100000|100%| O|  |TAMS 0x00000000a1100000, 0x00000000a1100000| Untracked 
| 361|0x00000000a1100000, 0x00000000a1200000, 0x00000000a1200000|100%| O|  |TAMS 0x00000000a1200000, 0x00000000a1200000| Untracked 
| 362|0x00000000a1200000, 0x00000000a12ffff8, 0x00000000a1300000| 99%| O|  |TAMS 0x00000000a12ffff8, 0x00000000a12ffff8| Untracked 
| 363|0x00000000a1300000, 0x00000000a1400000, 0x00000000a1400000|100%| O|  |TAMS 0x00000000a1400000, 0x00000000a1400000| Untracked 
| 364|0x00000000a1400000, 0x00000000a14ffff0, 0x00000000a1500000| 99%| O|  |TAMS 0x00000000a14ffff0, 0x00000000a14ffff0| Untracked 
| 365|0x00000000a1500000, 0x00000000a1600000, 0x00000000a1600000|100%| O|  |TAMS 0x00000000a1600000, 0x00000000a1600000| Untracked 
| 366|0x00000000a1600000, 0x00000000a1700000, 0x00000000a1700000|100%| O|  |TAMS 0x00000000a1700000, 0x00000000a1700000| Untracked 
| 367|0x00000000a1700000, 0x00000000a17f9978, 0x00000000a1800000| 97%| O|  |TAMS 0x00000000a17f9978, 0x00000000a17f9978| Untracked 
| 368|0x00000000a1800000, 0x00000000a18ffff0, 0x00000000a1900000| 99%| O|  |TAMS 0x00000000a18ffff0, 0x00000000a18ffff0| Untracked 
| 369|0x00000000a1900000, 0x00000000a1a00000, 0x00000000a1a00000|100%| O|  |TAMS 0x00000000a1a00000, 0x00000000a1a00000| Untracked 
| 370|0x00000000a1a00000, 0x00000000a1affff0, 0x00000000a1b00000| 99%| O|  |TAMS 0x00000000a1affff0, 0x00000000a1affff0| Untracked 
| 371|0x00000000a1b00000, 0x00000000a1bffff0, 0x00000000a1c00000| 99%| O|  |TAMS 0x00000000a1bffff0, 0x00000000a1bffff0| Untracked 
| 372|0x00000000a1c00000, 0x00000000a1cffff0, 0x00000000a1d00000| 99%| O|  |TAMS 0x00000000a1cffff0, 0x00000000a1cffff0| Untracked 
| 373|0x00000000a1d00000, 0x00000000a1dffff8, 0x00000000a1e00000| 99%| O|  |TAMS 0x00000000a1dffff8, 0x00000000a1dffff8| Untracked 
| 374|0x00000000a1e00000, 0x00000000a1effff0, 0x00000000a1f00000| 99%| O|  |TAMS 0x00000000a1effff0, 0x00000000a1effff0| Untracked 
| 375|0x00000000a1f00000, 0x00000000a1fffff8, 0x00000000a2000000| 99%| O|  |TAMS 0x00000000a1fffff8, 0x00000000a1fffff8| Untracked 
| 376|0x00000000a2000000, 0x00000000a20ffff8, 0x00000000a2100000| 99%| O|  |TAMS 0x00000000a20ffff8, 0x00000000a20ffff8| Untracked 
| 377|0x00000000a2100000, 0x00000000a21ffff8, 0x00000000a2200000| 99%| O|  |TAMS 0x00000000a21ffff8, 0x00000000a21ffff8| Untracked 
| 378|0x00000000a2200000, 0x00000000a22ffff0, 0x00000000a2300000| 99%| O|  |TAMS 0x00000000a22ffff0, 0x00000000a22ffff0| Untracked 
| 379|0x00000000a2300000, 0x00000000a23ffff8, 0x00000000a2400000| 99%| O|  |TAMS 0x00000000a23ffff8, 0x00000000a23ffff8| Untracked 
| 380|0x00000000a2400000, 0x00000000a24ffff0, 0x00000000a2500000| 99%| O|  |TAMS 0x00000000a24ffff0, 0x00000000a24ffff0| Untracked 
| 381|0x00000000a2500000, 0x00000000a2600000, 0x00000000a2600000|100%| O|  |TAMS 0x00000000a2600000, 0x00000000a2600000| Untracked 
| 382|0x00000000a2600000, 0x00000000a26ffff8, 0x00000000a2700000| 99%| O|  |TAMS 0x00000000a26ffff8, 0x00000000a26ffff8| Untracked 
| 383|0x00000000a2700000, 0x00000000a2800000, 0x00000000a2800000|100%| O|  |TAMS 0x00000000a2800000, 0x00000000a2800000| Untracked 
| 384|0x00000000a2800000, 0x00000000a28ffff0, 0x00000000a2900000| 99%| O|  |TAMS 0x00000000a28ffff0, 0x00000000a28ffff0| Untracked 
| 385|0x00000000a2900000, 0x00000000a29ffff0, 0x00000000a2a00000| 99%| O|  |TAMS 0x00000000a29ffff0, 0x00000000a29ffff0| Untracked 
| 386|0x00000000a2a00000, 0x00000000a2affff8, 0x00000000a2b00000| 99%| O|  |TAMS 0x00000000a2affff8, 0x00000000a2affff8| Untracked 
| 387|0x00000000a2b00000, 0x00000000a2bffff0, 0x00000000a2c00000| 99%| O|  |TAMS 0x00000000a2bffff0, 0x00000000a2bffff0| Untracked 
| 388|0x00000000a2c00000, 0x00000000a2cffff8, 0x00000000a2d00000| 99%| O|  |TAMS 0x00000000a2cffff8, 0x00000000a2cffff8| Untracked 
| 389|0x00000000a2d00000, 0x00000000a2e00000, 0x00000000a2e00000|100%| O|  |TAMS 0x00000000a2e00000, 0x00000000a2e00000| Untracked 
| 390|0x00000000a2e00000, 0x00000000a2effff8, 0x00000000a2f00000| 99%| O|  |TAMS 0x00000000a2effff8, 0x00000000a2effff8| Untracked 
| 391|0x00000000a2f00000, 0x00000000a2fffff0, 0x00000000a3000000| 99%| O|  |TAMS 0x00000000a2fffff0, 0x00000000a2fffff0| Untracked 
| 392|0x00000000a3000000, 0x00000000a3100000, 0x00000000a3100000|100%| O|  |TAMS 0x00000000a3100000, 0x00000000a3100000| Untracked 
| 393|0x00000000a3100000, 0x00000000a31ffff0, 0x00000000a3200000| 99%| O|  |TAMS 0x00000000a31ffff0, 0x00000000a31ffff0| Untracked 
| 394|0x00000000a3200000, 0x00000000a32ffff0, 0x00000000a3300000| 99%| O|  |TAMS 0x00000000a32ffff0, 0x00000000a32ffff0| Untracked 
| 395|0x00000000a3300000, 0x00000000a3400000, 0x00000000a3400000|100%| O|  |TAMS 0x00000000a3400000, 0x00000000a3400000| Untracked 
| 396|0x00000000a3400000, 0x00000000a34ffff8, 0x00000000a3500000| 99%| O|  |TAMS 0x00000000a34ffff8, 0x00000000a34ffff8| Untracked 
| 397|0x00000000a3500000, 0x00000000a3600000, 0x00000000a3600000|100%| O|  |TAMS 0x00000000a3600000, 0x00000000a3600000| Untracked 
| 398|0x00000000a3600000, 0x00000000a3700000, 0x00000000a3700000|100%| O|  |TAMS 0x00000000a3700000, 0x00000000a3700000| Untracked 
| 399|0x00000000a3700000, 0x00000000a37ffff0, 0x00000000a3800000| 99%| O|  |TAMS 0x00000000a37ffff0, 0x00000000a37ffff0| Untracked 
| 400|0x00000000a3800000, 0x00000000a3900000, 0x00000000a3900000|100%| O|  |TAMS 0x00000000a3900000, 0x00000000a3900000| Untracked 
| 401|0x00000000a3900000, 0x00000000a3a00000, 0x00000000a3a00000|100%| O|  |TAMS 0x00000000a3a00000, 0x00000000a3a00000| Untracked 
| 402|0x00000000a3a00000, 0x00000000a3affff8, 0x00000000a3b00000| 99%| O|  |TAMS 0x00000000a3affff8, 0x00000000a3affff8| Untracked 
| 403|0x00000000a3b00000, 0x00000000a3bffff8, 0x00000000a3c00000| 99%| O|  |TAMS 0x00000000a3bffff8, 0x00000000a3bffff8| Untracked 
| 404|0x00000000a3c00000, 0x00000000a3d00000, 0x00000000a3d00000|100%| O|  |TAMS 0x00000000a3d00000, 0x00000000a3d00000| Untracked 
| 405|0x00000000a3d00000, 0x00000000a3dffff0, 0x00000000a3e00000| 99%| O|  |TAMS 0x00000000a3dffff0, 0x00000000a3dffff0| Untracked 
| 406|0x00000000a3e00000, 0x00000000a3f00000, 0x00000000a3f00000|100%| O|  |TAMS 0x00000000a3f00000, 0x00000000a3f00000| Untracked 
| 407|0x00000000a3f00000, 0x00000000a3fffff8, 0x00000000a4000000| 99%| O|  |TAMS 0x00000000a3fffff8, 0x00000000a3fffff8| Untracked 
| 408|0x00000000a4000000, 0x00000000a40ffff8, 0x00000000a4100000| 99%| O|  |TAMS 0x00000000a40ffff8, 0x00000000a40ffff8| Untracked 
| 409|0x00000000a4100000, 0x00000000a41ffff8, 0x00000000a4200000| 99%| O|  |TAMS 0x00000000a41ffff8, 0x00000000a41ffff8| Untracked 
| 410|0x00000000a4200000, 0x00000000a42ffff8, 0x00000000a4300000| 99%| O|  |TAMS 0x00000000a42ffff8, 0x00000000a42ffff8| Untracked 
| 411|0x00000000a4300000, 0x00000000a43ffff0, 0x00000000a4400000| 99%| O|  |TAMS 0x00000000a43ffff0, 0x00000000a43ffff0| Untracked 
| 412|0x00000000a4400000, 0x00000000a44ffff0, 0x00000000a4500000| 99%| O|  |TAMS 0x00000000a44ffff0, 0x00000000a44ffff0| Untracked 
| 413|0x00000000a4500000, 0x00000000a4600000, 0x00000000a4600000|100%| O|  |TAMS 0x00000000a4600000, 0x00000000a4600000| Untracked 
| 414|0x00000000a4600000, 0x00000000a46ffff0, 0x00000000a4700000| 99%| O|  |TAMS 0x00000000a46ffff0, 0x00000000a46ffff0| Untracked 
| 415|0x00000000a4700000, 0x00000000a4800000, 0x00000000a4800000|100%| O|  |TAMS 0x00000000a4800000, 0x00000000a4800000| Untracked 
| 416|0x00000000a4800000, 0x00000000a48ffff8, 0x00000000a4900000| 99%| O|  |TAMS 0x00000000a48ffff8, 0x00000000a48ffff8| Untracked 
| 417|0x00000000a4900000, 0x00000000a49ffff8, 0x00000000a4a00000| 99%| O|  |TAMS 0x00000000a49ffff8, 0x00000000a49ffff8| Untracked 
| 418|0x00000000a4a00000, 0x00000000a4b00000, 0x00000000a4b00000|100%| O|  |TAMS 0x00000000a4b00000, 0x00000000a4b00000| Untracked 
| 419|0x00000000a4b00000, 0x00000000a4bffff0, 0x00000000a4c00000| 99%| O|  |TAMS 0x00000000a4bffff0, 0x00000000a4bffff0| Untracked 
| 420|0x00000000a4c00000, 0x00000000a4cffff0, 0x00000000a4d00000| 99%| O|  |TAMS 0x00000000a4cffff0, 0x00000000a4cffff0| Untracked 
| 421|0x00000000a4d00000, 0x00000000a4dffff0, 0x00000000a4e00000| 99%| O|  |TAMS 0x00000000a4dffff0, 0x00000000a4dffff0| Untracked 
| 422|0x00000000a4e00000, 0x00000000a4effff0, 0x00000000a4f00000| 99%| O|  |TAMS 0x00000000a4effff0, 0x00000000a4effff0| Untracked 
| 423|0x00000000a4f00000, 0x00000000a5000000, 0x00000000a5000000|100%| O|  |TAMS 0x00000000a5000000, 0x00000000a5000000| Untracked 
| 424|0x00000000a5000000, 0x00000000a5100000, 0x00000000a5100000|100%| O|  |TAMS 0x00000000a5100000, 0x00000000a5100000| Untracked 
| 425|0x00000000a5100000, 0x00000000a5200000, 0x00000000a5200000|100%| O|  |TAMS 0x00000000a5200000, 0x00000000a5200000| Untracked 
| 426|0x00000000a5200000, 0x00000000a52ffff8, 0x00000000a5300000| 99%| O|  |TAMS 0x00000000a52ffff8, 0x00000000a52ffff8| Untracked 
| 427|0x00000000a5300000, 0x00000000a53ffff8, 0x00000000a5400000| 99%| O|  |TAMS 0x00000000a53ffff8, 0x00000000a53ffff8| Untracked 
| 428|0x00000000a5400000, 0x00000000a54ffff8, 0x00000000a5500000| 99%| O|  |TAMS 0x00000000a54ffff8, 0x00000000a54ffff8| Untracked 
| 429|0x00000000a5500000, 0x00000000a5600000, 0x00000000a5600000|100%| O|  |TAMS 0x00000000a5600000, 0x00000000a5600000| Untracked 
| 430|0x00000000a5600000, 0x00000000a5700000, 0x00000000a5700000|100%| O|  |TAMS 0x00000000a5700000, 0x00000000a5700000| Untracked 
| 431|0x00000000a5700000, 0x00000000a57ffff8, 0x00000000a5800000| 99%| O|  |TAMS 0x00000000a57ffff8, 0x00000000a57ffff8| Untracked 
| 432|0x00000000a5800000, 0x00000000a58ffff8, 0x00000000a5900000| 99%| O|  |TAMS 0x00000000a58ffff8, 0x00000000a58ffff8| Untracked 
| 433|0x00000000a5900000, 0x00000000a5a00000, 0x00000000a5a00000|100%| O|  |TAMS 0x00000000a5a00000, 0x00000000a5a00000| Untracked 
| 434|0x00000000a5a00000, 0x00000000a5affff8, 0x00000000a5b00000| 99%| O|  |TAMS 0x00000000a5affff8, 0x00000000a5affff8| Untracked 
| 435|0x00000000a5b00000, 0x00000000a5c00000, 0x00000000a5c00000|100%| O|  |TAMS 0x00000000a5c00000, 0x00000000a5c00000| Untracked 
| 436|0x00000000a5c00000, 0x00000000a5d00000, 0x00000000a5d00000|100%| O|  |TAMS 0x00000000a5d00000, 0x00000000a5d00000| Untracked 
| 437|0x00000000a5d00000, 0x00000000a5dffff0, 0x00000000a5e00000| 99%| O|  |TAMS 0x00000000a5dffff0, 0x00000000a5dffff0| Untracked 
| 438|0x00000000a5e00000, 0x00000000a5effff0, 0x00000000a5f00000| 99%| O|  |TAMS 0x00000000a5effff0, 0x00000000a5effff0| Untracked 
| 439|0x00000000a5f00000, 0x00000000a5fffff8, 0x00000000a6000000| 99%| O|  |TAMS 0x00000000a5fffff8, 0x00000000a5fffff8| Untracked 
| 440|0x00000000a6000000, 0x00000000a60ffff0, 0x00000000a6100000| 99%| O|  |TAMS 0x00000000a60ffff0, 0x00000000a60ffff0| Untracked 
| 441|0x00000000a6100000, 0x00000000a61ffff8, 0x00000000a6200000| 99%| O|  |TAMS 0x00000000a61ffff8, 0x00000000a61ffff8| Untracked 
| 442|0x00000000a6200000, 0x00000000a62fffe0, 0x00000000a6300000| 99%| O|  |TAMS 0x00000000a62fffe0, 0x00000000a62fffe0| Untracked 
| 443|0x00000000a6300000, 0x00000000a63ffff8, 0x00000000a6400000| 99%| O|  |TAMS 0x00000000a63ffff8, 0x00000000a63ffff8| Untracked 
| 444|0x00000000a6400000, 0x00000000a6500000, 0x00000000a6500000|100%| O|  |TAMS 0x00000000a6500000, 0x00000000a6500000| Untracked 
| 445|0x00000000a6500000, 0x00000000a6600000, 0x00000000a6600000|100%| O|  |TAMS 0x00000000a6600000, 0x00000000a6600000| Untracked 
| 446|0x00000000a6600000, 0x00000000a66ffff8, 0x00000000a6700000| 99%| O|  |TAMS 0x00000000a66ffff8, 0x00000000a66ffff8| Untracked 
| 447|0x00000000a6700000, 0x00000000a67ffff0, 0x00000000a6800000| 99%| O|  |TAMS 0x00000000a67ffff0, 0x00000000a67ffff0| Untracked 
| 448|0x00000000a6800000, 0x00000000a68ffff0, 0x00000000a6900000| 99%| O|  |TAMS 0x00000000a68ffff0, 0x00000000a68ffff0| Untracked 
| 449|0x00000000a6900000, 0x00000000a69ffff8, 0x00000000a6a00000| 99%| O|  |TAMS 0x00000000a69ffff8, 0x00000000a69ffff8| Untracked 
| 450|0x00000000a6a00000, 0x00000000a6b00000, 0x00000000a6b00000|100%| O|  |TAMS 0x00000000a6b00000, 0x00000000a6b00000| Untracked 
| 451|0x00000000a6b00000, 0x00000000a6bffff0, 0x00000000a6c00000| 99%| O|  |TAMS 0x00000000a6bffff0, 0x00000000a6bffff0| Untracked 
| 452|0x00000000a6c00000, 0x00000000a6cfffe8, 0x00000000a6d00000| 99%| O|  |TAMS 0x00000000a6cfffe8, 0x00000000a6cfffe8| Untracked 
| 453|0x00000000a6d00000, 0x00000000a6e00000, 0x00000000a6e00000|100%| O|  |TAMS 0x00000000a6e00000, 0x00000000a6e00000| Untracked 
| 454|0x00000000a6e00000, 0x00000000a6f00000, 0x00000000a6f00000|100%| O|  |TAMS 0x00000000a6f00000, 0x00000000a6f00000| Untracked 
| 455|0x00000000a6f00000, 0x00000000a7000000, 0x00000000a7000000|100%| O|  |TAMS 0x00000000a7000000, 0x00000000a7000000| Untracked 
| 456|0x00000000a7000000, 0x00000000a7100000, 0x00000000a7100000|100%| O|  |TAMS 0x00000000a7100000, 0x00000000a7100000| Untracked 
| 457|0x00000000a7100000, 0x00000000a71fffd0, 0x00000000a7200000| 99%| O|  |TAMS 0x00000000a71fffd0, 0x00000000a71fffd0| Untracked 
| 458|0x00000000a7200000, 0x00000000a72ffff8, 0x00000000a7300000| 99%| O|  |TAMS 0x00000000a72ffff8, 0x00000000a72ffff8| Untracked 
| 459|0x00000000a7300000, 0x00000000a73ffff0, 0x00000000a7400000| 99%| O|  |TAMS 0x00000000a73ffff0, 0x00000000a73ffff0| Untracked 
| 460|0x00000000a7400000, 0x00000000a74ffff0, 0x00000000a7500000| 99%| O|  |TAMS 0x00000000a74ffff0, 0x00000000a74ffff0| Untracked 
| 461|0x00000000a7500000, 0x00000000a75ffff8, 0x00000000a7600000| 99%| O|  |TAMS 0x00000000a75ffff8, 0x00000000a75ffff8| Untracked 
| 462|0x00000000a7600000, 0x00000000a76ffff8, 0x00000000a7700000| 99%| O|  |TAMS 0x00000000a76ffff8, 0x00000000a76ffff8| Untracked 
| 463|0x00000000a7700000, 0x00000000a77ffff8, 0x00000000a7800000| 99%| O|  |TAMS 0x00000000a77ffff8, 0x00000000a77ffff8| Untracked 
| 464|0x00000000a7800000, 0x00000000a78ffff8, 0x00000000a7900000| 99%| O|  |TAMS 0x00000000a78ffff8, 0x00000000a78ffff8| Untracked 
| 465|0x00000000a7900000, 0x00000000a79ffff0, 0x00000000a7a00000| 99%| O|  |TAMS 0x00000000a79ffff0, 0x00000000a79ffff0| Untracked 
| 466|0x00000000a7a00000, 0x00000000a7b00000, 0x00000000a7b00000|100%| O|  |TAMS 0x00000000a7b00000, 0x00000000a7b00000| Untracked 
| 467|0x00000000a7b00000, 0x00000000a7bffff0, 0x00000000a7c00000| 99%| O|  |TAMS 0x00000000a7bffff0, 0x00000000a7bffff0| Untracked 
| 468|0x00000000a7c00000, 0x00000000a7cffff8, 0x00000000a7d00000| 99%| O|  |TAMS 0x00000000a7cffff8, 0x00000000a7cffff8| Untracked 
| 469|0x00000000a7d00000, 0x00000000a7dffff0, 0x00000000a7e00000| 99%| O|  |TAMS 0x00000000a7dffff0, 0x00000000a7dffff0| Untracked 
| 470|0x00000000a7e00000, 0x00000000a7f00000, 0x00000000a7f00000|100%| O|  |TAMS 0x00000000a7f00000, 0x00000000a7f00000| Untracked 
| 471|0x00000000a7f00000, 0x00000000a7fffff0, 0x00000000a8000000| 99%| O|  |TAMS 0x00000000a7fffff0, 0x00000000a7fffff0| Untracked 
| 472|0x00000000a8000000, 0x00000000a8100000, 0x00000000a8100000|100%| O|  |TAMS 0x00000000a8100000, 0x00000000a8100000| Untracked 
| 473|0x00000000a8100000, 0x00000000a81ffff0, 0x00000000a8200000| 99%| O|  |TAMS 0x00000000a81ffff0, 0x00000000a81ffff0| Untracked 
| 474|0x00000000a8200000, 0x00000000a8300000, 0x00000000a8300000|100%| O|  |TAMS 0x00000000a8300000, 0x00000000a8300000| Untracked 
| 475|0x00000000a8300000, 0x00000000a8400000, 0x00000000a8400000|100%| O|  |TAMS 0x00000000a8400000, 0x00000000a8400000| Untracked 
| 476|0x00000000a8400000, 0x00000000a84ffff8, 0x00000000a8500000| 99%| O|  |TAMS 0x00000000a84ffff8, 0x00000000a84ffff8| Untracked 
| 477|0x00000000a8500000, 0x00000000a8600000, 0x00000000a8600000|100%| O|  |TAMS 0x00000000a8600000, 0x00000000a8600000| Untracked 
| 478|0x00000000a8600000, 0x00000000a8700000, 0x00000000a8700000|100%| O|  |TAMS 0x00000000a8700000, 0x00000000a8700000| Untracked 
| 479|0x00000000a8700000, 0x00000000a8800000, 0x00000000a8800000|100%| O|  |TAMS 0x00000000a8800000, 0x00000000a8800000| Untracked 
| 480|0x00000000a8800000, 0x00000000a8900000, 0x00000000a8900000|100%| O|  |TAMS 0x00000000a8900000, 0x00000000a8900000| Untracked 
| 481|0x00000000a8900000, 0x00000000a89ffff8, 0x00000000a8a00000| 99%| O|  |TAMS 0x00000000a89ffff8, 0x00000000a89ffff8| Untracked 
| 482|0x00000000a8a00000, 0x00000000a8b00000, 0x00000000a8b00000|100%| O|  |TAMS 0x00000000a8b00000, 0x00000000a8b00000| Untracked 
| 483|0x00000000a8b00000, 0x00000000a8c00000, 0x00000000a8c00000|100%| O|  |TAMS 0x00000000a8c00000, 0x00000000a8c00000| Untracked 
| 484|0x00000000a8c00000, 0x00000000a8d00000, 0x00000000a8d00000|100%| O|  |TAMS 0x00000000a8d00000, 0x00000000a8d00000| Untracked 
| 485|0x00000000a8d00000, 0x00000000a8dfffd0, 0x00000000a8e00000| 99%| O|  |TAMS 0x00000000a8dfffd0, 0x00000000a8dfffd0| Untracked 
| 486|0x00000000a8e00000, 0x00000000a8effff0, 0x00000000a8f00000| 99%| O|  |TAMS 0x00000000a8effff0, 0x00000000a8effff0| Untracked 
| 487|0x00000000a8f00000, 0x00000000a9000000, 0x00000000a9000000|100%| O|  |TAMS 0x00000000a9000000, 0x00000000a9000000| Untracked 
| 488|0x00000000a9000000, 0x00000000a90ffff0, 0x00000000a9100000| 99%| O|  |TAMS 0x00000000a90ffff0, 0x00000000a90ffff0| Untracked 
| 489|0x00000000a9100000, 0x00000000a91ffff8, 0x00000000a9200000| 99%| O|  |TAMS 0x00000000a91ffff8, 0x00000000a91ffff8| Untracked 
| 490|0x00000000a9200000, 0x00000000a92ffff8, 0x00000000a9300000| 99%| O|  |TAMS 0x00000000a92ffff8, 0x00000000a92ffff8| Untracked 
| 491|0x00000000a9300000, 0x00000000a93ffff0, 0x00000000a9400000| 99%| O|  |TAMS 0x00000000a93ffff0, 0x00000000a93ffff0| Untracked 
| 492|0x00000000a9400000, 0x00000000a9500000, 0x00000000a9500000|100%| O|  |TAMS 0x00000000a9500000, 0x00000000a9500000| Untracked 
| 493|0x00000000a9500000, 0x00000000a95ffff0, 0x00000000a9600000| 99%| O|  |TAMS 0x00000000a95ffff0, 0x00000000a95ffff0| Untracked 
| 494|0x00000000a9600000, 0x00000000a96ffff8, 0x00000000a9700000| 99%| O|  |TAMS 0x00000000a96ffff8, 0x00000000a96ffff8| Untracked 
| 495|0x00000000a9700000, 0x00000000a9800000, 0x00000000a9800000|100%| O|  |TAMS 0x00000000a9800000, 0x00000000a9800000| Untracked 
| 496|0x00000000a9800000, 0x00000000a98ffff8, 0x00000000a9900000| 99%| O|  |TAMS 0x00000000a98ffff8, 0x00000000a98ffff8| Untracked 
| 497|0x00000000a9900000, 0x00000000a99ffff8, 0x00000000a9a00000| 99%| O|  |TAMS 0x00000000a99ffff8, 0x00000000a99ffff8| Untracked 
| 498|0x00000000a9a00000, 0x00000000a9affff0, 0x00000000a9b00000| 99%| O|  |TAMS 0x00000000a9affff0, 0x00000000a9affff0| Untracked 
| 499|0x00000000a9b00000, 0x00000000a9bffff0, 0x00000000a9c00000| 99%| O|  |TAMS 0x00000000a9bffff0, 0x00000000a9bffff0| Untracked 
| 500|0x00000000a9c00000, 0x00000000a9cfffe0, 0x00000000a9d00000| 99%| O|  |TAMS 0x00000000a9cfffe0, 0x00000000a9cfffe0| Untracked 
| 501|0x00000000a9d00000, 0x00000000a9e00000, 0x00000000a9e00000|100%| O|  |TAMS 0x00000000a9e00000, 0x00000000a9e00000| Untracked 
| 502|0x00000000a9e00000, 0x00000000a9effff8, 0x00000000a9f00000| 99%| O|  |TAMS 0x00000000a9effff8, 0x00000000a9effff8| Untracked 
| 503|0x00000000a9f00000, 0x00000000a9ffffd8, 0x00000000aa000000| 99%| O|  |TAMS 0x00000000a9ffffd8, 0x00000000a9ffffd8| Untracked 
| 504|0x00000000aa000000, 0x00000000aa0ffff0, 0x00000000aa100000| 99%| O|  |TAMS 0x00000000aa0ffff0, 0x00000000aa0ffff0| Untracked 
| 505|0x00000000aa100000, 0x00000000aa1ffff8, 0x00000000aa200000| 99%| O|  |TAMS 0x00000000aa1ffff8, 0x00000000aa1ffff8| Untracked 
| 506|0x00000000aa200000, 0x00000000aa2ffff8, 0x00000000aa300000| 99%| O|  |TAMS 0x00000000aa2ffff8, 0x00000000aa2ffff8| Untracked 
| 507|0x00000000aa300000, 0x00000000aa3ffff8, 0x00000000aa400000| 99%| O|  |TAMS 0x00000000aa3ffff8, 0x00000000aa3ffff8| Untracked 
| 508|0x00000000aa400000, 0x00000000aa4ffff8, 0x00000000aa500000| 99%| O|  |TAMS 0x00000000aa4ffff8, 0x00000000aa4ffff8| Untracked 
| 509|0x00000000aa500000, 0x00000000aa5ffff0, 0x00000000aa600000| 99%| O|  |TAMS 0x00000000aa5ffff0, 0x00000000aa5ffff0| Untracked 
| 510|0x00000000aa600000, 0x00000000aa700000, 0x00000000aa700000|100%| O|  |TAMS 0x00000000aa700000, 0x00000000aa700000| Untracked 
| 511|0x00000000aa700000, 0x00000000aa7ffff0, 0x00000000aa800000| 99%| O|  |TAMS 0x00000000aa7ffff0, 0x00000000aa7ffff0| Untracked 
| 512|0x00000000aa800000, 0x00000000aa8ffff0, 0x00000000aa900000| 99%| O|  |TAMS 0x00000000aa8ffff0, 0x00000000aa8ffff0| Untracked 
| 513|0x00000000aa900000, 0x00000000aaa00000, 0x00000000aaa00000|100%| O|  |TAMS 0x00000000aaa00000, 0x00000000aaa00000| Untracked 
| 514|0x00000000aaa00000, 0x00000000aaaffff0, 0x00000000aab00000| 99%| O|  |TAMS 0x00000000aaaffff0, 0x00000000aaaffff0| Untracked 
| 515|0x00000000aab00000, 0x00000000aabffff8, 0x00000000aac00000| 99%| O|  |TAMS 0x00000000aabffff8, 0x00000000aabffff8| Untracked 
| 516|0x00000000aac00000, 0x00000000aad00000, 0x00000000aad00000|100%| O|  |TAMS 0x00000000aad00000, 0x00000000aad00000| Untracked 
| 517|0x00000000aad00000, 0x00000000aadffff0, 0x00000000aae00000| 99%| O|  |TAMS 0x00000000aadffff0, 0x00000000aadffff0| Untracked 
| 518|0x00000000aae00000, 0x00000000aaeffff8, 0x00000000aaf00000| 99%| O|  |TAMS 0x00000000aaeffff8, 0x00000000aaeffff8| Untracked 
| 519|0x00000000aaf00000, 0x00000000ab000000, 0x00000000ab000000|100%| O|  |TAMS 0x00000000ab000000, 0x00000000ab000000| Untracked 
| 520|0x00000000ab000000, 0x00000000ab0ffff8, 0x00000000ab100000| 99%| O|  |TAMS 0x00000000ab0ffff8, 0x00000000ab0ffff8| Untracked 
| 521|0x00000000ab100000, 0x00000000ab1ffff0, 0x00000000ab200000| 99%| O|  |TAMS 0x00000000ab1ffff0, 0x00000000ab1ffff0| Untracked 
| 522|0x00000000ab200000, 0x00000000ab2ffff0, 0x00000000ab300000| 99%| O|  |TAMS 0x00000000ab2ffff0, 0x00000000ab2ffff0| Untracked 
| 523|0x00000000ab300000, 0x00000000ab3ffff8, 0x00000000ab400000| 99%| O|  |TAMS 0x00000000ab3ffff8, 0x00000000ab3ffff8| Untracked 
| 524|0x00000000ab400000, 0x00000000ab4ffff8, 0x00000000ab500000| 99%| O|  |TAMS 0x00000000ab4ffff8, 0x00000000ab4ffff8| Untracked 
| 525|0x00000000ab500000, 0x00000000ab5ffff0, 0x00000000ab600000| 99%| O|  |TAMS 0x00000000ab5ffff0, 0x00000000ab5ffff0| Untracked 
| 526|0x00000000ab600000, 0x00000000ab6ffff8, 0x00000000ab700000| 99%| O|  |TAMS 0x00000000ab6ffff8, 0x00000000ab6ffff8| Untracked 
| 527|0x00000000ab700000, 0x00000000ab7ffff8, 0x00000000ab800000| 99%| O|  |TAMS 0x00000000ab7ffff8, 0x00000000ab7ffff8| Untracked 
| 528|0x00000000ab800000, 0x00000000ab8ffff0, 0x00000000ab900000| 99%| O|  |TAMS 0x00000000ab8ffff0, 0x00000000ab8ffff0| Untracked 
| 529|0x00000000ab900000, 0x00000000aba00000, 0x00000000aba00000|100%| O|  |TAMS 0x00000000aba00000, 0x00000000aba00000| Untracked 
| 530|0x00000000aba00000, 0x00000000abaffff8, 0x00000000abb00000| 99%| O|  |TAMS 0x00000000abaffff8, 0x00000000abaffff8| Untracked 
| 531|0x00000000abb00000, 0x00000000abc00000, 0x00000000abc00000|100%| O|  |TAMS 0x00000000abc00000, 0x00000000abc00000| Untracked 
| 532|0x00000000abc00000, 0x00000000abd00000, 0x00000000abd00000|100%| O|  |TAMS 0x00000000abd00000, 0x00000000abd00000| Untracked 
| 533|0x00000000abd00000, 0x00000000abdffff0, 0x00000000abe00000| 99%| O|  |TAMS 0x00000000abdffff0, 0x00000000abdffff0| Untracked 
| 534|0x00000000abe00000, 0x00000000abf00000, 0x00000000abf00000|100%| O|  |TAMS 0x00000000abf00000, 0x00000000abf00000| Untracked 
| 535|0x00000000abf00000, 0x00000000ac000000, 0x00000000ac000000|100%| O|  |TAMS 0x00000000ac000000, 0x00000000ac000000| Untracked 
| 536|0x00000000ac000000, 0x00000000ac0ffff8, 0x00000000ac100000| 99%| O|  |TAMS 0x00000000ac0ffff8, 0x00000000ac0ffff8| Untracked 
| 537|0x00000000ac100000, 0x00000000ac1ffff0, 0x00000000ac200000| 99%| O|  |TAMS 0x00000000ac1ffff0, 0x00000000ac1ffff0| Untracked 
| 538|0x00000000ac200000, 0x00000000ac2fffd0, 0x00000000ac300000| 99%| O|  |TAMS 0x00000000ac2fffd0, 0x00000000ac2fffd0| Untracked 
| 539|0x00000000ac300000, 0x00000000ac3ffff0, 0x00000000ac400000| 99%| O|  |TAMS 0x00000000ac3ffff0, 0x00000000ac3ffff0| Untracked 
| 540|0x00000000ac400000, 0x00000000ac4ffff8, 0x00000000ac500000| 99%| O|  |TAMS 0x00000000ac4ffff8, 0x00000000ac4ffff8| Untracked 
| 541|0x00000000ac500000, 0x00000000ac600000, 0x00000000ac600000|100%| O|  |TAMS 0x00000000ac600000, 0x00000000ac600000| Untracked 
| 542|0x00000000ac600000, 0x00000000ac6ffff8, 0x00000000ac700000| 99%| O|  |TAMS 0x00000000ac6ffff8, 0x00000000ac6ffff8| Untracked 
| 543|0x00000000ac700000, 0x00000000ac800000, 0x00000000ac800000|100%| O|  |TAMS 0x00000000ac800000, 0x00000000ac800000| Untracked 
| 544|0x00000000ac800000, 0x00000000ac900000, 0x00000000ac900000|100%| O|  |TAMS 0x00000000ac900000, 0x00000000ac900000| Untracked 
| 545|0x00000000ac900000, 0x00000000ac9ffff8, 0x00000000aca00000| 99%| O|  |TAMS 0x00000000ac9ffff8, 0x00000000ac9ffff8| Untracked 
| 546|0x00000000aca00000, 0x00000000acaffff8, 0x00000000acb00000| 99%| O|  |TAMS 0x00000000acaffff8, 0x00000000acaffff8| Untracked 
| 547|0x00000000acb00000, 0x00000000acbffff0, 0x00000000acc00000| 99%| O|  |TAMS 0x00000000acbffff0, 0x00000000acbffff0| Untracked 
| 548|0x00000000acc00000, 0x00000000accffff0, 0x00000000acd00000| 99%| O|  |TAMS 0x00000000accffff0, 0x00000000accffff0| Untracked 
| 549|0x00000000acd00000, 0x00000000acdffff8, 0x00000000ace00000| 99%| O|  |TAMS 0x00000000acdffff8, 0x00000000acdffff8| Untracked 
| 550|0x00000000ace00000, 0x00000000aceffff8, 0x00000000acf00000| 99%| O|  |TAMS 0x00000000aceffff8, 0x00000000aceffff8| Untracked 
| 551|0x00000000acf00000, 0x00000000ad000000, 0x00000000ad000000|100%| O|  |TAMS 0x00000000ad000000, 0x00000000ad000000| Untracked 
| 552|0x00000000ad000000, 0x00000000ad100000, 0x00000000ad100000|100%| O|  |TAMS 0x00000000ad100000, 0x00000000ad100000| Untracked 
| 553|0x00000000ad100000, 0x00000000ad1ffff0, 0x00000000ad200000| 99%| O|  |TAMS 0x00000000ad1ffff0, 0x00000000ad1ffff0| Untracked 
| 554|0x00000000ad200000, 0x00000000ad2ffff8, 0x00000000ad300000| 99%| O|  |TAMS 0x00000000ad2ffff8, 0x00000000ad2ffff8| Untracked 
| 555|0x00000000ad300000, 0x00000000ad400000, 0x00000000ad400000|100%| O|  |TAMS 0x00000000ad400000, 0x00000000ad400000| Untracked 
| 556|0x00000000ad400000, 0x00000000ad500000, 0x00000000ad500000|100%| O|  |TAMS 0x00000000ad500000, 0x00000000ad500000| Untracked 
| 557|0x00000000ad500000, 0x00000000ad5ffff8, 0x00000000ad600000| 99%| O|  |TAMS 0x00000000ad5ffff8, 0x00000000ad5ffff8| Untracked 
| 558|0x00000000ad600000, 0x00000000ad700000, 0x00000000ad700000|100%| O|  |TAMS 0x00000000ad700000, 0x00000000ad700000| Untracked 
| 559|0x00000000ad700000, 0x00000000ad7ffff0, 0x00000000ad800000| 99%| O|  |TAMS 0x00000000ad7ffff0, 0x00000000ad7ffff0| Untracked 
| 560|0x00000000ad800000, 0x00000000ad900000, 0x00000000ad900000|100%| O|  |TAMS 0x00000000ad900000, 0x00000000ad900000| Untracked 
| 561|0x00000000ad900000, 0x00000000ad9fffd8, 0x00000000ada00000| 99%| O|  |TAMS 0x00000000ad9fffd8, 0x00000000ad9fffd8| Untracked 
| 562|0x00000000ada00000, 0x00000000adb00000, 0x00000000adb00000|100%| O|  |TAMS 0x00000000adb00000, 0x00000000adb00000| Untracked 
| 563|0x00000000adb00000, 0x00000000adbffff0, 0x00000000adc00000| 99%| O|  |TAMS 0x00000000adbffff0, 0x00000000adbffff0| Untracked 
| 564|0x00000000adc00000, 0x00000000add00000, 0x00000000add00000|100%| O|  |TAMS 0x00000000add00000, 0x00000000add00000| Untracked 
| 565|0x00000000add00000, 0x00000000addffff8, 0x00000000ade00000| 99%| O|  |TAMS 0x00000000addffff8, 0x00000000addffff8| Untracked 
| 566|0x00000000ade00000, 0x00000000adeffff0, 0x00000000adf00000| 99%| O|  |TAMS 0x00000000adeffff0, 0x00000000adeffff0| Untracked 
| 567|0x00000000adf00000, 0x00000000ae000000, 0x00000000ae000000|100%| O|  |TAMS 0x00000000ae000000, 0x00000000ae000000| Untracked 
| 568|0x00000000ae000000, 0x00000000ae0ffff0, 0x00000000ae100000| 99%| O|  |TAMS 0x00000000ae0ffff0, 0x00000000ae0ffff0| Untracked 
| 569|0x00000000ae100000, 0x00000000ae1ffff8, 0x00000000ae200000| 99%| O|  |TAMS 0x00000000ae1ffff8, 0x00000000ae1ffff8| Untracked 
| 570|0x00000000ae200000, 0x00000000ae2fffd8, 0x00000000ae300000| 99%| O|  |TAMS 0x00000000ae2fffd8, 0x00000000ae2fffd8| Untracked 
| 571|0x00000000ae300000, 0x00000000ae400000, 0x00000000ae400000|100%| O|  |TAMS 0x00000000ae400000, 0x00000000ae400000| Untracked 
| 572|0x00000000ae400000, 0x00000000ae500000, 0x00000000ae500000|100%| O|  |TAMS 0x00000000ae500000, 0x00000000ae500000| Untracked 
| 573|0x00000000ae500000, 0x00000000ae5ffff8, 0x00000000ae600000| 99%| O|  |TAMS 0x00000000ae5ffff8, 0x00000000ae5ffff8| Untracked 
| 574|0x00000000ae600000, 0x00000000ae700000, 0x00000000ae700000|100%| O|  |TAMS 0x00000000ae700000, 0x00000000ae700000| Untracked 
| 575|0x00000000ae700000, 0x00000000ae7ffff0, 0x00000000ae800000| 99%| O|  |TAMS 0x00000000ae7ffff0, 0x00000000ae7ffff0| Untracked 
| 576|0x00000000ae800000, 0x00000000ae8fffd8, 0x00000000ae900000| 99%| O|  |TAMS 0x00000000ae8fffd8, 0x00000000ae8fffd8| Untracked 
| 577|0x00000000ae900000, 0x00000000ae9ffff0, 0x00000000aea00000| 99%| O|  |TAMS 0x00000000ae9ffff0, 0x00000000ae9ffff0| Untracked 
| 578|0x00000000aea00000, 0x00000000aeafffe0, 0x00000000aeb00000| 99%| O|  |TAMS 0x00000000aeafffe0, 0x00000000aeafffe0| Untracked 
| 579|0x00000000aeb00000, 0x00000000aec00000, 0x00000000aec00000|100%| O|  |TAMS 0x00000000aec00000, 0x00000000aec00000| Untracked 
| 580|0x00000000aec00000, 0x00000000aed00000, 0x00000000aed00000|100%| O|  |TAMS 0x00000000aed00000, 0x00000000aed00000| Untracked 
| 581|0x00000000aed00000, 0x00000000aee00000, 0x00000000aee00000|100%| O|  |TAMS 0x00000000aee00000, 0x00000000aee00000| Untracked 
| 582|0x00000000aee00000, 0x00000000aeeffff0, 0x00000000aef00000| 99%| O|  |TAMS 0x00000000aeeffff0, 0x00000000aeeffff0| Untracked 
| 583|0x00000000aef00000, 0x00000000af000000, 0x00000000af000000|100%| O|  |TAMS 0x00000000af000000, 0x00000000af000000| Untracked 
| 584|0x00000000af000000, 0x00000000af0ffff0, 0x00000000af100000| 99%| O|  |TAMS 0x00000000af0ffff0, 0x00000000af0ffff0| Untracked 
| 585|0x00000000af100000, 0x00000000af1ffff0, 0x00000000af200000| 99%| O|  |TAMS 0x00000000af1ffff0, 0x00000000af1ffff0| Untracked 
| 586|0x00000000af200000, 0x00000000af300000, 0x00000000af300000|100%| O|  |TAMS 0x00000000af300000, 0x00000000af300000| Untracked 
| 587|0x00000000af300000, 0x00000000af400000, 0x00000000af400000|100%| O|  |TAMS 0x00000000af400000, 0x00000000af400000| Untracked 
| 588|0x00000000af400000, 0x00000000af4ffff0, 0x00000000af500000| 99%| O|  |TAMS 0x00000000af4ffff0, 0x00000000af4ffff0| Untracked 
| 589|0x00000000af500000, 0x00000000af5ffff8, 0x00000000af600000| 99%| O|  |TAMS 0x00000000af5ffff8, 0x00000000af5ffff8| Untracked 
| 590|0x00000000af600000, 0x00000000af6ffff8, 0x00000000af700000| 99%| O|  |TAMS 0x00000000af6ffff8, 0x00000000af6ffff8| Untracked 
| 591|0x00000000af700000, 0x00000000af7ffff0, 0x00000000af800000| 99%| O|  |TAMS 0x00000000af7ffff0, 0x00000000af7ffff0| Untracked 
| 592|0x00000000af800000, 0x00000000af900000, 0x00000000af900000|100%| O|  |TAMS 0x00000000af900000, 0x00000000af900000| Untracked 
| 593|0x00000000af900000, 0x00000000af9fffe8, 0x00000000afa00000| 99%| O|  |TAMS 0x00000000af9fffe8, 0x00000000af9fffe8| Untracked 
| 594|0x00000000afa00000, 0x00000000afaffff0, 0x00000000afb00000| 99%| O|  |TAMS 0x00000000afaffff0, 0x00000000afaffff0| Untracked 
| 595|0x00000000afb00000, 0x00000000afc00000, 0x00000000afc00000|100%| O|  |TAMS 0x00000000afc00000, 0x00000000afc00000| Untracked 
| 596|0x00000000afc00000, 0x00000000afcfffe0, 0x00000000afd00000| 99%| O|  |TAMS 0x00000000afcfffe0, 0x00000000afcfffe0| Untracked 
| 597|0x00000000afd00000, 0x00000000afdffff0, 0x00000000afe00000| 99%| O|  |TAMS 0x00000000afdffff0, 0x00000000afdffff0| Untracked 
| 598|0x00000000afe00000, 0x00000000aff00000, 0x00000000aff00000|100%| O|  |TAMS 0x00000000aff00000, 0x00000000aff00000| Untracked 
| 599|0x00000000aff00000, 0x00000000affffff8, 0x00000000b0000000| 99%| O|  |TAMS 0x00000000affffff8, 0x00000000affffff8| Untracked 
| 600|0x00000000b0000000, 0x00000000b0100000, 0x00000000b0100000|100%| O|  |TAMS 0x00000000b0100000, 0x00000000b0100000| Untracked 
| 601|0x00000000b0100000, 0x00000000b0200000, 0x00000000b0200000|100%| O|  |TAMS 0x00000000b0200000, 0x00000000b0200000| Untracked 
| 602|0x00000000b0200000, 0x00000000b02ffff8, 0x00000000b0300000| 99%| O|  |TAMS 0x00000000b02ffff8, 0x00000000b02ffff8| Untracked 
| 603|0x00000000b0300000, 0x00000000b0400000, 0x00000000b0400000|100%| O|  |TAMS 0x00000000b0400000, 0x00000000b0400000| Untracked 
| 604|0x00000000b0400000, 0x00000000b0500000, 0x00000000b0500000|100%| O|  |TAMS 0x00000000b0500000, 0x00000000b0500000| Untracked 
| 605|0x00000000b0500000, 0x00000000b0600000, 0x00000000b0600000|100%| O|  |TAMS 0x00000000b0600000, 0x00000000b0600000| Untracked 
| 606|0x00000000b0600000, 0x00000000b06ffff0, 0x00000000b0700000| 99%| O|  |TAMS 0x00000000b06ffff0, 0x00000000b06ffff0| Untracked 
| 607|0x00000000b0700000, 0x00000000b0800000, 0x00000000b0800000|100%| O|  |TAMS 0x00000000b0800000, 0x00000000b0800000| Untracked 
| 608|0x00000000b0800000, 0x00000000b08ffff8, 0x00000000b0900000| 99%| O|  |TAMS 0x00000000b08ffff8, 0x00000000b08ffff8| Untracked 
| 609|0x00000000b0900000, 0x00000000b09ffff0, 0x00000000b0a00000| 99%| O|  |TAMS 0x00000000b09ffff0, 0x00000000b09ffff0| Untracked 
| 610|0x00000000b0a00000, 0x00000000b0affff8, 0x00000000b0b00000| 99%| O|  |TAMS 0x00000000b0affff8, 0x00000000b0affff8| Untracked 
| 611|0x00000000b0b00000, 0x00000000b0c00000, 0x00000000b0c00000|100%| O|  |TAMS 0x00000000b0c00000, 0x00000000b0c00000| Untracked 
| 612|0x00000000b0c00000, 0x00000000b0cffff8, 0x00000000b0d00000| 99%| O|  |TAMS 0x00000000b0cffff8, 0x00000000b0cffff8| Untracked 
| 613|0x00000000b0d00000, 0x00000000b0dffff0, 0x00000000b0e00000| 99%| O|  |TAMS 0x00000000b0dffff0, 0x00000000b0dffff0| Untracked 
| 614|0x00000000b0e00000, 0x00000000b0effff8, 0x00000000b0f00000| 99%| O|  |TAMS 0x00000000b0effff8, 0x00000000b0effff8| Untracked 
| 615|0x00000000b0f00000, 0x00000000b0fffff8, 0x00000000b1000000| 99%| O|  |TAMS 0x00000000b0fffff8, 0x00000000b0fffff8| Untracked 
| 616|0x00000000b1000000, 0x00000000b10ffff0, 0x00000000b1100000| 99%| O|  |TAMS 0x00000000b10ffff0, 0x00000000b10ffff0| Untracked 
| 617|0x00000000b1100000, 0x00000000b1200000, 0x00000000b1200000|100%| O|  |TAMS 0x00000000b1200000, 0x00000000b1200000| Untracked 
| 618|0x00000000b1200000, 0x00000000b1300000, 0x00000000b1300000|100%| O|  |TAMS 0x00000000b1300000, 0x00000000b1300000| Untracked 
| 619|0x00000000b1300000, 0x00000000b13ffff0, 0x00000000b1400000| 99%| O|  |TAMS 0x00000000b13ffff0, 0x00000000b13ffff0| Untracked 
| 620|0x00000000b1400000, 0x00000000b14ffff0, 0x00000000b1500000| 99%| O|  |TAMS 0x00000000b14ffff0, 0x00000000b14ffff0| Untracked 
| 621|0x00000000b1500000, 0x00000000b15ffff8, 0x00000000b1600000| 99%| O|  |TAMS 0x00000000b15ffff8, 0x00000000b15ffff8| Untracked 
| 622|0x00000000b1600000, 0x00000000b1700000, 0x00000000b1700000|100%| O|  |TAMS 0x00000000b1700000, 0x00000000b1700000| Untracked 
| 623|0x00000000b1700000, 0x00000000b17ffff8, 0x00000000b1800000| 99%| O|  |TAMS 0x00000000b17ffff8, 0x00000000b17ffff8| Untracked 
| 624|0x00000000b1800000, 0x00000000b1900000, 0x00000000b1900000|100%| O|  |TAMS 0x00000000b1900000, 0x00000000b1900000| Untracked 
| 625|0x00000000b1900000, 0x00000000b1a00000, 0x00000000b1a00000|100%| O|  |TAMS 0x00000000b1a00000, 0x00000000b1a00000| Untracked 
| 626|0x00000000b1a00000, 0x00000000b1affff8, 0x00000000b1b00000| 99%| O|  |TAMS 0x00000000b1affff8, 0x00000000b1affff8| Untracked 
| 627|0x00000000b1b00000, 0x00000000b1bfffd8, 0x00000000b1c00000| 99%| O|  |TAMS 0x00000000b1bfffd8, 0x00000000b1bfffd8| Untracked 
| 628|0x00000000b1c00000, 0x00000000b1d00000, 0x00000000b1d00000|100%| O|  |TAMS 0x00000000b1d00000, 0x00000000b1d00000| Untracked 
| 629|0x00000000b1d00000, 0x00000000b1dffff8, 0x00000000b1e00000| 99%| O|  |TAMS 0x00000000b1dffff8, 0x00000000b1dffff8| Untracked 
| 630|0x00000000b1e00000, 0x00000000b1effff8, 0x00000000b1f00000| 99%| O|  |TAMS 0x00000000b1effff8, 0x00000000b1effff8| Untracked 
| 631|0x00000000b1f00000, 0x00000000b1fffff0, 0x00000000b2000000| 99%| O|  |TAMS 0x00000000b1fffff0, 0x00000000b1fffff0| Untracked 
| 632|0x00000000b2000000, 0x00000000b20ffff0, 0x00000000b2100000| 99%| O|  |TAMS 0x00000000b20ffff0, 0x00000000b20ffff0| Untracked 
| 633|0x00000000b2100000, 0x00000000b21ffff8, 0x00000000b2200000| 99%| O|  |TAMS 0x00000000b21ffff8, 0x00000000b21ffff8| Untracked 
| 634|0x00000000b2200000, 0x00000000b2300000, 0x00000000b2300000|100%| O|  |TAMS 0x00000000b2300000, 0x00000000b2300000| Untracked 
| 635|0x00000000b2300000, 0x00000000b2400000, 0x00000000b2400000|100%| O|  |TAMS 0x00000000b2400000, 0x00000000b2400000| Untracked 
| 636|0x00000000b2400000, 0x00000000b24ffff0, 0x00000000b2500000| 99%| O|  |TAMS 0x00000000b24ffff0, 0x00000000b24ffff0| Untracked 
| 637|0x00000000b2500000, 0x00000000b25ffff0, 0x00000000b2600000| 99%| O|  |TAMS 0x00000000b25ffff0, 0x00000000b25ffff0| Untracked 
| 638|0x00000000b2600000, 0x00000000b26ffff8, 0x00000000b2700000| 99%| O|  |TAMS 0x00000000b26ffff8, 0x00000000b26ffff8| Untracked 
| 639|0x00000000b2700000, 0x00000000b2800000, 0x00000000b2800000|100%| O|  |TAMS 0x00000000b2800000, 0x00000000b2800000| Untracked 
| 640|0x00000000b2800000, 0x00000000b28ffff8, 0x00000000b2900000| 99%| O|  |TAMS 0x00000000b28ffff8, 0x00000000b28ffff8| Untracked 
| 641|0x00000000b2900000, 0x00000000b29fffe8, 0x00000000b2a00000| 99%| O|  |TAMS 0x00000000b29fffe8, 0x00000000b29fffe8| Untracked 
| 642|0x00000000b2a00000, 0x00000000b2affff0, 0x00000000b2b00000| 99%| O|  |TAMS 0x00000000b2affff0, 0x00000000b2affff0| Untracked 
| 643|0x00000000b2b00000, 0x00000000b2c00000, 0x00000000b2c00000|100%| O|  |TAMS 0x00000000b2c00000, 0x00000000b2c00000| Untracked 
| 644|0x00000000b2c00000, 0x00000000b2cffff8, 0x00000000b2d00000| 99%| O|  |TAMS 0x00000000b2cffff8, 0x00000000b2cffff8| Untracked 
| 645|0x00000000b2d00000, 0x00000000b2dffff0, 0x00000000b2e00000| 99%| O|  |TAMS 0x00000000b2dffff0, 0x00000000b2dffff0| Untracked 
| 646|0x00000000b2e00000, 0x00000000b2effff0, 0x00000000b2f00000| 99%| O|  |TAMS 0x00000000b2effff0, 0x00000000b2effff0| Untracked 
| 647|0x00000000b2f00000, 0x00000000b3000000, 0x00000000b3000000|100%| O|  |TAMS 0x00000000b3000000, 0x00000000b3000000| Untracked 
| 648|0x00000000b3000000, 0x00000000b30fffd0, 0x00000000b3100000| 99%| O|  |TAMS 0x00000000b30fffd0, 0x00000000b30fffd0| Untracked 
| 649|0x00000000b3100000, 0x00000000b31ffff0, 0x00000000b3200000| 99%| O|  |TAMS 0x00000000b31ffff0, 0x00000000b31ffff0| Untracked 
| 650|0x00000000b3200000, 0x00000000b32ffff8, 0x00000000b3300000| 99%| O|  |TAMS 0x00000000b32ffff8, 0x00000000b32ffff8| Untracked 
| 651|0x00000000b3300000, 0x00000000b33ffff0, 0x00000000b3400000| 99%| O|  |TAMS 0x00000000b33ffff0, 0x00000000b33ffff0| Untracked 
| 652|0x00000000b3400000, 0x00000000b34ffff0, 0x00000000b3500000| 99%| O|  |TAMS 0x00000000b34ffff0, 0x00000000b34ffff0| Untracked 
| 653|0x00000000b3500000, 0x00000000b35ffff0, 0x00000000b3600000| 99%| O|  |TAMS 0x00000000b35ffff0, 0x00000000b35ffff0| Untracked 
| 654|0x00000000b3600000, 0x00000000b3700000, 0x00000000b3700000|100%| O|  |TAMS 0x00000000b3700000, 0x00000000b3700000| Untracked 
| 655|0x00000000b3700000, 0x00000000b37ffff0, 0x00000000b3800000| 99%| O|  |TAMS 0x00000000b37ffff0, 0x00000000b37ffff0| Untracked 
| 656|0x00000000b3800000, 0x00000000b38f7a90, 0x00000000b3900000| 96%| O|  |TAMS 0x00000000b38f7a90, 0x00000000b38f7a90| Untracked 
| 657|0x00000000b3900000, 0x00000000b39ffff8, 0x00000000b3a00000| 99%| O|  |TAMS 0x00000000b39ffff8, 0x00000000b39ffff8| Untracked 
| 658|0x00000000b3a00000, 0x00000000b3affff8, 0x00000000b3b00000| 99%| O|  |TAMS 0x00000000b3affff8, 0x00000000b3affff8| Untracked 
| 659|0x00000000b3b00000, 0x00000000b3bffff0, 0x00000000b3c00000| 99%| O|  |TAMS 0x00000000b3bffff0, 0x00000000b3bffff0| Untracked 
| 660|0x00000000b3c00000, 0x00000000b3cffff8, 0x00000000b3d00000| 99%| O|  |TAMS 0x00000000b3cffff8, 0x00000000b3cffff8| Untracked 
| 661|0x00000000b3d00000, 0x00000000b3e00000, 0x00000000b3e00000|100%| O|  |TAMS 0x00000000b3e00000, 0x00000000b3e00000| Untracked 
| 662|0x00000000b3e00000, 0x00000000b3effff8, 0x00000000b3f00000| 99%| O|  |TAMS 0x00000000b3effff8, 0x00000000b3effff8| Untracked 
| 663|0x00000000b3f00000, 0x00000000b3fffff0, 0x00000000b4000000| 99%| O|  |TAMS 0x00000000b3fffff0, 0x00000000b3fffff0| Untracked 
| 664|0x00000000b4000000, 0x00000000b4100000, 0x00000000b4100000|100%| O|  |TAMS 0x00000000b4100000, 0x00000000b4100000| Untracked 
| 665|0x00000000b4100000, 0x00000000b41ffff8, 0x00000000b4200000| 99%| O|  |TAMS 0x00000000b41ffff8, 0x00000000b41ffff8| Untracked 
| 666|0x00000000b4200000, 0x00000000b42ffff0, 0x00000000b4300000| 99%| O|  |TAMS 0x00000000b42ffff0, 0x00000000b42ffff0| Untracked 
| 667|0x00000000b4300000, 0x00000000b4400000, 0x00000000b4400000|100%| O|  |TAMS 0x00000000b4400000, 0x00000000b4400000| Untracked 
| 668|0x00000000b4400000, 0x00000000b44ffff0, 0x00000000b4500000| 99%| O|  |TAMS 0x00000000b44ffff0, 0x00000000b44ffff0| Untracked 
| 669|0x00000000b4500000, 0x00000000b45ffff8, 0x00000000b4600000| 99%| O|  |TAMS 0x00000000b45ffff8, 0x00000000b45ffff8| Untracked 
| 670|0x00000000b4600000, 0x00000000b4700000, 0x00000000b4700000|100%| O|  |TAMS 0x00000000b4700000, 0x00000000b4700000| Untracked 
| 671|0x00000000b4700000, 0x00000000b47ffff0, 0x00000000b4800000| 99%| O|  |TAMS 0x00000000b47ffff0, 0x00000000b47ffff0| Untracked 
| 672|0x00000000b4800000, 0x00000000b48ffff0, 0x00000000b4900000| 99%| O|  |TAMS 0x00000000b48ffff0, 0x00000000b48ffff0| Untracked 
| 673|0x00000000b4900000, 0x00000000b49ffff0, 0x00000000b4a00000| 99%| O|  |TAMS 0x00000000b49ffff0, 0x00000000b49ffff0| Untracked 
| 674|0x00000000b4a00000, 0x00000000b4affff0, 0x00000000b4b00000| 99%| O|  |TAMS 0x00000000b4affff0, 0x00000000b4affff0| Untracked 
| 675|0x00000000b4b00000, 0x00000000b4bffff0, 0x00000000b4c00000| 99%| O|  |TAMS 0x00000000b4bffff0, 0x00000000b4bffff0| Untracked 
| 676|0x00000000b4c00000, 0x00000000b4d00000, 0x00000000b4d00000|100%| O|  |TAMS 0x00000000b4d00000, 0x00000000b4d00000| Untracked 
| 677|0x00000000b4d00000, 0x00000000b4e00000, 0x00000000b4e00000|100%| O|  |TAMS 0x00000000b4e00000, 0x00000000b4e00000| Untracked 
| 678|0x00000000b4e00000, 0x00000000b4effff0, 0x00000000b4f00000| 99%| O|  |TAMS 0x00000000b4effff0, 0x00000000b4effff0| Untracked 
| 679|0x00000000b4f00000, 0x00000000b5000000, 0x00000000b5000000|100%| O|  |TAMS 0x00000000b5000000, 0x00000000b5000000| Untracked 
| 680|0x00000000b5000000, 0x00000000b50ffff8, 0x00000000b5100000| 99%| O|  |TAMS 0x00000000b50ffff8, 0x00000000b50ffff8| Untracked 
| 681|0x00000000b5100000, 0x00000000b51ffff8, 0x00000000b5200000| 99%| O|  |TAMS 0x00000000b51ffff8, 0x00000000b51ffff8| Untracked 
| 682|0x00000000b5200000, 0x00000000b52ffff8, 0x00000000b5300000| 99%| O|  |TAMS 0x00000000b52ffff8, 0x00000000b52ffff8| Untracked 
| 683|0x00000000b5300000, 0x00000000b5400000, 0x00000000b5400000|100%| O|  |TAMS 0x00000000b5400000, 0x00000000b5400000| Untracked 
| 684|0x00000000b5400000, 0x00000000b54ffff8, 0x00000000b5500000| 99%| O|  |TAMS 0x00000000b54ffff8, 0x00000000b54ffff8| Untracked 
| 685|0x00000000b5500000, 0x00000000b5600000, 0x00000000b5600000|100%| O|  |TAMS 0x00000000b5600000, 0x00000000b5600000| Untracked 
| 686|0x00000000b5600000, 0x00000000b56ffff8, 0x00000000b5700000| 99%| O|  |TAMS 0x00000000b56ffff8, 0x00000000b56ffff8| Untracked 
| 687|0x00000000b5700000, 0x00000000b57ffff8, 0x00000000b5800000| 99%| O|  |TAMS 0x00000000b57ffff8, 0x00000000b57ffff8| Untracked 
| 688|0x00000000b5800000, 0x00000000b58ffff8, 0x00000000b5900000| 99%| O|  |TAMS 0x00000000b58ffff8, 0x00000000b58ffff8| Untracked 
| 689|0x00000000b5900000, 0x00000000b5a00000, 0x00000000b5a00000|100%| O|  |TAMS 0x00000000b5a00000, 0x00000000b5a00000| Untracked 
| 690|0x00000000b5a00000, 0x00000000b5affff0, 0x00000000b5b00000| 99%| O|  |TAMS 0x00000000b5affff0, 0x00000000b5affff0| Untracked 
| 691|0x00000000b5b00000, 0x00000000b5c00000, 0x00000000b5c00000|100%| O|  |TAMS 0x00000000b5c00000, 0x00000000b5c00000| Untracked 
| 692|0x00000000b5c00000, 0x00000000b5d00000, 0x00000000b5d00000|100%| O|  |TAMS 0x00000000b5d00000, 0x00000000b5d00000| Untracked 
| 693|0x00000000b5d00000, 0x00000000b5e00000, 0x00000000b5e00000|100%| O|  |TAMS 0x00000000b5e00000, 0x00000000b5e00000| Untracked 
| 694|0x00000000b5e00000, 0x00000000b5effff0, 0x00000000b5f00000| 99%| O|  |TAMS 0x00000000b5effff0, 0x00000000b5effff0| Untracked 
| 695|0x00000000b5f00000, 0x00000000b5fffff8, 0x00000000b6000000| 99%| O|  |TAMS 0x00000000b5fffff8, 0x00000000b5fffff8| Untracked 
| 696|0x00000000b6000000, 0x00000000b60ffff8, 0x00000000b6100000| 99%| O|  |TAMS 0x00000000b60ffff8, 0x00000000b60ffff8| Untracked 
| 697|0x00000000b6100000, 0x00000000b61ffff8, 0x00000000b6200000| 99%| O|  |TAMS 0x00000000b61ffff8, 0x00000000b61ffff8| Untracked 
| 698|0x00000000b6200000, 0x00000000b62ffff8, 0x00000000b6300000| 99%| O|  |TAMS 0x00000000b62ffff8, 0x00000000b62ffff8| Untracked 
| 699|0x00000000b6300000, 0x00000000b6400000, 0x00000000b6400000|100%| O|  |TAMS 0x00000000b6400000, 0x00000000b6400000| Untracked 
| 700|0x00000000b6400000, 0x00000000b64ffff8, 0x00000000b6500000| 99%| O|  |TAMS 0x00000000b64ffff8, 0x00000000b64ffff8| Untracked 
| 701|0x00000000b6500000, 0x00000000b65ffff0, 0x00000000b6600000| 99%| O|  |TAMS 0x00000000b65ffff0, 0x00000000b65ffff0| Untracked 
| 702|0x00000000b6600000, 0x00000000b6700000, 0x00000000b6700000|100%| O|  |TAMS 0x00000000b6700000, 0x00000000b6700000| Untracked 
| 703|0x00000000b6700000, 0x00000000b6800000, 0x00000000b6800000|100%| O|  |TAMS 0x00000000b6800000, 0x00000000b6800000| Untracked 
| 704|0x00000000b6800000, 0x00000000b68ffff8, 0x00000000b6900000| 99%| O|  |TAMS 0x00000000b68ffff8, 0x00000000b68ffff8| Untracked 
| 705|0x00000000b6900000, 0x00000000b69ffff8, 0x00000000b6a00000| 99%| O|  |TAMS 0x00000000b69ffff8, 0x00000000b69ffff8| Untracked 
| 706|0x00000000b6a00000, 0x00000000b6affed8, 0x00000000b6b00000| 99%| O|  |TAMS 0x00000000b6affed8, 0x00000000b6affed8| Untracked 
| 707|0x00000000b6b00000, 0x00000000b6bffff0, 0x00000000b6c00000| 99%| O|  |TAMS 0x00000000b6bffff0, 0x00000000b6bffff0| Untracked 
| 708|0x00000000b6c00000, 0x00000000b6d00000, 0x00000000b6d00000|100%| O|  |TAMS 0x00000000b6d00000, 0x00000000b6d00000| Untracked 
| 709|0x00000000b6d00000, 0x00000000b6dffff8, 0x00000000b6e00000| 99%| O|  |TAMS 0x00000000b6dffff8, 0x00000000b6dffff8| Untracked 
| 710|0x00000000b6e00000, 0x00000000b6f00000, 0x00000000b6f00000|100%| O|  |TAMS 0x00000000b6f00000, 0x00000000b6f00000| Untracked 
| 711|0x00000000b6f00000, 0x00000000b6ffffe8, 0x00000000b7000000| 99%| O|  |TAMS 0x00000000b6ffffe8, 0x00000000b6ffffe8| Untracked 
| 712|0x00000000b7000000, 0x00000000b7100000, 0x00000000b7100000|100%| O|  |TAMS 0x00000000b7100000, 0x00000000b7100000| Untracked 
| 713|0x00000000b7100000, 0x00000000b71ffff0, 0x00000000b7200000| 99%| O|  |TAMS 0x00000000b71ffff0, 0x00000000b71ffff0| Untracked 
| 714|0x00000000b7200000, 0x00000000b72ffff0, 0x00000000b7300000| 99%| O|  |TAMS 0x00000000b72ffff0, 0x00000000b72ffff0| Untracked 
| 715|0x00000000b7300000, 0x00000000b73ffff8, 0x00000000b7400000| 99%| O|  |TAMS 0x00000000b73ffff8, 0x00000000b73ffff8| Untracked 
| 716|0x00000000b7400000, 0x00000000b74ffff8, 0x00000000b7500000| 99%| O|  |TAMS 0x00000000b74ffff8, 0x00000000b74ffff8| Untracked 
| 717|0x00000000b7500000, 0x00000000b75ffff0, 0x00000000b7600000| 99%| O|  |TAMS 0x00000000b75ffff0, 0x00000000b75ffff0| Untracked 
| 718|0x00000000b7600000, 0x00000000b76ffff0, 0x00000000b7700000| 99%| O|  |TAMS 0x00000000b76ffff0, 0x00000000b76ffff0| Untracked 
| 719|0x00000000b7700000, 0x00000000b77ffff0, 0x00000000b7800000| 99%| O|  |TAMS 0x00000000b77ffff0, 0x00000000b77ffff0| Untracked 
| 720|0x00000000b7800000, 0x00000000b78ffff8, 0x00000000b7900000| 99%| O|  |TAMS 0x00000000b78ffff8, 0x00000000b78ffff8| Untracked 
| 721|0x00000000b7900000, 0x00000000b79ffff0, 0x00000000b7a00000| 99%| O|  |TAMS 0x00000000b79ffff0, 0x00000000b79ffff0| Untracked 
| 722|0x00000000b7a00000, 0x00000000b7b00000, 0x00000000b7b00000|100%| O|  |TAMS 0x00000000b7b00000, 0x00000000b7b00000| Untracked 
| 723|0x00000000b7b00000, 0x00000000b7c00000, 0x00000000b7c00000|100%| O|  |TAMS 0x00000000b7c00000, 0x00000000b7c00000| Untracked 
| 724|0x00000000b7c00000, 0x00000000b7d00000, 0x00000000b7d00000|100%| O|  |TAMS 0x00000000b7d00000, 0x00000000b7d00000| Untracked 
| 725|0x00000000b7d00000, 0x00000000b7dffff0, 0x00000000b7e00000| 99%| O|  |TAMS 0x00000000b7dffff0, 0x00000000b7dffff0| Untracked 
| 726|0x00000000b7e00000, 0x00000000b7effff0, 0x00000000b7f00000| 99%| O|  |TAMS 0x00000000b7effff0, 0x00000000b7effff0| Untracked 
| 727|0x00000000b7f00000, 0x00000000b8000000, 0x00000000b8000000|100%| O|  |TAMS 0x00000000b8000000, 0x00000000b8000000| Untracked 
| 728|0x00000000b8000000, 0x00000000b80ffff8, 0x00000000b8100000| 99%| O|  |TAMS 0x00000000b80ffff8, 0x00000000b80ffff8| Untracked 
| 729|0x00000000b8100000, 0x00000000b81ffff8, 0x00000000b8200000| 99%| O|  |TAMS 0x00000000b81ffff8, 0x00000000b81ffff8| Untracked 
| 730|0x00000000b8200000, 0x00000000b8300000, 0x00000000b8300000|100%| O|  |TAMS 0x00000000b8300000, 0x00000000b8300000| Untracked 
| 731|0x00000000b8300000, 0x00000000b83ffff8, 0x00000000b8400000| 99%| O|  |TAMS 0x00000000b83ffff8, 0x00000000b83ffff8| Untracked 
| 732|0x00000000b8400000, 0x00000000b84ffff0, 0x00000000b8500000| 99%| O|  |TAMS 0x00000000b84ffff0, 0x00000000b84ffff0| Untracked 
| 733|0x00000000b8500000, 0x00000000b8600000, 0x00000000b8600000|100%| O|  |TAMS 0x00000000b8600000, 0x00000000b8600000| Untracked 
| 734|0x00000000b8600000, 0x00000000b86ffff8, 0x00000000b8700000| 99%| O|  |TAMS 0x00000000b86ffff8, 0x00000000b86ffff8| Untracked 
| 735|0x00000000b8700000, 0x00000000b87ffff8, 0x00000000b8800000| 99%| O|  |TAMS 0x00000000b87ffff8, 0x00000000b87ffff8| Untracked 
| 736|0x00000000b8800000, 0x00000000b88ffff8, 0x00000000b8900000| 99%| O|  |TAMS 0x00000000b88ffff8, 0x00000000b88ffff8| Untracked 
| 737|0x00000000b8900000, 0x00000000b89ffff0, 0x00000000b8a00000| 99%| O|  |TAMS 0x00000000b89ffff0, 0x00000000b89ffff0| Untracked 
| 738|0x00000000b8a00000, 0x00000000b8affff0, 0x00000000b8b00000| 99%| O|  |TAMS 0x00000000b8affff0, 0x00000000b8affff0| Untracked 
| 739|0x00000000b8b00000, 0x00000000b8bffff0, 0x00000000b8c00000| 99%| O|  |TAMS 0x00000000b8bffff0, 0x00000000b8bffff0| Untracked 
| 740|0x00000000b8c00000, 0x00000000b8cffff0, 0x00000000b8d00000| 99%| O|  |TAMS 0x00000000b8cffff0, 0x00000000b8cffff0| Untracked 
| 741|0x00000000b8d00000, 0x00000000b8dffff0, 0x00000000b8e00000| 99%| O|  |TAMS 0x00000000b8dffff0, 0x00000000b8dffff0| Untracked 
| 742|0x00000000b8e00000, 0x00000000b8effff8, 0x00000000b8f00000| 99%| O|  |TAMS 0x00000000b8effff8, 0x00000000b8effff8| Untracked 
| 743|0x00000000b8f00000, 0x00000000b9000000, 0x00000000b9000000|100%| O|  |TAMS 0x00000000b9000000, 0x00000000b9000000| Untracked 
| 744|0x00000000b9000000, 0x00000000b9100000, 0x00000000b9100000|100%| O|  |TAMS 0x00000000b9100000, 0x00000000b9100000| Untracked 
| 745|0x00000000b9100000, 0x00000000b9200000, 0x00000000b9200000|100%| O|  |TAMS 0x00000000b9200000, 0x00000000b9200000| Untracked 
| 746|0x00000000b9200000, 0x00000000b92ffff8, 0x00000000b9300000| 99%| O|  |TAMS 0x00000000b92ffff8, 0x00000000b92ffff8| Untracked 
| 747|0x00000000b9300000, 0x00000000b93ffff0, 0x00000000b9400000| 99%| O|  |TAMS 0x00000000b93ffff0, 0x00000000b93ffff0| Untracked 
| 748|0x00000000b9400000, 0x00000000b9500000, 0x00000000b9500000|100%| O|  |TAMS 0x00000000b9500000, 0x00000000b9500000| Untracked 
| 749|0x00000000b9500000, 0x00000000b95ffff8, 0x00000000b9600000| 99%| O|  |TAMS 0x00000000b95ffff8, 0x00000000b95ffff8| Untracked 
| 750|0x00000000b9600000, 0x00000000b96ffff8, 0x00000000b9700000| 99%| O|  |TAMS 0x00000000b96ffff8, 0x00000000b96ffff8| Untracked 
| 751|0x00000000b9700000, 0x00000000b97fffe8, 0x00000000b9800000| 99%| O|  |TAMS 0x00000000b97fffe8, 0x00000000b97fffe8| Untracked 
| 752|0x00000000b9800000, 0x00000000b98fffe0, 0x00000000b9900000| 99%| O|  |TAMS 0x00000000b98fffe0, 0x00000000b98fffe0| Untracked 
| 753|0x00000000b9900000, 0x00000000b9a00000, 0x00000000b9a00000|100%| O|  |TAMS 0x00000000b9a00000, 0x00000000b9a00000| Untracked 
| 754|0x00000000b9a00000, 0x00000000b9affff0, 0x00000000b9b00000| 99%| O|  |TAMS 0x00000000b9affff0, 0x00000000b9affff0| Untracked 
| 755|0x00000000b9b00000, 0x00000000b9bffff8, 0x00000000b9c00000| 99%| O|  |TAMS 0x00000000b9bffff8, 0x00000000b9bffff8| Untracked 
| 756|0x00000000b9c00000, 0x00000000b9cffff8, 0x00000000b9d00000| 99%| O|  |TAMS 0x00000000b9cffff8, 0x00000000b9cffff8| Untracked 
| 757|0x00000000b9d00000, 0x00000000b9dffff8, 0x00000000b9e00000| 99%| O|  |TAMS 0x00000000b9dffff8, 0x00000000b9dffff8| Untracked 
| 758|0x00000000b9e00000, 0x00000000b9effff8, 0x00000000b9f00000| 99%| O|  |TAMS 0x00000000b9effff8, 0x00000000b9effff8| Untracked 
| 759|0x00000000b9f00000, 0x00000000b9fffff0, 0x00000000ba000000| 99%| O|  |TAMS 0x00000000b9fffff0, 0x00000000b9fffff0| Untracked 
| 760|0x00000000ba000000, 0x00000000ba0ffff0, 0x00000000ba100000| 99%| O|  |TAMS 0x00000000ba0ffff0, 0x00000000ba0ffff0| Untracked 
| 761|0x00000000ba100000, 0x00000000ba1ffff0, 0x00000000ba200000| 99%| O|  |TAMS 0x00000000ba1ffff0, 0x00000000ba1ffff0| Untracked 
| 762|0x00000000ba200000, 0x00000000ba2ffff0, 0x00000000ba300000| 99%| O|  |TAMS 0x00000000ba2ffff0, 0x00000000ba2ffff0| Untracked 
| 763|0x00000000ba300000, 0x00000000ba400000, 0x00000000ba400000|100%| O|  |TAMS 0x00000000ba400000, 0x00000000ba400000| Untracked 
| 764|0x00000000ba400000, 0x00000000ba4ffff8, 0x00000000ba500000| 99%| O|  |TAMS 0x00000000ba4ffff8, 0x00000000ba4ffff8| Untracked 
| 765|0x00000000ba500000, 0x00000000ba5ffff0, 0x00000000ba600000| 99%| O|  |TAMS 0x00000000ba5ffff0, 0x00000000ba5ffff0| Untracked 
| 766|0x00000000ba600000, 0x00000000ba6ffff8, 0x00000000ba700000| 99%| O|  |TAMS 0x00000000ba6ffff8, 0x00000000ba6ffff8| Untracked 
| 767|0x00000000ba700000, 0x00000000ba800000, 0x00000000ba800000|100%| O|  |TAMS 0x00000000ba800000, 0x00000000ba800000| Untracked 
| 768|0x00000000ba800000, 0x00000000ba8ffff8, 0x00000000ba900000| 99%| O|  |TAMS 0x00000000ba8ffff8, 0x00000000ba8ffff8| Untracked 
| 769|0x00000000ba900000, 0x00000000ba9ffff8, 0x00000000baa00000| 99%| O|  |TAMS 0x00000000ba9ffff8, 0x00000000ba9ffff8| Untracked 
| 770|0x00000000baa00000, 0x00000000baaffff0, 0x00000000bab00000| 99%| O|  |TAMS 0x00000000baaffff0, 0x00000000baaffff0| Untracked 
| 771|0x00000000bab00000, 0x00000000bac00000, 0x00000000bac00000|100%| O|  |TAMS 0x00000000bac00000, 0x00000000bac00000| Untracked 
| 772|0x00000000bac00000, 0x00000000bad00000, 0x00000000bad00000|100%| O|  |TAMS 0x00000000bad00000, 0x00000000bad00000| Untracked 
| 773|0x00000000bad00000, 0x00000000badffff0, 0x00000000bae00000| 99%| O|  |TAMS 0x00000000badffff0, 0x00000000badffff0| Untracked 
| 774|0x00000000bae00000, 0x00000000baeffff8, 0x00000000baf00000| 99%| O|  |TAMS 0x00000000baeffff8, 0x00000000baeffff8| Untracked 
| 775|0x00000000baf00000, 0x00000000bb000000, 0x00000000bb000000|100%| O|  |TAMS 0x00000000bb000000, 0x00000000bb000000| Untracked 
| 776|0x00000000bb000000, 0x00000000bb0ffff0, 0x00000000bb100000| 99%| O|  |TAMS 0x00000000bb0ffff0, 0x00000000bb0ffff0| Untracked 
| 777|0x00000000bb100000, 0x00000000bb200000, 0x00000000bb200000|100%| O|  |TAMS 0x00000000bb200000, 0x00000000bb200000| Untracked 
| 778|0x00000000bb200000, 0x00000000bb2ffff8, 0x00000000bb300000| 99%| O|  |TAMS 0x00000000bb2ffff8, 0x00000000bb2ffff8| Untracked 
| 779|0x00000000bb300000, 0x00000000bb400000, 0x00000000bb400000|100%| O|  |TAMS 0x00000000bb400000, 0x00000000bb400000| Untracked 
| 780|0x00000000bb400000, 0x00000000bb4ffff8, 0x00000000bb500000| 99%| O|  |TAMS 0x00000000bb4ffff8, 0x00000000bb4ffff8| Untracked 
| 781|0x00000000bb500000, 0x00000000bb600000, 0x00000000bb600000|100%| O|  |TAMS 0x00000000bb600000, 0x00000000bb600000| Untracked 
| 782|0x00000000bb600000, 0x00000000bb6ffff0, 0x00000000bb700000| 99%| O|  |TAMS 0x00000000bb6ffff0, 0x00000000bb6ffff0| Untracked 
| 783|0x00000000bb700000, 0x00000000bb800000, 0x00000000bb800000|100%| O|  |TAMS 0x00000000bb800000, 0x00000000bb800000| Untracked 
| 784|0x00000000bb800000, 0x00000000bb8ffff8, 0x00000000bb900000| 99%| O|  |TAMS 0x00000000bb8ffff8, 0x00000000bb8ffff8| Untracked 
| 785|0x00000000bb900000, 0x00000000bb9ffff0, 0x00000000bba00000| 99%| O|  |TAMS 0x00000000bb9ffff0, 0x00000000bb9ffff0| Untracked 
| 786|0x00000000bba00000, 0x00000000bbb00000, 0x00000000bbb00000|100%| O|  |TAMS 0x00000000bbb00000, 0x00000000bbb00000| Untracked 
| 787|0x00000000bbb00000, 0x00000000bbbffff8, 0x00000000bbc00000| 99%| O|  |TAMS 0x00000000bbbffff8, 0x00000000bbbffff8| Untracked 
| 788|0x00000000bbc00000, 0x00000000bbcffff8, 0x00000000bbd00000| 99%| O|  |TAMS 0x00000000bbcffff8, 0x00000000bbcffff8| Untracked 
| 789|0x00000000bbd00000, 0x00000000bbe00000, 0x00000000bbe00000|100%| O|  |TAMS 0x00000000bbe00000, 0x00000000bbe00000| Untracked 
| 790|0x00000000bbe00000, 0x00000000bbeffff0, 0x00000000bbf00000| 99%| O|  |TAMS 0x00000000bbeffff0, 0x00000000bbeffff0| Untracked 
| 791|0x00000000bbf00000, 0x00000000bbfffff0, 0x00000000bc000000| 99%| O|  |TAMS 0x00000000bbfffff0, 0x00000000bbfffff0| Untracked 
| 792|0x00000000bc000000, 0x00000000bc0ffff8, 0x00000000bc100000| 99%| O|  |TAMS 0x00000000bc0ffff8, 0x00000000bc0ffff8| Untracked 
| 793|0x00000000bc100000, 0x00000000bc1ffff8, 0x00000000bc200000| 99%| O|  |TAMS 0x00000000bc1ffff8, 0x00000000bc1ffff8| Untracked 
| 794|0x00000000bc200000, 0x00000000bc2ffff8, 0x00000000bc300000| 99%| O|  |TAMS 0x00000000bc2ffff8, 0x00000000bc2ffff8| Untracked 
| 795|0x00000000bc300000, 0x00000000bc3ffff8, 0x00000000bc400000| 99%| O|  |TAMS 0x00000000bc3ffff8, 0x00000000bc3ffff8| Untracked 
| 796|0x00000000bc400000, 0x00000000bc500000, 0x00000000bc500000|100%| O|  |TAMS 0x00000000bc500000, 0x00000000bc500000| Untracked 
| 797|0x00000000bc500000, 0x00000000bc600000, 0x00000000bc600000|100%| O|  |TAMS 0x00000000bc600000, 0x00000000bc600000| Untracked 
| 798|0x00000000bc600000, 0x00000000bc6fffe8, 0x00000000bc700000| 99%| O|  |TAMS 0x00000000bc6fffe8, 0x00000000bc6fffe8| Untracked 
| 799|0x00000000bc700000, 0x00000000bc800000, 0x00000000bc800000|100%| O|  |TAMS 0x00000000bc800000, 0x00000000bc800000| Untracked 
| 800|0x00000000bc800000, 0x00000000bc8ffff8, 0x00000000bc900000| 99%| O|  |TAMS 0x00000000bc8ffff8, 0x00000000bc8ffff8| Untracked 
| 801|0x00000000bc900000, 0x00000000bc9ffff0, 0x00000000bca00000| 99%| O|  |TAMS 0x00000000bc9ffff0, 0x00000000bc9ffff0| Untracked 
| 802|0x00000000bca00000, 0x00000000bcb00000, 0x00000000bcb00000|100%| O|  |TAMS 0x00000000bcb00000, 0x00000000bcb00000| Untracked 
| 803|0x00000000bcb00000, 0x00000000bcc00000, 0x00000000bcc00000|100%| O|  |TAMS 0x00000000bcc00000, 0x00000000bcc00000| Untracked 
| 804|0x00000000bcc00000, 0x00000000bcd00000, 0x00000000bcd00000|100%| O|  |TAMS 0x00000000bcd00000, 0x00000000bcd00000| Untracked 
| 805|0x00000000bcd00000, 0x00000000bcdffff0, 0x00000000bce00000| 99%| O|  |TAMS 0x00000000bcdffff0, 0x00000000bcdffff0| Untracked 
| 806|0x00000000bce00000, 0x00000000bcf00000, 0x00000000bcf00000|100%| O|  |TAMS 0x00000000bcf00000, 0x00000000bcf00000| Untracked 
| 807|0x00000000bcf00000, 0x00000000bd000000, 0x00000000bd000000|100%| O|  |TAMS 0x00000000bd000000, 0x00000000bd000000| Untracked 
| 808|0x00000000bd000000, 0x00000000bd0ffff0, 0x00000000bd100000| 99%| O|  |TAMS 0x00000000bd0ffff0, 0x00000000bd0ffff0| Untracked 
| 809|0x00000000bd100000, 0x00000000bd1fffd0, 0x00000000bd200000| 99%| O|  |TAMS 0x00000000bd1fffd0, 0x00000000bd1fffd0| Untracked 
| 810|0x00000000bd200000, 0x00000000bd300000, 0x00000000bd300000|100%| O|  |TAMS 0x00000000bd300000, 0x00000000bd300000| Untracked 
| 811|0x00000000bd300000, 0x00000000bd3fffe0, 0x00000000bd400000| 99%| O|  |TAMS 0x00000000bd3fffe0, 0x00000000bd3fffe0| Untracked 
| 812|0x00000000bd400000, 0x00000000bd4ffff8, 0x00000000bd500000| 99%| O|  |TAMS 0x00000000bd4ffff8, 0x00000000bd4ffff8| Untracked 
| 813|0x00000000bd500000, 0x00000000bd600000, 0x00000000bd600000|100%| O|  |TAMS 0x00000000bd600000, 0x00000000bd600000| Untracked 
| 814|0x00000000bd600000, 0x00000000bd6ffff8, 0x00000000bd700000| 99%| O|  |TAMS 0x00000000bd6ffff8, 0x00000000bd6ffff8| Untracked 
| 815|0x00000000bd700000, 0x00000000bd7ffff8, 0x00000000bd800000| 99%| O|  |TAMS 0x00000000bd7ffff8, 0x00000000bd7ffff8| Untracked 
| 816|0x00000000bd800000, 0x00000000bd8ffff0, 0x00000000bd900000| 99%| O|  |TAMS 0x00000000bd8ffff0, 0x00000000bd8ffff0| Untracked 
| 817|0x00000000bd900000, 0x00000000bda00000, 0x00000000bda00000|100%| O|  |TAMS 0x00000000bda00000, 0x00000000bda00000| Untracked 
| 818|0x00000000bda00000, 0x00000000bdaffff0, 0x00000000bdb00000| 99%| O|  |TAMS 0x00000000bdaffff0, 0x00000000bdaffff0| Untracked 
| 819|0x00000000bdb00000, 0x00000000bdc00000, 0x00000000bdc00000|100%| O|  |TAMS 0x00000000bdc00000, 0x00000000bdc00000| Untracked 
| 820|0x00000000bdc00000, 0x00000000bdd00000, 0x00000000bdd00000|100%| O|  |TAMS 0x00000000bdd00000, 0x00000000bdd00000| Untracked 
| 821|0x00000000bdd00000, 0x00000000bddffff8, 0x00000000bde00000| 99%| O|  |TAMS 0x00000000bddffff8, 0x00000000bddffff8| Untracked 
| 822|0x00000000bde00000, 0x00000000bdeffff0, 0x00000000bdf00000| 99%| O|  |TAMS 0x00000000bdeffff0, 0x00000000bdeffff0| Untracked 
| 823|0x00000000bdf00000, 0x00000000bdffffd0, 0x00000000be000000| 99%| O|  |TAMS 0x00000000bdffffd0, 0x00000000bdffffd0| Untracked 
| 824|0x00000000be000000, 0x00000000be100000, 0x00000000be100000|100%| O|  |TAMS 0x00000000be100000, 0x00000000be100000| Untracked 
| 825|0x00000000be100000, 0x00000000be1ffff8, 0x00000000be200000| 99%| O|  |TAMS 0x00000000be1ffff8, 0x00000000be1ffff8| Untracked 
| 826|0x00000000be200000, 0x00000000be2ffff0, 0x00000000be300000| 99%| O|  |TAMS 0x00000000be2ffff0, 0x00000000be2ffff0| Untracked 
| 827|0x00000000be300000, 0x00000000be3ffff0, 0x00000000be400000| 99%| O|  |TAMS 0x00000000be3ffff0, 0x00000000be3ffff0| Untracked 
| 828|0x00000000be400000, 0x00000000be4ffff0, 0x00000000be500000| 99%| O|  |TAMS 0x00000000be4ffff0, 0x00000000be4ffff0| Untracked 
| 829|0x00000000be500000, 0x00000000be5ffff0, 0x00000000be600000| 99%| O|  |TAMS 0x00000000be5ffff0, 0x00000000be5ffff0| Untracked 
| 830|0x00000000be600000, 0x00000000be6ffff8, 0x00000000be700000| 99%| O|  |TAMS 0x00000000be6ffff8, 0x00000000be6ffff8| Untracked 
| 831|0x00000000be700000, 0x00000000be800000, 0x00000000be800000|100%| O|  |TAMS 0x00000000be800000, 0x00000000be800000| Untracked 
| 832|0x00000000be800000, 0x00000000be8ffff8, 0x00000000be900000| 99%| O|  |TAMS 0x00000000be8ffff8, 0x00000000be8ffff8| Untracked 
| 833|0x00000000be900000, 0x00000000bea00000, 0x00000000bea00000|100%| O|  |TAMS 0x00000000bea00000, 0x00000000bea00000| Untracked 
| 834|0x00000000bea00000, 0x00000000beaffff8, 0x00000000beb00000| 99%| O|  |TAMS 0x00000000beaffff8, 0x00000000beaffff8| Untracked 
| 835|0x00000000beb00000, 0x00000000bec00000, 0x00000000bec00000|100%| O|  |TAMS 0x00000000bec00000, 0x00000000bec00000| Untracked 
| 836|0x00000000bec00000, 0x00000000becffff0, 0x00000000bed00000| 99%| O|  |TAMS 0x00000000becffff0, 0x00000000becffff0| Untracked 
| 837|0x00000000bed00000, 0x00000000bedffff8, 0x00000000bee00000| 99%| O|  |TAMS 0x00000000bedffff8, 0x00000000bedffff8| Untracked 
| 838|0x00000000bee00000, 0x00000000bef00000, 0x00000000bef00000|100%| O|  |TAMS 0x00000000bef00000, 0x00000000bef00000| Untracked 
| 839|0x00000000bef00000, 0x00000000befffff0, 0x00000000bf000000| 99%| O|  |TAMS 0x00000000befffff0, 0x00000000befffff0| Untracked 
| 840|0x00000000bf000000, 0x00000000bf100000, 0x00000000bf100000|100%| O|  |TAMS 0x00000000bf100000, 0x00000000bf100000| Untracked 
| 841|0x00000000bf100000, 0x00000000bf200000, 0x00000000bf200000|100%| O|  |TAMS 0x00000000bf200000, 0x00000000bf200000| Untracked 
| 842|0x00000000bf200000, 0x00000000bf300000, 0x00000000bf300000|100%| O|  |TAMS 0x00000000bf300000, 0x00000000bf300000| Untracked 
| 843|0x00000000bf300000, 0x00000000bf400000, 0x00000000bf400000|100%| O|  |TAMS 0x00000000bf400000, 0x00000000bf400000| Untracked 
| 844|0x00000000bf400000, 0x00000000bf4ffff0, 0x00000000bf500000| 99%| O|  |TAMS 0x00000000bf4ffff0, 0x00000000bf4ffff0| Untracked 
| 845|0x00000000bf500000, 0x00000000bf5ffff0, 0x00000000bf600000| 99%| O|  |TAMS 0x00000000bf5ffff0, 0x00000000bf5ffff0| Untracked 
| 846|0x00000000bf600000, 0x00000000bf700000, 0x00000000bf700000|100%| O|  |TAMS 0x00000000bf700000, 0x00000000bf700000| Untracked 
| 847|0x00000000bf700000, 0x00000000bf800000, 0x00000000bf800000|100%| O|  |TAMS 0x00000000bf800000, 0x00000000bf800000| Untracked 
| 848|0x00000000bf800000, 0x00000000bf900000, 0x00000000bf900000|100%| O|  |TAMS 0x00000000bf900000, 0x00000000bf900000| Untracked 
| 849|0x00000000bf900000, 0x00000000bf9ffff8, 0x00000000bfa00000| 99%| O|  |TAMS 0x00000000bf9ffff8, 0x00000000bf9ffff8| Untracked 
| 850|0x00000000bfa00000, 0x00000000bfaffff0, 0x00000000bfb00000| 99%| O|  |TAMS 0x00000000bfaffff0, 0x00000000bfaffff0| Untracked 
| 851|0x00000000bfb00000, 0x00000000bfbffff0, 0x00000000bfc00000| 99%| O|  |TAMS 0x00000000bfbffff0, 0x00000000bfbffff0| Untracked 
| 852|0x00000000bfc00000, 0x00000000bfcffff0, 0x00000000bfd00000| 99%| O|  |TAMS 0x00000000bfcffff0, 0x00000000bfcffff0| Untracked 
| 853|0x00000000bfd00000, 0x00000000bfdffff8, 0x00000000bfe00000| 99%| O|  |TAMS 0x00000000bfdffff8, 0x00000000bfdffff8| Untracked 
| 854|0x00000000bfe00000, 0x00000000bff00000, 0x00000000bff00000|100%| O|  |TAMS 0x00000000bff00000, 0x00000000bff00000| Untracked 
| 855|0x00000000bff00000, 0x00000000bffffff8, 0x00000000c0000000| 99%| O|  |TAMS 0x00000000bffffff8, 0x00000000bffffff8| Untracked 
| 856|0x00000000c0000000, 0x00000000c0100000, 0x00000000c0100000|100%| O|  |TAMS 0x00000000c0100000, 0x00000000c0100000| Untracked 
| 857|0x00000000c0100000, 0x00000000c0200000, 0x00000000c0200000|100%| O|  |TAMS 0x00000000c0200000, 0x00000000c0200000| Untracked 
| 858|0x00000000c0200000, 0x00000000c0300000, 0x00000000c0300000|100%| O|  |TAMS 0x00000000c0300000, 0x00000000c0300000| Untracked 
| 859|0x00000000c0300000, 0x00000000c0400000, 0x00000000c0400000|100%| O|  |TAMS 0x00000000c0400000, 0x00000000c0400000| Untracked 
| 860|0x00000000c0400000, 0x00000000c0500000, 0x00000000c0500000|100%| O|  |TAMS 0x00000000c0500000, 0x00000000c0500000| Untracked 
| 861|0x00000000c0500000, 0x00000000c05ffff8, 0x00000000c0600000| 99%| O|  |TAMS 0x00000000c05ffff8, 0x00000000c05ffff8| Untracked 
| 862|0x00000000c0600000, 0x00000000c06ffff8, 0x00000000c0700000| 99%| O|  |TAMS 0x00000000c06ffff8, 0x00000000c06ffff8| Untracked 
| 863|0x00000000c0700000, 0x00000000c07ffff8, 0x00000000c0800000| 99%| O|  |TAMS 0x00000000c07ffff8, 0x00000000c07ffff8| Untracked 
| 864|0x00000000c0800000, 0x00000000c08ffff0, 0x00000000c0900000| 99%| O|  |TAMS 0x00000000c08ffff0, 0x00000000c08ffff0| Untracked 
| 865|0x00000000c0900000, 0x00000000c09ffff0, 0x00000000c0a00000| 99%| O|  |TAMS 0x00000000c09ffff0, 0x00000000c09ffff0| Untracked 
| 866|0x00000000c0a00000, 0x00000000c0b00000, 0x00000000c0b00000|100%| O|  |TAMS 0x00000000c0b00000, 0x00000000c0b00000| Untracked 
| 867|0x00000000c0b00000, 0x00000000c0c00000, 0x00000000c0c00000|100%| O|  |TAMS 0x00000000c0c00000, 0x00000000c0c00000| Untracked 
| 868|0x00000000c0c00000, 0x00000000c0d00000, 0x00000000c0d00000|100%| O|  |TAMS 0x00000000c0d00000, 0x00000000c0d00000| Untracked 
| 869|0x00000000c0d00000, 0x00000000c0dffff8, 0x00000000c0e00000| 99%| O|  |TAMS 0x00000000c0dffff8, 0x00000000c0dffff8| Untracked 
| 870|0x00000000c0e00000, 0x00000000c0effff0, 0x00000000c0f00000| 99%| O|  |TAMS 0x00000000c0effff0, 0x00000000c0effff0| Untracked 
| 871|0x00000000c0f00000, 0x00000000c0fffff8, 0x00000000c1000000| 99%| O|  |TAMS 0x00000000c0fffff8, 0x00000000c0fffff8| Untracked 
| 872|0x00000000c1000000, 0x00000000c10ffff8, 0x00000000c1100000| 99%| O|  |TAMS 0x00000000c10ffff8, 0x00000000c10ffff8| Untracked 
| 873|0x00000000c1100000, 0x00000000c11ffff0, 0x00000000c1200000| 99%| O|  |TAMS 0x00000000c11ffff0, 0x00000000c11ffff0| Untracked 
| 874|0x00000000c1200000, 0x00000000c12ffff8, 0x00000000c1300000| 99%| O|  |TAMS 0x00000000c12ffff8, 0x00000000c12ffff8| Untracked 
| 875|0x00000000c1300000, 0x00000000c13ffff0, 0x00000000c1400000| 99%| O|  |TAMS 0x00000000c13ffff0, 0x00000000c13ffff0| Untracked 
| 876|0x00000000c1400000, 0x00000000c1500000, 0x00000000c1500000|100%| O|  |TAMS 0x00000000c1500000, 0x00000000c1500000| Untracked 
| 877|0x00000000c1500000, 0x00000000c1600000, 0x00000000c1600000|100%| O|  |TAMS 0x00000000c1600000, 0x00000000c1600000| Untracked 
| 878|0x00000000c1600000, 0x00000000c16ffff8, 0x00000000c1700000| 99%| O|  |TAMS 0x00000000c16ffff8, 0x00000000c16ffff8| Untracked 
| 879|0x00000000c1700000, 0x00000000c1800000, 0x00000000c1800000|100%| O|  |TAMS 0x00000000c1800000, 0x00000000c1800000| Untracked 
| 880|0x00000000c1800000, 0x00000000c18ffff0, 0x00000000c1900000| 99%| O|  |TAMS 0x00000000c18ffff0, 0x00000000c18ffff0| Untracked 
| 881|0x00000000c1900000, 0x00000000c19fffd8, 0x00000000c1a00000| 99%| O|  |TAMS 0x00000000c19fffd8, 0x00000000c19fffd8| Untracked 
| 882|0x00000000c1a00000, 0x00000000c1affff0, 0x00000000c1b00000| 99%| O|  |TAMS 0x00000000c1affff0, 0x00000000c1affff0| Untracked 
| 883|0x00000000c1b00000, 0x00000000c1bffff0, 0x00000000c1c00000| 99%| O|  |TAMS 0x00000000c1bffff0, 0x00000000c1bffff0| Untracked 
| 884|0x00000000c1c00000, 0x00000000c1cffff0, 0x00000000c1d00000| 99%| O|  |TAMS 0x00000000c1cffff0, 0x00000000c1cffff0| Untracked 
| 885|0x00000000c1d00000, 0x00000000c1dffff8, 0x00000000c1e00000| 99%| O|  |TAMS 0x00000000c1dffff8, 0x00000000c1dffff8| Untracked 
| 886|0x00000000c1e00000, 0x00000000c1effff0, 0x00000000c1f00000| 99%| O|  |TAMS 0x00000000c1effff0, 0x00000000c1effff0| Untracked 
| 887|0x00000000c1f00000, 0x00000000c1fffff8, 0x00000000c2000000| 99%| O|  |TAMS 0x00000000c1fffff8, 0x00000000c1fffff8| Untracked 
| 888|0x00000000c2000000, 0x00000000c20ffff8, 0x00000000c2100000| 99%| O|  |TAMS 0x00000000c20ffff8, 0x00000000c20ffff8| Untracked 
| 889|0x00000000c2100000, 0x00000000c21ffff8, 0x00000000c2200000| 99%| O|  |TAMS 0x00000000c21ffff8, 0x00000000c21ffff8| Untracked 
| 890|0x00000000c2200000, 0x00000000c22ffff8, 0x00000000c2300000| 99%| O|  |TAMS 0x00000000c22ffff8, 0x00000000c22ffff8| Untracked 
| 891|0x00000000c2300000, 0x00000000c2400000, 0x00000000c2400000|100%| O|  |TAMS 0x00000000c2400000, 0x00000000c2400000| Untracked 
| 892|0x00000000c2400000, 0x00000000c24fffd8, 0x00000000c2500000| 99%| O|  |TAMS 0x00000000c24fffd8, 0x00000000c24fffd8| Untracked 
| 893|0x00000000c2500000, 0x00000000c2600000, 0x00000000c2600000|100%| O|  |TAMS 0x00000000c2600000, 0x00000000c2600000| Untracked 
| 894|0x00000000c2600000, 0x00000000c26fffd8, 0x00000000c2700000| 99%| O|  |TAMS 0x00000000c26fffd8, 0x00000000c26fffd8| Untracked 
| 895|0x00000000c2700000, 0x00000000c2800000, 0x00000000c2800000|100%| O|  |TAMS 0x00000000c2800000, 0x00000000c2800000| Untracked 
| 896|0x00000000c2800000, 0x00000000c2900000, 0x00000000c2900000|100%| O|  |TAMS 0x00000000c2900000, 0x00000000c2900000| Untracked 
| 897|0x00000000c2900000, 0x00000000c29ffff8, 0x00000000c2a00000| 99%| O|  |TAMS 0x00000000c29ffff8, 0x00000000c29ffff8| Untracked 
| 898|0x00000000c2a00000, 0x00000000c2affff0, 0x00000000c2b00000| 99%| O|  |TAMS 0x00000000c2affff0, 0x00000000c2affff0| Untracked 
| 899|0x00000000c2b00000, 0x00000000c2c00000, 0x00000000c2c00000|100%| O|  |TAMS 0x00000000c2c00000, 0x00000000c2c00000| Untracked 
| 900|0x00000000c2c00000, 0x00000000c2cffff0, 0x00000000c2d00000| 99%| O|  |TAMS 0x00000000c2cffff0, 0x00000000c2cffff0| Untracked 
| 901|0x00000000c2d00000, 0x00000000c2e00000, 0x00000000c2e00000|100%| O|  |TAMS 0x00000000c2e00000, 0x00000000c2e00000| Untracked 
| 902|0x00000000c2e00000, 0x00000000c2f00000, 0x00000000c2f00000|100%| O|  |TAMS 0x00000000c2f00000, 0x00000000c2f00000| Untracked 
| 903|0x00000000c2f00000, 0x00000000c3000000, 0x00000000c3000000|100%| O|  |TAMS 0x00000000c3000000, 0x00000000c3000000| Untracked 
| 904|0x00000000c3000000, 0x00000000c30ffff8, 0x00000000c3100000| 99%| O|  |TAMS 0x00000000c30ffff8, 0x00000000c30ffff8| Untracked 
| 905|0x00000000c3100000, 0x00000000c3200000, 0x00000000c3200000|100%| O|  |TAMS 0x00000000c3200000, 0x00000000c3200000| Untracked 
| 906|0x00000000c3200000, 0x00000000c3300000, 0x00000000c3300000|100%| O|  |TAMS 0x00000000c3300000, 0x00000000c3300000| Untracked 
| 907|0x00000000c3300000, 0x00000000c33fffe8, 0x00000000c3400000| 99%| O|  |TAMS 0x00000000c33fffe8, 0x00000000c33fffe8| Untracked 
| 908|0x00000000c3400000, 0x00000000c3500000, 0x00000000c3500000|100%| O|  |TAMS 0x00000000c3500000, 0x00000000c3500000| Untracked 
| 909|0x00000000c3500000, 0x00000000c35fffd8, 0x00000000c3600000| 99%| O|  |TAMS 0x00000000c35fffd8, 0x00000000c35fffd8| Untracked 
| 910|0x00000000c3600000, 0x00000000c36ffff0, 0x00000000c3700000| 99%| O|  |TAMS 0x00000000c36ffff0, 0x00000000c36ffff0| Untracked 
| 911|0x00000000c3700000, 0x00000000c37ffff8, 0x00000000c3800000| 99%| O|  |TAMS 0x00000000c37ffff8, 0x00000000c37ffff8| Untracked 
| 912|0x00000000c3800000, 0x00000000c38ffff0, 0x00000000c3900000| 99%| O|  |TAMS 0x00000000c38ffff0, 0x00000000c38ffff0| Untracked 
| 913|0x00000000c3900000, 0x00000000c39ffff8, 0x00000000c3a00000| 99%| O|  |TAMS 0x00000000c39ffff8, 0x00000000c39ffff8| Untracked 
| 914|0x00000000c3a00000, 0x00000000c3b00000, 0x00000000c3b00000|100%| O|  |TAMS 0x00000000c3b00000, 0x00000000c3b00000| Untracked 
| 915|0x00000000c3b00000, 0x00000000c3bffff8, 0x00000000c3c00000| 99%| O|  |TAMS 0x00000000c3bffff8, 0x00000000c3bffff8| Untracked 
| 916|0x00000000c3c00000, 0x00000000c3d00000, 0x00000000c3d00000|100%| O|  |TAMS 0x00000000c3d00000, 0x00000000c3d00000| Untracked 
| 917|0x00000000c3d00000, 0x00000000c3dffff0, 0x00000000c3e00000| 99%| O|  |TAMS 0x00000000c3dffff0, 0x00000000c3dffff0| Untracked 
| 918|0x00000000c3e00000, 0x00000000c3effff0, 0x00000000c3f00000| 99%| O|  |TAMS 0x00000000c3effff0, 0x00000000c3effff0| Untracked 
| 919|0x00000000c3f00000, 0x00000000c3fffff0, 0x00000000c4000000| 99%| O|  |TAMS 0x00000000c3fffff0, 0x00000000c3fffff0| Untracked 
| 920|0x00000000c4000000, 0x00000000c40ffff0, 0x00000000c4100000| 99%| O|  |TAMS 0x00000000c40ffff0, 0x00000000c40ffff0| Untracked 
| 921|0x00000000c4100000, 0x00000000c41ffff8, 0x00000000c4200000| 99%| O|  |TAMS 0x00000000c41ffff8, 0x00000000c41ffff8| Untracked 
| 922|0x00000000c4200000, 0x00000000c42ffff0, 0x00000000c4300000| 99%| O|  |TAMS 0x00000000c42ffff0, 0x00000000c42ffff0| Untracked 
| 923|0x00000000c4300000, 0x00000000c43ffff8, 0x00000000c4400000| 99%| O|  |TAMS 0x00000000c43ffff8, 0x00000000c43ffff8| Untracked 
| 924|0x00000000c4400000, 0x00000000c4500000, 0x00000000c4500000|100%| O|  |TAMS 0x00000000c4500000, 0x00000000c4500000| Untracked 
| 925|0x00000000c4500000, 0x00000000c45ffff8, 0x00000000c4600000| 99%| O|  |TAMS 0x00000000c45ffff8, 0x00000000c45ffff8| Untracked 
| 926|0x00000000c4600000, 0x00000000c4700000, 0x00000000c4700000|100%| O|  |TAMS 0x00000000c4700000, 0x00000000c4700000| Untracked 
| 927|0x00000000c4700000, 0x00000000c4800000, 0x00000000c4800000|100%| O|  |TAMS 0x00000000c4800000, 0x00000000c4800000| Untracked 
| 928|0x00000000c4800000, 0x00000000c48ffff8, 0x00000000c4900000| 99%| O|  |TAMS 0x00000000c48ffff8, 0x00000000c48ffff8| Untracked 
| 929|0x00000000c4900000, 0x00000000c49ffff8, 0x00000000c4a00000| 99%| O|  |TAMS 0x00000000c49ffff8, 0x00000000c49ffff8| Untracked 
| 930|0x00000000c4a00000, 0x00000000c4affff0, 0x00000000c4b00000| 99%| O|  |TAMS 0x00000000c4affff0, 0x00000000c4affff0| Untracked 
| 931|0x00000000c4b00000, 0x00000000c4bffff8, 0x00000000c4c00000| 99%| O|  |TAMS 0x00000000c4bffff8, 0x00000000c4bffff8| Untracked 
| 932|0x00000000c4c00000, 0x00000000c4cfffd8, 0x00000000c4d00000| 99%| O|  |TAMS 0x00000000c4cfffd8, 0x00000000c4cfffd8| Untracked 
| 933|0x00000000c4d00000, 0x00000000c4dffff8, 0x00000000c4e00000| 99%| O|  |TAMS 0x00000000c4dffff8, 0x00000000c4dffff8| Untracked 
| 934|0x00000000c4e00000, 0x00000000c4f00000, 0x00000000c4f00000|100%| O|  |TAMS 0x00000000c4f00000, 0x00000000c4f00000| Untracked 
| 935|0x00000000c4f00000, 0x00000000c4fffff0, 0x00000000c5000000| 99%| O|  |TAMS 0x00000000c4fffff0, 0x00000000c4fffff0| Untracked 
| 936|0x00000000c5000000, 0x00000000c50ffff0, 0x00000000c5100000| 99%| O|  |TAMS 0x00000000c50ffff0, 0x00000000c50ffff0| Untracked 
| 937|0x00000000c5100000, 0x00000000c5200000, 0x00000000c5200000|100%| O|  |TAMS 0x00000000c5200000, 0x00000000c5200000| Untracked 
| 938|0x00000000c5200000, 0x00000000c5300000, 0x00000000c5300000|100%| O|  |TAMS 0x00000000c5300000, 0x00000000c5300000| Untracked 
| 939|0x00000000c5300000, 0x00000000c53ffff8, 0x00000000c5400000| 99%| O|  |TAMS 0x00000000c53ffff8, 0x00000000c53ffff8| Untracked 
| 940|0x00000000c5400000, 0x00000000c5500000, 0x00000000c5500000|100%| O|  |TAMS 0x00000000c5500000, 0x00000000c5500000| Untracked 
| 941|0x00000000c5500000, 0x00000000c5600000, 0x00000000c5600000|100%| O|  |TAMS 0x00000000c5600000, 0x00000000c5600000| Untracked 
| 942|0x00000000c5600000, 0x00000000c5700000, 0x00000000c5700000|100%| O|  |TAMS 0x00000000c5700000, 0x00000000c5700000| Untracked 
| 943|0x00000000c5700000, 0x00000000c57ffff8, 0x00000000c5800000| 99%| O|  |TAMS 0x00000000c57ffff8, 0x00000000c57ffff8| Untracked 
| 944|0x00000000c5800000, 0x00000000c58ffff8, 0x00000000c5900000| 99%| O|  |TAMS 0x00000000c58ffff8, 0x00000000c58ffff8| Untracked 
| 945|0x00000000c5900000, 0x00000000c59cdcb8, 0x00000000c5a00000| 80%| O|  |TAMS 0x00000000c5900000, 0x00000000c59cdcb8| Untracked 
| 946|0x00000000c5a00000, 0x00000000c5affff8, 0x00000000c5b00000| 99%| O|  |TAMS 0x00000000c5affff8, 0x00000000c5affff8| Untracked 
| 947|0x00000000c5b00000, 0x00000000c5bffff8, 0x00000000c5c00000| 99%| O|  |TAMS 0x00000000c5bffff8, 0x00000000c5bffff8| Untracked 
| 948|0x00000000c5c00000, 0x00000000c5cffff8, 0x00000000c5d00000| 99%| O|  |TAMS 0x00000000c5cffff8, 0x00000000c5cffff8| Untracked 
| 949|0x00000000c5d00000, 0x00000000c5dffff0, 0x00000000c5e00000| 99%| O|  |TAMS 0x00000000c5dffff0, 0x00000000c5dffff0| Untracked 
| 950|0x00000000c5e00000, 0x00000000c5f00000, 0x00000000c5f00000|100%| O|  |TAMS 0x00000000c5f00000, 0x00000000c5f00000| Untracked 
| 951|0x00000000c5f00000, 0x00000000c5fffff0, 0x00000000c6000000| 99%| O|  |TAMS 0x00000000c5fffff0, 0x00000000c5fffff0| Untracked 
| 952|0x00000000c6000000, 0x00000000c60ffff8, 0x00000000c6100000| 99%| O|  |TAMS 0x00000000c60ffff8, 0x00000000c60ffff8| Untracked 
| 953|0x00000000c6100000, 0x00000000c61ffff0, 0x00000000c6200000| 99%| O|  |TAMS 0x00000000c61ffff0, 0x00000000c61ffff0| Untracked 
| 954|0x00000000c6200000, 0x00000000c62ffff0, 0x00000000c6300000| 99%| O|  |TAMS 0x00000000c62ffff0, 0x00000000c62ffff0| Untracked 
| 955|0x00000000c6300000, 0x00000000c63ffff8, 0x00000000c6400000| 99%| O|  |TAMS 0x00000000c63ffff8, 0x00000000c63ffff8| Untracked 
| 956|0x00000000c6400000, 0x00000000c64ffff8, 0x00000000c6500000| 99%| O|  |TAMS 0x00000000c64ffff8, 0x00000000c64ffff8| Untracked 
| 957|0x00000000c6500000, 0x00000000c65fed78, 0x00000000c6600000| 99%| O|  |TAMS 0x00000000c65fed78, 0x00000000c65fed78| Untracked 
| 958|0x00000000c6600000, 0x00000000c6700000, 0x00000000c6700000|100%| O|  |TAMS 0x00000000c6700000, 0x00000000c6700000| Untracked 
| 959|0x00000000c6700000, 0x00000000c67ffff0, 0x00000000c6800000| 99%| O|  |TAMS 0x00000000c67ffff0, 0x00000000c67ffff0| Untracked 
| 960|0x00000000c6800000, 0x00000000c6900000, 0x00000000c6900000|100%| O|  |TAMS 0x00000000c6900000, 0x00000000c6900000| Untracked 
| 961|0x00000000c6900000, 0x00000000c6a00000, 0x00000000c6a00000|100%| O|  |TAMS 0x00000000c6a00000, 0x00000000c6a00000| Untracked 
| 962|0x00000000c6a00000, 0x00000000c6affff0, 0x00000000c6b00000| 99%| O|  |TAMS 0x00000000c6affff0, 0x00000000c6affff0| Untracked 
| 963|0x00000000c6b00000, 0x00000000c6c00000, 0x00000000c6c00000|100%| O|  |TAMS 0x00000000c6c00000, 0x00000000c6c00000| Untracked 
| 964|0x00000000c6c00000, 0x00000000c6cffff8, 0x00000000c6d00000| 99%| O|  |TAMS 0x00000000c6cffff8, 0x00000000c6cffff8| Untracked 
| 965|0x00000000c6d00000, 0x00000000c6dffff8, 0x00000000c6e00000| 99%| O|  |TAMS 0x00000000c6dffff8, 0x00000000c6dffff8| Untracked 
| 966|0x00000000c6e00000, 0x00000000c6effff0, 0x00000000c6f00000| 99%| O|  |TAMS 0x00000000c6effff0, 0x00000000c6effff0| Untracked 
| 967|0x00000000c6f00000, 0x00000000c6fffff0, 0x00000000c7000000| 99%| O|  |TAMS 0x00000000c6fffff0, 0x00000000c6fffff0| Untracked 
| 968|0x00000000c7000000, 0x00000000c70f7b60, 0x00000000c7100000| 96%| O|  |TAMS 0x00000000c7000000, 0x00000000c70f7b60| Untracked 
| 969|0x00000000c7100000, 0x00000000c7200000, 0x00000000c7200000|100%| O|  |TAMS 0x00000000c7200000, 0x00000000c7200000| Untracked 
| 970|0x00000000c7200000, 0x00000000c72e9678, 0x00000000c7300000| 91%| O|  |TAMS 0x00000000c7200000, 0x00000000c72e9678| Untracked 
| 971|0x00000000c7300000, 0x00000000c73ffff0, 0x00000000c7400000| 99%| O|  |TAMS 0x00000000c73ffff0, 0x00000000c73ffff0| Untracked 
| 972|0x00000000c7400000, 0x00000000c7500000, 0x00000000c7500000|100%| O|  |TAMS 0x00000000c7500000, 0x00000000c7500000| Untracked 
| 973|0x00000000c7500000, 0x00000000c75ffff8, 0x00000000c7600000| 99%| O|  |TAMS 0x00000000c75ffff8, 0x00000000c75ffff8| Untracked 
| 974|0x00000000c7600000, 0x00000000c76ffff8, 0x00000000c7700000| 99%| O|  |TAMS 0x00000000c76ffff8, 0x00000000c76ffff8| Untracked 
| 975|0x00000000c7700000, 0x00000000c7800000, 0x00000000c7800000|100%| O|  |TAMS 0x00000000c7800000, 0x00000000c7800000| Untracked 
| 976|0x00000000c7800000, 0x00000000c7900000, 0x00000000c7900000|100%| O|  |TAMS 0x00000000c7900000, 0x00000000c7900000| Untracked 
| 977|0x00000000c7900000, 0x00000000c7a00000, 0x00000000c7a00000|100%| O|  |TAMS 0x00000000c7a00000, 0x00000000c7a00000| Untracked 
| 978|0x00000000c7a00000, 0x00000000c7affff0, 0x00000000c7b00000| 99%| O|  |TAMS 0x00000000c7affff0, 0x00000000c7affff0| Untracked 
| 979|0x00000000c7b00000, 0x00000000c7bffff8, 0x00000000c7c00000| 99%| O|  |TAMS 0x00000000c7bffff8, 0x00000000c7bffff8| Untracked 
| 980|0x00000000c7c00000, 0x00000000c7cffff0, 0x00000000c7d00000| 99%| O|  |TAMS 0x00000000c7cffff0, 0x00000000c7cffff0| Untracked 
| 981|0x00000000c7d00000, 0x00000000c7dffff0, 0x00000000c7e00000| 99%| O|  |TAMS 0x00000000c7dffff0, 0x00000000c7dffff0| Untracked 
| 982|0x00000000c7e00000, 0x00000000c7f00000, 0x00000000c7f00000|100%| O|  |TAMS 0x00000000c7f00000, 0x00000000c7f00000| Untracked 
| 983|0x00000000c7f00000, 0x00000000c7fffff8, 0x00000000c8000000| 99%| O|  |TAMS 0x00000000c7fffff8, 0x00000000c7fffff8| Untracked 
| 984|0x00000000c8000000, 0x00000000c8100000, 0x00000000c8100000|100%| O|  |TAMS 0x00000000c8100000, 0x00000000c8100000| Untracked 
| 985|0x00000000c8100000, 0x00000000c81ffff8, 0x00000000c8200000| 99%| O|  |TAMS 0x00000000c81ffff8, 0x00000000c81ffff8| Untracked 
| 986|0x00000000c8200000, 0x00000000c82ffff8, 0x00000000c8300000| 99%| O|  |TAMS 0x00000000c82ffff8, 0x00000000c82ffff8| Untracked 
| 987|0x00000000c8300000, 0x00000000c83ffff0, 0x00000000c8400000| 99%| O|  |TAMS 0x00000000c83ffff0, 0x00000000c83ffff0| Untracked 
| 988|0x00000000c8400000, 0x00000000c84ffff8, 0x00000000c8500000| 99%| O|  |TAMS 0x00000000c84ffff8, 0x00000000c84ffff8| Untracked 
| 989|0x00000000c8500000, 0x00000000c85ffff0, 0x00000000c8600000| 99%| O|  |TAMS 0x00000000c85ffff0, 0x00000000c85ffff0| Untracked 
| 990|0x00000000c8600000, 0x00000000c8700000, 0x00000000c8700000|100%| O|  |TAMS 0x00000000c8700000, 0x00000000c8700000| Untracked 
| 991|0x00000000c8700000, 0x00000000c87ffff8, 0x00000000c8800000| 99%| O|  |TAMS 0x00000000c87ffff8, 0x00000000c87ffff8| Untracked 
| 992|0x00000000c8800000, 0x00000000c8900000, 0x00000000c8900000|100%| O|  |TAMS 0x00000000c8900000, 0x00000000c8900000| Untracked 
| 993|0x00000000c8900000, 0x00000000c89fffd0, 0x00000000c8a00000| 99%| O|  |TAMS 0x00000000c89fffd0, 0x00000000c89fffd0| Untracked 
| 994|0x00000000c8a00000, 0x00000000c8affff8, 0x00000000c8b00000| 99%| O|  |TAMS 0x00000000c8affff8, 0x00000000c8affff8| Untracked 
| 995|0x00000000c8b00000, 0x00000000c8c00000, 0x00000000c8c00000|100%| O|  |TAMS 0x00000000c8c00000, 0x00000000c8c00000| Untracked 
| 996|0x00000000c8c00000, 0x00000000c8d00000, 0x00000000c8d00000|100%| O|  |TAMS 0x00000000c8d00000, 0x00000000c8d00000| Untracked 
| 997|0x00000000c8d00000, 0x00000000c8de84b8, 0x00000000c8e00000| 90%| O|  |TAMS 0x00000000c8d00000, 0x00000000c8de84b8| Untracked 
| 998|0x00000000c8e00000, 0x00000000c8effff8, 0x00000000c8f00000| 99%| O|  |TAMS 0x00000000c8effff8, 0x00000000c8effff8| Untracked 
| 999|0x00000000c8f00000, 0x00000000c8fffff8, 0x00000000c9000000| 99%| O|  |TAMS 0x00000000c8fffff8, 0x00000000c8fffff8| Untracked 
|1000|0x00000000c9000000, 0x00000000c90ffff8, 0x00000000c9100000| 99%| O|  |TAMS 0x00000000c90ffff8, 0x00000000c90ffff8| Untracked 
|1001|0x00000000c9100000, 0x00000000c91ffff8, 0x00000000c9200000| 99%| O|  |TAMS 0x00000000c91ffff8, 0x00000000c91ffff8| Untracked 
|1002|0x00000000c9200000, 0x00000000c9300000, 0x00000000c9300000|100%| O|  |TAMS 0x00000000c9300000, 0x00000000c9300000| Untracked 
|1003|0x00000000c9300000, 0x00000000c93ffff8, 0x00000000c9400000| 99%| O|  |TAMS 0x00000000c93ffff8, 0x00000000c93ffff8| Untracked 
|1004|0x00000000c9400000, 0x00000000c9500000, 0x00000000c9500000|100%| O|  |TAMS 0x00000000c9500000, 0x00000000c9500000| Untracked 
|1005|0x00000000c9500000, 0x00000000c9600000, 0x00000000c9600000|100%| O|  |TAMS 0x00000000c9600000, 0x00000000c9600000| Untracked 
|1006|0x00000000c9600000, 0x00000000c96ffff8, 0x00000000c9700000| 99%| O|  |TAMS 0x00000000c96ffff8, 0x00000000c96ffff8| Untracked 
|1007|0x00000000c9700000, 0x00000000c97ffff8, 0x00000000c9800000| 99%| O|  |TAMS 0x00000000c97ffff8, 0x00000000c97ffff8| Untracked 
|1008|0x00000000c9800000, 0x00000000c98ffff0, 0x00000000c9900000| 99%| O|  |TAMS 0x00000000c98ffff0, 0x00000000c98ffff0| Untracked 
|1009|0x00000000c9900000, 0x00000000c99ffff0, 0x00000000c9a00000| 99%| O|  |TAMS 0x00000000c99ffff0, 0x00000000c99ffff0| Untracked 
|1010|0x00000000c9a00000, 0x00000000c9affff8, 0x00000000c9b00000| 99%| O|  |TAMS 0x00000000c9affff8, 0x00000000c9affff8| Untracked 
|1011|0x00000000c9b00000, 0x00000000c9bffff0, 0x00000000c9c00000| 99%| O|  |TAMS 0x00000000c9bffff0, 0x00000000c9bffff0| Untracked 
|1012|0x00000000c9c00000, 0x00000000c9cffff8, 0x00000000c9d00000| 99%| O|  |TAMS 0x00000000c9cffff8, 0x00000000c9cffff8| Untracked 
|1013|0x00000000c9d00000, 0x00000000c9e00000, 0x00000000c9e00000|100%| O|  |TAMS 0x00000000c9e00000, 0x00000000c9e00000| Untracked 
|1014|0x00000000c9e00000, 0x00000000c9f00000, 0x00000000c9f00000|100%| O|  |TAMS 0x00000000c9f00000, 0x00000000c9f00000| Untracked 
|1015|0x00000000c9f00000, 0x00000000ca000000, 0x00000000ca000000|100%| O|  |TAMS 0x00000000ca000000, 0x00000000ca000000| Untracked 
|1016|0x00000000ca000000, 0x00000000ca100000, 0x00000000ca100000|100%| O|  |TAMS 0x00000000ca100000, 0x00000000ca100000| Untracked 
|1017|0x00000000ca100000, 0x00000000ca200000, 0x00000000ca200000|100%| O|  |TAMS 0x00000000ca200000, 0x00000000ca200000| Untracked 
|1018|0x00000000ca200000, 0x00000000ca2ffff0, 0x00000000ca300000| 99%| O|  |TAMS 0x00000000ca2ffff0, 0x00000000ca2ffff0| Untracked 
|1019|0x00000000ca300000, 0x00000000ca400000, 0x00000000ca400000|100%| O|  |TAMS 0x00000000ca400000, 0x00000000ca400000| Untracked 
|1020|0x00000000ca400000, 0x00000000ca500000, 0x00000000ca500000|100%| O|  |TAMS 0x00000000ca500000, 0x00000000ca500000| Untracked 
|1021|0x00000000ca500000, 0x00000000ca600000, 0x00000000ca600000|100%| O|  |TAMS 0x00000000ca600000, 0x00000000ca600000| Untracked 
|1022|0x00000000ca600000, 0x00000000ca6ffff8, 0x00000000ca700000| 99%| O|  |TAMS 0x00000000ca6ffff8, 0x00000000ca6ffff8| Untracked 
|1023|0x00000000ca700000, 0x00000000ca7ffff0, 0x00000000ca800000| 99%| O|  |TAMS 0x00000000ca7ffff0, 0x00000000ca7ffff0| Untracked 
|1024|0x00000000ca800000, 0x00000000ca900000, 0x00000000ca900000|100%| O|  |TAMS 0x00000000ca900000, 0x00000000ca900000| Untracked 
|1025|0x00000000ca900000, 0x00000000ca9ffff8, 0x00000000caa00000| 99%| O|  |TAMS 0x00000000ca9ffff8, 0x00000000ca9ffff8| Untracked 
|1026|0x00000000caa00000, 0x00000000caaffff0, 0x00000000cab00000| 99%| O|  |TAMS 0x00000000caaffff0, 0x00000000caaffff0| Untracked 
|1027|0x00000000cab00000, 0x00000000cabffff0, 0x00000000cac00000| 99%| O|  |TAMS 0x00000000cabffff0, 0x00000000cabffff0| Untracked 
|1028|0x00000000cac00000, 0x00000000cad00000, 0x00000000cad00000|100%| O|  |TAMS 0x00000000cad00000, 0x00000000cad00000| Untracked 
|1029|0x00000000cad00000, 0x00000000cadffff0, 0x00000000cae00000| 99%| O|  |TAMS 0x00000000cadffff0, 0x00000000cadffff0| Untracked 
|1030|0x00000000cae00000, 0x00000000caeffff8, 0x00000000caf00000| 99%| O|  |TAMS 0x00000000caeffff8, 0x00000000caeffff8| Untracked 
|1031|0x00000000caf00000, 0x00000000cb000000, 0x00000000cb000000|100%| O|  |TAMS 0x00000000cb000000, 0x00000000cb000000| Untracked 
|1032|0x00000000cb000000, 0x00000000cb100000, 0x00000000cb100000|100%| O|  |TAMS 0x00000000cb100000, 0x00000000cb100000| Untracked 
|1033|0x00000000cb100000, 0x00000000cb1ffff0, 0x00000000cb200000| 99%| O|  |TAMS 0x00000000cb1ffff0, 0x00000000cb1ffff0| Untracked 
|1034|0x00000000cb200000, 0x00000000cb2ffff8, 0x00000000cb300000| 99%| O|  |TAMS 0x00000000cb2ffff8, 0x00000000cb2ffff8| Untracked 
|1035|0x00000000cb300000, 0x00000000cb3ffff8, 0x00000000cb400000| 99%| O|  |TAMS 0x00000000cb3ffff8, 0x00000000cb3ffff8| Untracked 
|1036|0x00000000cb400000, 0x00000000cb500000, 0x00000000cb500000|100%| O|  |TAMS 0x00000000cb500000, 0x00000000cb500000| Untracked 
|1037|0x00000000cb500000, 0x00000000cb600000, 0x00000000cb600000|100%| O|  |TAMS 0x00000000cb600000, 0x00000000cb600000| Untracked 
|1038|0x00000000cb600000, 0x00000000cb6ffff8, 0x00000000cb700000| 99%| O|  |TAMS 0x00000000cb6ffff8, 0x00000000cb6ffff8| Untracked 
|1039|0x00000000cb700000, 0x00000000cb800000, 0x00000000cb800000|100%| O|  |TAMS 0x00000000cb800000, 0x00000000cb800000| Untracked 
|1040|0x00000000cb800000, 0x00000000cb900000, 0x00000000cb900000|100%| O|  |TAMS 0x00000000cb900000, 0x00000000cb900000| Untracked 
|1041|0x00000000cb900000, 0x00000000cb9ffff8, 0x00000000cba00000| 99%| O|  |TAMS 0x00000000cb9ffff8, 0x00000000cb9ffff8| Untracked 
|1042|0x00000000cba00000, 0x00000000cbafffd8, 0x00000000cbb00000| 99%| O|  |TAMS 0x00000000cbafffd8, 0x00000000cbafffd8| Untracked 
|1043|0x00000000cbb00000, 0x00000000cbbffff8, 0x00000000cbc00000| 99%| O|  |TAMS 0x00000000cbbffff8, 0x00000000cbbffff8| Untracked 
|1044|0x00000000cbc00000, 0x00000000cbd00000, 0x00000000cbd00000|100%| O|  |TAMS 0x00000000cbd00000, 0x00000000cbd00000| Untracked 
|1045|0x00000000cbd00000, 0x00000000cbe00000, 0x00000000cbe00000|100%| O|  |TAMS 0x00000000cbe00000, 0x00000000cbe00000| Untracked 
|1046|0x00000000cbe00000, 0x00000000cbeffff0, 0x00000000cbf00000| 99%| O|  |TAMS 0x00000000cbeffff0, 0x00000000cbeffff0| Untracked 
|1047|0x00000000cbf00000, 0x00000000cbfffff8, 0x00000000cc000000| 99%| O|  |TAMS 0x00000000cbfffff8, 0x00000000cbfffff8| Untracked 
|1048|0x00000000cc000000, 0x00000000cc100000, 0x00000000cc100000|100%| O|  |TAMS 0x00000000cc100000, 0x00000000cc100000| Untracked 
|1049|0x00000000cc100000, 0x00000000cc200000, 0x00000000cc200000|100%| O|  |TAMS 0x00000000cc200000, 0x00000000cc200000| Untracked 
|1050|0x00000000cc200000, 0x00000000cc300000, 0x00000000cc300000|100%| O|  |TAMS 0x00000000cc300000, 0x00000000cc300000| Untracked 
|1051|0x00000000cc300000, 0x00000000cc3ffff0, 0x00000000cc400000| 99%| O|  |TAMS 0x00000000cc3ffff0, 0x00000000cc3ffff0| Untracked 
|1052|0x00000000cc400000, 0x00000000cc4ffff0, 0x00000000cc500000| 99%| O|  |TAMS 0x00000000cc4ffff0, 0x00000000cc4ffff0| Untracked 
|1053|0x00000000cc500000, 0x00000000cc5ffff8, 0x00000000cc600000| 99%| O|  |TAMS 0x00000000cc5ffff8, 0x00000000cc5ffff8| Untracked 
|1054|0x00000000cc600000, 0x00000000cc6ffff0, 0x00000000cc700000| 99%| O|  |TAMS 0x00000000cc6ffff0, 0x00000000cc6ffff0| Untracked 
|1055|0x00000000cc700000, 0x00000000cc7fffd0, 0x00000000cc800000| 99%| O|  |TAMS 0x00000000cc7fffd0, 0x00000000cc7fffd0| Untracked 
|1056|0x00000000cc800000, 0x00000000cc900000, 0x00000000cc900000|100%| O|  |TAMS 0x00000000cc900000, 0x00000000cc900000| Untracked 
|1057|0x00000000cc900000, 0x00000000cc9ffff0, 0x00000000cca00000| 99%| O|  |TAMS 0x00000000cc9ffff0, 0x00000000cc9ffff0| Untracked 
|1058|0x00000000cca00000, 0x00000000ccaffff8, 0x00000000ccb00000| 99%| O|  |TAMS 0x00000000ccaffff8, 0x00000000ccaffff8| Untracked 
|1059|0x00000000ccb00000, 0x00000000ccbffff8, 0x00000000ccc00000| 99%| O|  |TAMS 0x00000000ccbffff8, 0x00000000ccbffff8| Untracked 
|1060|0x00000000ccc00000, 0x00000000ccd00000, 0x00000000ccd00000|100%| O|  |TAMS 0x00000000ccd00000, 0x00000000ccd00000| Untracked 
|1061|0x00000000ccd00000, 0x00000000cce00000, 0x00000000cce00000|100%| O|  |TAMS 0x00000000cce00000, 0x00000000cce00000| Untracked 
|1062|0x00000000cce00000, 0x00000000cceffff8, 0x00000000ccf00000| 99%| O|  |TAMS 0x00000000cceffff8, 0x00000000cceffff8| Untracked 
|1063|0x00000000ccf00000, 0x00000000cd000000, 0x00000000cd000000|100%| O|  |TAMS 0x00000000cd000000, 0x00000000cd000000| Untracked 
|1064|0x00000000cd000000, 0x00000000cd100000, 0x00000000cd100000|100%| O|  |TAMS 0x00000000cd100000, 0x00000000cd100000| Untracked 
|1065|0x00000000cd100000, 0x00000000cd1f2718, 0x00000000cd200000| 94%| O|  |TAMS 0x00000000cd100000, 0x00000000cd1f2718| Untracked 
|1066|0x00000000cd200000, 0x00000000cd300000, 0x00000000cd300000|100%| O|  |TAMS 0x00000000cd300000, 0x00000000cd300000| Untracked 
|1067|0x00000000cd300000, 0x00000000cd3fffd8, 0x00000000cd400000| 99%| O|  |TAMS 0x00000000cd3fffd8, 0x00000000cd3fffd8| Untracked 
|1068|0x00000000cd400000, 0x00000000cd4ffff8, 0x00000000cd500000| 99%| O|  |TAMS 0x00000000cd4ffff8, 0x00000000cd4ffff8| Untracked 
|1069|0x00000000cd500000, 0x00000000cd5ffff0, 0x00000000cd600000| 99%| O|  |TAMS 0x00000000cd5ffff0, 0x00000000cd5ffff0| Untracked 
|1070|0x00000000cd600000, 0x00000000cd6ffff8, 0x00000000cd700000| 99%| O|  |TAMS 0x00000000cd6ffff8, 0x00000000cd6ffff8| Untracked 
|1071|0x00000000cd700000, 0x00000000cd7ffff8, 0x00000000cd800000| 99%| O|  |TAMS 0x00000000cd7ffff8, 0x00000000cd7ffff8| Untracked 
|1072|0x00000000cd800000, 0x00000000cd8ffff8, 0x00000000cd900000| 99%| O|  |TAMS 0x00000000cd8ffff8, 0x00000000cd8ffff8| Untracked 
|1073|0x00000000cd900000, 0x00000000cd9ffff0, 0x00000000cda00000| 99%| O|  |TAMS 0x00000000cd9ffff0, 0x00000000cd9ffff0| Untracked 
|1074|0x00000000cda00000, 0x00000000cdb00000, 0x00000000cdb00000|100%| O|  |TAMS 0x00000000cdb00000, 0x00000000cdb00000| Untracked 
|1075|0x00000000cdb00000, 0x00000000cdc00000, 0x00000000cdc00000|100%| O|  |TAMS 0x00000000cdc00000, 0x00000000cdc00000| Untracked 
|1076|0x00000000cdc00000, 0x00000000cdcffff8, 0x00000000cdd00000| 99%| O|  |TAMS 0x00000000cdcffff8, 0x00000000cdcffff8| Untracked 
|1077|0x00000000cdd00000, 0x00000000cddffff0, 0x00000000cde00000| 99%| O|  |TAMS 0x00000000cddffff0, 0x00000000cddffff0| Untracked 
|1078|0x00000000cde00000, 0x00000000cdeffff0, 0x00000000cdf00000| 99%| O|  |TAMS 0x00000000cdeffff0, 0x00000000cdeffff0| Untracked 
|1079|0x00000000cdf00000, 0x00000000cdfffff0, 0x00000000ce000000| 99%| O|  |TAMS 0x00000000cdfffff0, 0x00000000cdfffff0| Untracked 
|1080|0x00000000ce000000, 0x00000000ce0ffff8, 0x00000000ce100000| 99%| O|  |TAMS 0x00000000ce0ffff8, 0x00000000ce0ffff8| Untracked 
|1081|0x00000000ce100000, 0x00000000ce1ffff0, 0x00000000ce200000| 99%| O|  |TAMS 0x00000000ce1ffff0, 0x00000000ce1ffff0| Untracked 
|1082|0x00000000ce200000, 0x00000000ce300000, 0x00000000ce300000|100%| O|  |TAMS 0x00000000ce300000, 0x00000000ce300000| Untracked 
|1083|0x00000000ce300000, 0x00000000ce3ffff8, 0x00000000ce400000| 99%| O|  |TAMS 0x00000000ce3ffff8, 0x00000000ce3ffff8| Untracked 
|1084|0x00000000ce400000, 0x00000000ce4fffe0, 0x00000000ce500000| 99%| O|  |TAMS 0x00000000ce4fffe0, 0x00000000ce4fffe0| Untracked 
|1085|0x00000000ce500000, 0x00000000ce5ffff0, 0x00000000ce600000| 99%| O|  |TAMS 0x00000000ce5ffff0, 0x00000000ce5ffff0| Untracked 
|1086|0x00000000ce600000, 0x00000000ce700000, 0x00000000ce700000|100%| O|  |TAMS 0x00000000ce700000, 0x00000000ce700000| Untracked 
|1087|0x00000000ce700000, 0x00000000ce7ffff8, 0x00000000ce800000| 99%| O|  |TAMS 0x00000000ce7ffff8, 0x00000000ce7ffff8| Untracked 
|1088|0x00000000ce800000, 0x00000000ce900000, 0x00000000ce900000|100%| O|  |TAMS 0x00000000ce900000, 0x00000000ce900000| Untracked 
|1089|0x00000000ce900000, 0x00000000cea00000, 0x00000000cea00000|100%| O|  |TAMS 0x00000000cea00000, 0x00000000cea00000| Untracked 
|1090|0x00000000cea00000, 0x00000000ceb00000, 0x00000000ceb00000|100%| O|  |TAMS 0x00000000ceb00000, 0x00000000ceb00000| Untracked 
|1091|0x00000000ceb00000, 0x00000000cebffff0, 0x00000000cec00000| 99%| O|  |TAMS 0x00000000cebffff0, 0x00000000cebffff0| Untracked 
|1092|0x00000000cec00000, 0x00000000cecffff0, 0x00000000ced00000| 99%| O|  |TAMS 0x00000000cecffff0, 0x00000000cecffff0| Untracked 
|1093|0x00000000ced00000, 0x00000000cedffff8, 0x00000000cee00000| 99%| O|  |TAMS 0x00000000cedffff8, 0x00000000cedffff8| Untracked 
|1094|0x00000000cee00000, 0x00000000cef00000, 0x00000000cef00000|100%| O|  |TAMS 0x00000000cef00000, 0x00000000cef00000| Untracked 
|1095|0x00000000cef00000, 0x00000000cefffff0, 0x00000000cf000000| 99%| O|  |TAMS 0x00000000cefffff0, 0x00000000cefffff0| Untracked 
|1096|0x00000000cf000000, 0x00000000cf0fffc8, 0x00000000cf100000| 99%| O|  |TAMS 0x00000000cf0fffc8, 0x00000000cf0fffc8| Untracked 
|1097|0x00000000cf100000, 0x00000000cf1ffff8, 0x00000000cf200000| 99%| O|  |TAMS 0x00000000cf1ffff8, 0x00000000cf1ffff8| Untracked 
|1098|0x00000000cf200000, 0x00000000cf2ffff8, 0x00000000cf300000| 99%| O|  |TAMS 0x00000000cf2ffff8, 0x00000000cf2ffff8| Untracked 
|1099|0x00000000cf300000, 0x00000000cf400000, 0x00000000cf400000|100%| O|  |TAMS 0x00000000cf400000, 0x00000000cf400000| Untracked 
|1100|0x00000000cf400000, 0x00000000cf4ffff0, 0x00000000cf500000| 99%| O|  |TAMS 0x00000000cf4ffff0, 0x00000000cf4ffff0| Untracked 
|1101|0x00000000cf500000, 0x00000000cf5ffff8, 0x00000000cf600000| 99%| O|  |TAMS 0x00000000cf5ffff8, 0x00000000cf5ffff8| Untracked 
|1102|0x00000000cf600000, 0x00000000cf6ffff8, 0x00000000cf700000| 99%| O|  |TAMS 0x00000000cf6ffff8, 0x00000000cf6ffff8| Untracked 
|1103|0x00000000cf700000, 0x00000000cf7ffff0, 0x00000000cf800000| 99%| O|  |TAMS 0x00000000cf7ffff0, 0x00000000cf7ffff0| Untracked 
|1104|0x00000000cf800000, 0x00000000cf8fffd0, 0x00000000cf900000| 99%| O|  |TAMS 0x00000000cf8fffd0, 0x00000000cf8fffd0| Untracked 
|1105|0x00000000cf900000, 0x00000000cf9ffff0, 0x00000000cfa00000| 99%| O|  |TAMS 0x00000000cf9ffff0, 0x00000000cf9ffff0| Untracked 
|1106|0x00000000cfa00000, 0x00000000cfaffff8, 0x00000000cfb00000| 99%| O|  |TAMS 0x00000000cfaffff8, 0x00000000cfaffff8| Untracked 
|1107|0x00000000cfb00000, 0x00000000cfc00000, 0x00000000cfc00000|100%| O|  |TAMS 0x00000000cfc00000, 0x00000000cfc00000| Untracked 
|1108|0x00000000cfc00000, 0x00000000cfcffff8, 0x00000000cfd00000| 99%| O|  |TAMS 0x00000000cfcffff8, 0x00000000cfcffff8| Untracked 
|1109|0x00000000cfd00000, 0x00000000cfe00000, 0x00000000cfe00000|100%| O|  |TAMS 0x00000000cfe00000, 0x00000000cfe00000| Untracked 
|1110|0x00000000cfe00000, 0x00000000cfeffff8, 0x00000000cff00000| 99%| O|  |TAMS 0x00000000cfeffff8, 0x00000000cfeffff8| Untracked 
|1111|0x00000000cff00000, 0x00000000cffffff8, 0x00000000d0000000| 99%| O|  |TAMS 0x00000000cffffff8, 0x00000000cffffff8| Untracked 
|1112|0x00000000d0000000, 0x00000000d0100000, 0x00000000d0100000|100%| O|  |TAMS 0x00000000d0100000, 0x00000000d0100000| Untracked 
|1113|0x00000000d0100000, 0x00000000d0200000, 0x00000000d0200000|100%| O|  |TAMS 0x00000000d0200000, 0x00000000d0200000| Untracked 
|1114|0x00000000d0200000, 0x00000000d02ffff8, 0x00000000d0300000| 99%| O|  |TAMS 0x00000000d02ffff8, 0x00000000d02ffff8| Untracked 
|1115|0x00000000d0300000, 0x00000000d0400000, 0x00000000d0400000|100%| O|  |TAMS 0x00000000d0400000, 0x00000000d0400000| Untracked 
|1116|0x00000000d0400000, 0x00000000d04ffff8, 0x00000000d0500000| 99%| O|  |TAMS 0x00000000d04ffff8, 0x00000000d04ffff8| Untracked 
|1117|0x00000000d0500000, 0x00000000d0600000, 0x00000000d0600000|100%| O|  |TAMS 0x00000000d0600000, 0x00000000d0600000| Untracked 
|1118|0x00000000d0600000, 0x00000000d06ffff0, 0x00000000d0700000| 99%| O|  |TAMS 0x00000000d06ffff0, 0x00000000d06ffff0| Untracked 
|1119|0x00000000d0700000, 0x00000000d07fffe8, 0x00000000d0800000| 99%| O|  |TAMS 0x00000000d07fffe8, 0x00000000d07fffe8| Untracked 
|1120|0x00000000d0800000, 0x00000000d08ffff8, 0x00000000d0900000| 99%| O|  |TAMS 0x00000000d08ffff8, 0x00000000d08ffff8| Untracked 
|1121|0x00000000d0900000, 0x00000000d0a00000, 0x00000000d0a00000|100%| O|  |TAMS 0x00000000d0a00000, 0x00000000d0a00000| Untracked 
|1122|0x00000000d0a00000, 0x00000000d0affff8, 0x00000000d0b00000| 99%| O|  |TAMS 0x00000000d0affff8, 0x00000000d0affff8| Untracked 
|1123|0x00000000d0b00000, 0x00000000d0bffff0, 0x00000000d0c00000| 99%| O|  |TAMS 0x00000000d0bffff0, 0x00000000d0bffff0| Untracked 
|1124|0x00000000d0c00000, 0x00000000d0d00000, 0x00000000d0d00000|100%| O|  |TAMS 0x00000000d0d00000, 0x00000000d0d00000| Untracked 
|1125|0x00000000d0d00000, 0x00000000d0e00000, 0x00000000d0e00000|100%| O|  |TAMS 0x00000000d0e00000, 0x00000000d0e00000| Untracked 
|1126|0x00000000d0e00000, 0x00000000d0effff8, 0x00000000d0f00000| 99%| O|  |TAMS 0x00000000d0effff8, 0x00000000d0effff8| Untracked 
|1127|0x00000000d0f00000, 0x00000000d1000000, 0x00000000d1000000|100%| O|  |TAMS 0x00000000d1000000, 0x00000000d1000000| Untracked 
|1128|0x00000000d1000000, 0x00000000d1100000, 0x00000000d1100000|100%| O|  |TAMS 0x00000000d1100000, 0x00000000d1100000| Untracked 
|1129|0x00000000d1100000, 0x00000000d11ffff0, 0x00000000d1200000| 99%| O|  |TAMS 0x00000000d11ffff0, 0x00000000d11ffff0| Untracked 
|1130|0x00000000d1200000, 0x00000000d1300000, 0x00000000d1300000|100%| O|  |TAMS 0x00000000d1300000, 0x00000000d1300000| Untracked 
|1131|0x00000000d1300000, 0x00000000d1400000, 0x00000000d1400000|100%| O|  |TAMS 0x00000000d1400000, 0x00000000d1400000| Untracked 
|1132|0x00000000d1400000, 0x00000000d1500000, 0x00000000d1500000|100%| O|  |TAMS 0x00000000d1500000, 0x00000000d1500000| Untracked 
|1133|0x00000000d1500000, 0x00000000d1600000, 0x00000000d1600000|100%| O|  |TAMS 0x00000000d1600000, 0x00000000d1600000| Untracked 
|1134|0x00000000d1600000, 0x00000000d16ffff8, 0x00000000d1700000| 99%| O|  |TAMS 0x00000000d16ffff8, 0x00000000d16ffff8| Untracked 
|1135|0x00000000d1700000, 0x00000000d17ffff0, 0x00000000d1800000| 99%| O|  |TAMS 0x00000000d17ffff0, 0x00000000d17ffff0| Untracked 
|1136|0x00000000d1800000, 0x00000000d1900000, 0x00000000d1900000|100%| O|  |TAMS 0x00000000d1900000, 0x00000000d1900000| Untracked 
|1137|0x00000000d1900000, 0x00000000d19ffff8, 0x00000000d1a00000| 99%| O|  |TAMS 0x00000000d19ffff8, 0x00000000d19ffff8| Untracked 
|1138|0x00000000d1a00000, 0x00000000d1b00000, 0x00000000d1b00000|100%| O|  |TAMS 0x00000000d1b00000, 0x00000000d1b00000| Untracked 
|1139|0x00000000d1b00000, 0x00000000d1bffff8, 0x00000000d1c00000| 99%| O|  |TAMS 0x00000000d1bffff8, 0x00000000d1bffff8| Untracked 
|1140|0x00000000d1c00000, 0x00000000d1cffff8, 0x00000000d1d00000| 99%| O|  |TAMS 0x00000000d1cffff8, 0x00000000d1cffff8| Untracked 
|1141|0x00000000d1d00000, 0x00000000d1dffff0, 0x00000000d1e00000| 99%| O|  |TAMS 0x00000000d1dffff0, 0x00000000d1dffff0| Untracked 
|1142|0x00000000d1e00000, 0x00000000d1f00000, 0x00000000d1f00000|100%| O|  |TAMS 0x00000000d1f00000, 0x00000000d1f00000| Untracked 
|1143|0x00000000d1f00000, 0x00000000d2000000, 0x00000000d2000000|100%| O|  |TAMS 0x00000000d2000000, 0x00000000d2000000| Untracked 
|1144|0x00000000d2000000, 0x00000000d20fffd0, 0x00000000d2100000| 99%| O|  |TAMS 0x00000000d20fffd0, 0x00000000d20fffd0| Untracked 
|1145|0x00000000d2100000, 0x00000000d21ffff8, 0x00000000d2200000| 99%| O|  |TAMS 0x00000000d21ffff8, 0x00000000d21ffff8| Untracked 
|1146|0x00000000d2200000, 0x00000000d22ffff0, 0x00000000d2300000| 99%| O|  |TAMS 0x00000000d22ffff0, 0x00000000d22ffff0| Untracked 
|1147|0x00000000d2300000, 0x00000000d2400000, 0x00000000d2400000|100%| O|  |TAMS 0x00000000d2400000, 0x00000000d2400000| Untracked 
|1148|0x00000000d2400000, 0x00000000d2500000, 0x00000000d2500000|100%| O|  |TAMS 0x00000000d2500000, 0x00000000d2500000| Untracked 
|1149|0x00000000d2500000, 0x00000000d25fffd8, 0x00000000d2600000| 99%| O|  |TAMS 0x00000000d25fffd8, 0x00000000d25fffd8| Untracked 
|1150|0x00000000d2600000, 0x00000000d26ffff0, 0x00000000d2700000| 99%| O|  |TAMS 0x00000000d26ffff0, 0x00000000d26ffff0| Untracked 
|1151|0x00000000d2700000, 0x00000000d2800000, 0x00000000d2800000|100%| O|  |TAMS 0x00000000d2800000, 0x00000000d2800000| Untracked 
|1152|0x00000000d2800000, 0x00000000d2900000, 0x00000000d2900000|100%| O|  |TAMS 0x00000000d2900000, 0x00000000d2900000| Untracked 
|1153|0x00000000d2900000, 0x00000000d2a00000, 0x00000000d2a00000|100%| O|  |TAMS 0x00000000d2a00000, 0x00000000d2a00000| Untracked 
|1154|0x00000000d2a00000, 0x00000000d2affff0, 0x00000000d2b00000| 99%| O|  |TAMS 0x00000000d2affff0, 0x00000000d2affff0| Untracked 
|1155|0x00000000d2b00000, 0x00000000d2bffff0, 0x00000000d2c00000| 99%| O|  |TAMS 0x00000000d2bffff0, 0x00000000d2bffff0| Untracked 
|1156|0x00000000d2c00000, 0x00000000d2d00000, 0x00000000d2d00000|100%| O|  |TAMS 0x00000000d2d00000, 0x00000000d2d00000| Untracked 
|1157|0x00000000d2d00000, 0x00000000d2e00000, 0x00000000d2e00000|100%| O|  |TAMS 0x00000000d2e00000, 0x00000000d2e00000| Untracked 
|1158|0x00000000d2e00000, 0x00000000d2effff8, 0x00000000d2f00000| 99%| O|  |TAMS 0x00000000d2effff8, 0x00000000d2effff8| Untracked 
|1159|0x00000000d2f00000, 0x00000000d2fffff0, 0x00000000d3000000| 99%| O|  |TAMS 0x00000000d2fffff0, 0x00000000d2fffff0| Untracked 
|1160|0x00000000d3000000, 0x00000000d3100000, 0x00000000d3100000|100%| O|  |TAMS 0x00000000d3100000, 0x00000000d3100000| Untracked 
|1161|0x00000000d3100000, 0x00000000d31ffff8, 0x00000000d3200000| 99%| O|  |TAMS 0x00000000d31ffff8, 0x00000000d31ffff8| Untracked 
|1162|0x00000000d3200000, 0x00000000d3300000, 0x00000000d3300000|100%| O|  |TAMS 0x00000000d3300000, 0x00000000d3300000| Untracked 
|1163|0x00000000d3300000, 0x00000000d33ffff8, 0x00000000d3400000| 99%| O|  |TAMS 0x00000000d33ffff8, 0x00000000d33ffff8| Untracked 
|1164|0x00000000d3400000, 0x00000000d3500000, 0x00000000d3500000|100%| O|  |TAMS 0x00000000d3500000, 0x00000000d3500000| Untracked 
|1165|0x00000000d3500000, 0x00000000d35fffe0, 0x00000000d3600000| 99%| O|  |TAMS 0x00000000d35fffe0, 0x00000000d35fffe0| Untracked 
|1166|0x00000000d3600000, 0x00000000d36ffff0, 0x00000000d3700000| 99%| O|  |TAMS 0x00000000d36ffff0, 0x00000000d36ffff0| Untracked 
|1167|0x00000000d3700000, 0x00000000d3800000, 0x00000000d3800000|100%| O|  |TAMS 0x00000000d3800000, 0x00000000d3800000| Untracked 
|1168|0x00000000d3800000, 0x00000000d38ffff8, 0x00000000d3900000| 99%| O|  |TAMS 0x00000000d38ffff8, 0x00000000d38ffff8| Untracked 
|1169|0x00000000d3900000, 0x00000000d3a00000, 0x00000000d3a00000|100%| O|  |TAMS 0x00000000d3a00000, 0x00000000d3a00000| Untracked 
|1170|0x00000000d3a00000, 0x00000000d3afffd8, 0x00000000d3b00000| 99%| O|  |TAMS 0x00000000d3afffd8, 0x00000000d3afffd8| Untracked 
|1171|0x00000000d3b00000, 0x00000000d3bffff0, 0x00000000d3c00000| 99%| O|  |TAMS 0x00000000d3bffff0, 0x00000000d3bffff0| Untracked 
|1172|0x00000000d3c00000, 0x00000000d3cffff8, 0x00000000d3d00000| 99%| O|  |TAMS 0x00000000d3cffff8, 0x00000000d3cffff8| Untracked 
|1173|0x00000000d3d00000, 0x00000000d3e00000, 0x00000000d3e00000|100%| O|  |TAMS 0x00000000d3e00000, 0x00000000d3e00000| Untracked 
|1174|0x00000000d3e00000, 0x00000000d3effff8, 0x00000000d3f00000| 99%| O|  |TAMS 0x00000000d3effff8, 0x00000000d3effff8| Untracked 
|1175|0x00000000d3f00000, 0x00000000d3fffff0, 0x00000000d4000000| 99%| O|  |TAMS 0x00000000d3fffff0, 0x00000000d3fffff0| Untracked 
|1176|0x00000000d4000000, 0x00000000d40ffff8, 0x00000000d4100000| 99%| O|  |TAMS 0x00000000d40ffff8, 0x00000000d40ffff8| Untracked 
|1177|0x00000000d4100000, 0x00000000d4200000, 0x00000000d4200000|100%| O|  |TAMS 0x00000000d4200000, 0x00000000d4200000| Untracked 
|1178|0x00000000d4200000, 0x00000000d4300000, 0x00000000d4300000|100%| O|  |TAMS 0x00000000d4300000, 0x00000000d4300000| Untracked 
|1179|0x00000000d4300000, 0x00000000d4400000, 0x00000000d4400000|100%| O|  |TAMS 0x00000000d4400000, 0x00000000d4400000| Untracked 
|1180|0x00000000d4400000, 0x00000000d44fffe0, 0x00000000d4500000| 99%| O|  |TAMS 0x00000000d44fffe0, 0x00000000d44fffe0| Untracked 
|1181|0x00000000d4500000, 0x00000000d45ffff8, 0x00000000d4600000| 99%| O|  |TAMS 0x00000000d45ffff8, 0x00000000d45ffff8| Untracked 
|1182|0x00000000d4600000, 0x00000000d46ffff8, 0x00000000d4700000| 99%| O|  |TAMS 0x00000000d46ffff8, 0x00000000d46ffff8| Untracked 
|1183|0x00000000d4700000, 0x00000000d4800000, 0x00000000d4800000|100%| O|  |TAMS 0x00000000d4800000, 0x00000000d4800000| Untracked 
|1184|0x00000000d4800000, 0x00000000d4900000, 0x00000000d4900000|100%| O|  |TAMS 0x00000000d4900000, 0x00000000d4900000| Untracked 
|1185|0x00000000d4900000, 0x00000000d4a00000, 0x00000000d4a00000|100%| O|  |TAMS 0x00000000d4a00000, 0x00000000d4a00000| Untracked 
|1186|0x00000000d4a00000, 0x00000000d4b00000, 0x00000000d4b00000|100%| O|  |TAMS 0x00000000d4b00000, 0x00000000d4b00000| Untracked 
|1187|0x00000000d4b00000, 0x00000000d4bffff8, 0x00000000d4c00000| 99%| O|  |TAMS 0x00000000d4bffff8, 0x00000000d4bffff8| Untracked 
|1188|0x00000000d4c00000, 0x00000000d4cffff0, 0x00000000d4d00000| 99%| O|  |TAMS 0x00000000d4cffff0, 0x00000000d4cffff0| Untracked 
|1189|0x00000000d4d00000, 0x00000000d4e00000, 0x00000000d4e00000|100%| O|  |TAMS 0x00000000d4e00000, 0x00000000d4e00000| Untracked 
|1190|0x00000000d4e00000, 0x00000000d4effff0, 0x00000000d4f00000| 99%| O|  |TAMS 0x00000000d4effff0, 0x00000000d4effff0| Untracked 
|1191|0x00000000d4f00000, 0x00000000d4fffff8, 0x00000000d5000000| 99%| O|  |TAMS 0x00000000d4fffff8, 0x00000000d4fffff8| Untracked 
|1192|0x00000000d5000000, 0x00000000d50ffff8, 0x00000000d5100000| 99%| O|  |TAMS 0x00000000d50ffff8, 0x00000000d50ffff8| Untracked 
|1193|0x00000000d5100000, 0x00000000d51ffff0, 0x00000000d5200000| 99%| O|  |TAMS 0x00000000d51ffff0, 0x00000000d51ffff0| Untracked 
|1194|0x00000000d5200000, 0x00000000d5300000, 0x00000000d5300000|100%| O|  |TAMS 0x00000000d5300000, 0x00000000d5300000| Untracked 
|1195|0x00000000d5300000, 0x00000000d53ffff0, 0x00000000d5400000| 99%| O|  |TAMS 0x00000000d53ffff0, 0x00000000d53ffff0| Untracked 
|1196|0x00000000d5400000, 0x00000000d5500000, 0x00000000d5500000|100%| O|  |TAMS 0x00000000d5500000, 0x00000000d5500000| Untracked 
|1197|0x00000000d5500000, 0x00000000d55fff18, 0x00000000d5600000| 99%| O|  |TAMS 0x00000000d55fff18, 0x00000000d55fff18| Untracked 
|1198|0x00000000d5600000, 0x00000000d5700000, 0x00000000d5700000|100%| O|  |TAMS 0x00000000d5700000, 0x00000000d5700000| Untracked 
|1199|0x00000000d5700000, 0x00000000d5800000, 0x00000000d5800000|100%| O|  |TAMS 0x00000000d5800000, 0x00000000d5800000| Untracked 
|1200|0x00000000d5800000, 0x00000000d58ffff8, 0x00000000d5900000| 99%| O|  |TAMS 0x00000000d58ffff8, 0x00000000d58ffff8| Untracked 
|1201|0x00000000d5900000, 0x00000000d5a00000, 0x00000000d5a00000|100%| O|  |TAMS 0x00000000d5a00000, 0x00000000d5a00000| Untracked 
|1202|0x00000000d5a00000, 0x00000000d5b00000, 0x00000000d5b00000|100%| O|  |TAMS 0x00000000d5b00000, 0x00000000d5b00000| Untracked 
|1203|0x00000000d5b00000, 0x00000000d5bffff0, 0x00000000d5c00000| 99%| O|  |TAMS 0x00000000d5bffff0, 0x00000000d5bffff0| Untracked 
|1204|0x00000000d5c00000, 0x00000000d5cffff0, 0x00000000d5d00000| 99%| O|  |TAMS 0x00000000d5cffff0, 0x00000000d5cffff0| Untracked 
|1205|0x00000000d5d00000, 0x00000000d5dffff8, 0x00000000d5e00000| 99%| O|  |TAMS 0x00000000d5dffff8, 0x00000000d5dffff8| Untracked 
|1206|0x00000000d5e00000, 0x00000000d5effff0, 0x00000000d5f00000| 99%| O|  |TAMS 0x00000000d5effff0, 0x00000000d5effff0| Untracked 
|1207|0x00000000d5f00000, 0x00000000d6000000, 0x00000000d6000000|100%| O|  |TAMS 0x00000000d6000000, 0x00000000d6000000| Untracked 
|1208|0x00000000d6000000, 0x00000000d6100000, 0x00000000d6100000|100%| O|  |TAMS 0x00000000d6100000, 0x00000000d6100000| Untracked 
|1209|0x00000000d6100000, 0x00000000d61ffff8, 0x00000000d6200000| 99%| O|  |TAMS 0x00000000d61ffff8, 0x00000000d61ffff8| Untracked 
|1210|0x00000000d6200000, 0x00000000d6300000, 0x00000000d6300000|100%| O|  |TAMS 0x00000000d6300000, 0x00000000d6300000| Untracked 
|1211|0x00000000d6300000, 0x00000000d63fffc8, 0x00000000d6400000| 99%| O|  |TAMS 0x00000000d63fffc8, 0x00000000d63fffc8| Untracked 
|1212|0x00000000d6400000, 0x00000000d6500000, 0x00000000d6500000|100%| O|  |TAMS 0x00000000d6500000, 0x00000000d6500000| Untracked 
|1213|0x00000000d6500000, 0x00000000d65ffff8, 0x00000000d6600000| 99%| O|  |TAMS 0x00000000d65ffff8, 0x00000000d65ffff8| Untracked 
|1214|0x00000000d6600000, 0x00000000d66ffff8, 0x00000000d6700000| 99%| O|  |TAMS 0x00000000d66ffff8, 0x00000000d66ffff8| Untracked 
|1215|0x00000000d6700000, 0x00000000d6800000, 0x00000000d6800000|100%| O|  |TAMS 0x00000000d6800000, 0x00000000d6800000| Untracked 
|1216|0x00000000d6800000, 0x00000000d68fffd0, 0x00000000d6900000| 99%| O|  |TAMS 0x00000000d68fffd0, 0x00000000d68fffd0| Untracked 
|1217|0x00000000d6900000, 0x00000000d6a00000, 0x00000000d6a00000|100%| O|  |TAMS 0x00000000d6a00000, 0x00000000d6a00000| Untracked 
|1218|0x00000000d6a00000, 0x00000000d6affff8, 0x00000000d6b00000| 99%| O|  |TAMS 0x00000000d6affff8, 0x00000000d6affff8| Untracked 
|1219|0x00000000d6b00000, 0x00000000d6bffff8, 0x00000000d6c00000| 99%| O|  |TAMS 0x00000000d6bffff8, 0x00000000d6bffff8| Untracked 
|1220|0x00000000d6c00000, 0x00000000d6cfff60, 0x00000000d6d00000| 99%| O|  |TAMS 0x00000000d6cfff60, 0x00000000d6cfff60| Untracked 
|1221|0x00000000d6d00000, 0x00000000d6dffff8, 0x00000000d6e00000| 99%| O|  |TAMS 0x00000000d6dffff8, 0x00000000d6dffff8| Untracked 
|1222|0x00000000d6e00000, 0x00000000d6effff8, 0x00000000d6f00000| 99%| O|  |TAMS 0x00000000d6effff8, 0x00000000d6effff8| Untracked 
|1223|0x00000000d6f00000, 0x00000000d7000000, 0x00000000d7000000|100%| O|  |TAMS 0x00000000d7000000, 0x00000000d7000000| Untracked 
|1224|0x00000000d7000000, 0x00000000d7100000, 0x00000000d7100000|100%| O|  |TAMS 0x00000000d7100000, 0x00000000d7100000| Untracked 
|1225|0x00000000d7100000, 0x00000000d7200000, 0x00000000d7200000|100%| O|  |TAMS 0x00000000d7200000, 0x00000000d7200000| Untracked 
|1226|0x00000000d7200000, 0x00000000d72fffd0, 0x00000000d7300000| 99%| O|  |TAMS 0x00000000d72fffd0, 0x00000000d72fffd0| Untracked 
|1227|0x00000000d7300000, 0x00000000d73ffff0, 0x00000000d7400000| 99%| O|  |TAMS 0x00000000d73ffff0, 0x00000000d73ffff0| Untracked 
|1228|0x00000000d7400000, 0x00000000d74ffff0, 0x00000000d7500000| 99%| O|  |TAMS 0x00000000d74ffff0, 0x00000000d74ffff0| Untracked 
|1229|0x00000000d7500000, 0x00000000d75ffff8, 0x00000000d7600000| 99%| O|  |TAMS 0x00000000d75ffff8, 0x00000000d75ffff8| Untracked 
|1230|0x00000000d7600000, 0x00000000d76ffff8, 0x00000000d7700000| 99%| O|  |TAMS 0x00000000d76ffff8, 0x00000000d76ffff8| Untracked 
|1231|0x00000000d7700000, 0x00000000d77ffff0, 0x00000000d7800000| 99%| O|  |TAMS 0x00000000d77ffff0, 0x00000000d77ffff0| Untracked 
|1232|0x00000000d7800000, 0x00000000d78ffff0, 0x00000000d7900000| 99%| O|  |TAMS 0x00000000d78ffff0, 0x00000000d78ffff0| Untracked 
|1233|0x00000000d7900000, 0x00000000d79fffd8, 0x00000000d7a00000| 99%| O|  |TAMS 0x00000000d79fffd8, 0x00000000d79fffd8| Untracked 
|1234|0x00000000d7a00000, 0x00000000d7affff0, 0x00000000d7b00000| 99%| O|  |TAMS 0x00000000d7affff0, 0x00000000d7affff0| Untracked 
|1235|0x00000000d7b00000, 0x00000000d7bffff8, 0x00000000d7c00000| 99%| O|  |TAMS 0x00000000d7bffff8, 0x00000000d7bffff8| Untracked 
|1236|0x00000000d7c00000, 0x00000000d7cffff0, 0x00000000d7d00000| 99%| O|  |TAMS 0x00000000d7cffff0, 0x00000000d7cffff0| Untracked 
|1237|0x00000000d7d00000, 0x00000000d7dffff8, 0x00000000d7e00000| 99%| O|  |TAMS 0x00000000d7dffff8, 0x00000000d7dffff8| Untracked 
|1238|0x00000000d7e00000, 0x00000000d7effff0, 0x00000000d7f00000| 99%| O|  |TAMS 0x00000000d7effff0, 0x00000000d7effff0| Untracked 
|1239|0x00000000d7f00000, 0x00000000d8000000, 0x00000000d8000000|100%| O|  |TAMS 0x00000000d8000000, 0x00000000d8000000| Untracked 
|1240|0x00000000d8000000, 0x00000000d80ffff8, 0x00000000d8100000| 99%| O|  |TAMS 0x00000000d80ffff8, 0x00000000d80ffff8| Untracked 
|1241|0x00000000d8100000, 0x00000000d81ffff8, 0x00000000d8200000| 99%| O|  |TAMS 0x00000000d81ffff8, 0x00000000d81ffff8| Untracked 
|1242|0x00000000d8200000, 0x00000000d82ffff0, 0x00000000d8300000| 99%| O|  |TAMS 0x00000000d82ffff0, 0x00000000d82ffff0| Untracked 
|1243|0x00000000d8300000, 0x00000000d83ffff0, 0x00000000d8400000| 99%| O|  |TAMS 0x00000000d83ffff0, 0x00000000d83ffff0| Untracked 
|1244|0x00000000d8400000, 0x00000000d84ffff0, 0x00000000d8500000| 99%| O|  |TAMS 0x00000000d84ffff0, 0x00000000d84ffff0| Untracked 
|1245|0x00000000d8500000, 0x00000000d85ffff8, 0x00000000d8600000| 99%| O|  |TAMS 0x00000000d85ffff8, 0x00000000d85ffff8| Untracked 
|1246|0x00000000d8600000, 0x00000000d8700000, 0x00000000d8700000|100%| O|  |TAMS 0x00000000d8700000, 0x00000000d8700000| Untracked 
|1247|0x00000000d8700000, 0x00000000d87ffff8, 0x00000000d8800000| 99%| O|  |TAMS 0x00000000d87ffff8, 0x00000000d87ffff8| Untracked 
|1248|0x00000000d8800000, 0x00000000d8900000, 0x00000000d8900000|100%| O|  |TAMS 0x00000000d8900000, 0x00000000d8900000| Untracked 
|1249|0x00000000d8900000, 0x00000000d89ffff8, 0x00000000d8a00000| 99%| O|  |TAMS 0x00000000d89ffff8, 0x00000000d89ffff8| Untracked 
|1250|0x00000000d8a00000, 0x00000000d8b00000, 0x00000000d8b00000|100%| O|  |TAMS 0x00000000d8b00000, 0x00000000d8b00000| Untracked 
|1251|0x00000000d8b00000, 0x00000000d8c00000, 0x00000000d8c00000|100%| O|  |TAMS 0x00000000d8c00000, 0x00000000d8c00000| Untracked 
|1252|0x00000000d8c00000, 0x00000000d8d00000, 0x00000000d8d00000|100%| O|  |TAMS 0x00000000d8d00000, 0x00000000d8d00000| Untracked 
|1253|0x00000000d8d00000, 0x00000000d8e00000, 0x00000000d8e00000|100%| O|  |TAMS 0x00000000d8e00000, 0x00000000d8e00000| Untracked 
|1254|0x00000000d8e00000, 0x00000000d8effff0, 0x00000000d8f00000| 99%| O|  |TAMS 0x00000000d8effff0, 0x00000000d8effff0| Untracked 
|1255|0x00000000d8f00000, 0x00000000d8fffff8, 0x00000000d9000000| 99%| O|  |TAMS 0x00000000d8fffff8, 0x00000000d8fffff8| Untracked 
|1256|0x00000000d9000000, 0x00000000d9100000, 0x00000000d9100000|100%| O|  |TAMS 0x00000000d9100000, 0x00000000d9100000| Untracked 
|1257|0x00000000d9100000, 0x00000000d9200000, 0x00000000d9200000|100%| O|  |TAMS 0x00000000d9200000, 0x00000000d9200000| Untracked 
|1258|0x00000000d9200000, 0x00000000d92ffff8, 0x00000000d9300000| 99%| O|  |TAMS 0x00000000d92ffff8, 0x00000000d92ffff8| Untracked 
|1259|0x00000000d9300000, 0x00000000d93ffff0, 0x00000000d9400000| 99%| O|  |TAMS 0x00000000d93ffff0, 0x00000000d93ffff0| Untracked 
|1260|0x00000000d9400000, 0x00000000d9500000, 0x00000000d9500000|100%| O|  |TAMS 0x00000000d9500000, 0x00000000d9500000| Untracked 
|1261|0x00000000d9500000, 0x00000000d95ffff8, 0x00000000d9600000| 99%| O|  |TAMS 0x00000000d95ffff8, 0x00000000d95ffff8| Untracked 
|1262|0x00000000d9600000, 0x00000000d9700000, 0x00000000d9700000|100%| O|  |TAMS 0x00000000d9700000, 0x00000000d9700000| Untracked 
|1263|0x00000000d9700000, 0x00000000d97fff90, 0x00000000d9800000| 99%| O|  |TAMS 0x00000000d97fff90, 0x00000000d97fff90| Untracked 
|1264|0x00000000d9800000, 0x00000000d98ffff0, 0x00000000d9900000| 99%| O|  |TAMS 0x00000000d98ffff0, 0x00000000d98ffff0| Untracked 
|1265|0x00000000d9900000, 0x00000000d9a00000, 0x00000000d9a00000|100%| O|  |TAMS 0x00000000d9a00000, 0x00000000d9a00000| Untracked 
|1266|0x00000000d9a00000, 0x00000000d9affff8, 0x00000000d9b00000| 99%| O|  |TAMS 0x00000000d9affff8, 0x00000000d9affff8| Untracked 
|1267|0x00000000d9b00000, 0x00000000d9bffff0, 0x00000000d9c00000| 99%| O|  |TAMS 0x00000000d9bffff0, 0x00000000d9bffff0| Untracked 
|1268|0x00000000d9c00000, 0x00000000d9cffff8, 0x00000000d9d00000| 99%| O|  |TAMS 0x00000000d9cffff8, 0x00000000d9cffff8| Untracked 
|1269|0x00000000d9d00000, 0x00000000d9dffff0, 0x00000000d9e00000| 99%| O|  |TAMS 0x00000000d9dffff0, 0x00000000d9dffff0| Untracked 
|1270|0x00000000d9e00000, 0x00000000d9f00000, 0x00000000d9f00000|100%| O|  |TAMS 0x00000000d9f00000, 0x00000000d9f00000| Untracked 
|1271|0x00000000d9f00000, 0x00000000d9fffff8, 0x00000000da000000| 99%| O|  |TAMS 0x00000000d9fffff8, 0x00000000d9fffff8| Untracked 
|1272|0x00000000da000000, 0x00000000da100000, 0x00000000da100000|100%| O|  |TAMS 0x00000000da100000, 0x00000000da100000| Untracked 
|1273|0x00000000da100000, 0x00000000da200000, 0x00000000da200000|100%| O|  |TAMS 0x00000000da200000, 0x00000000da200000| Untracked 
|1274|0x00000000da200000, 0x00000000da2ffff8, 0x00000000da300000| 99%| O|  |TAMS 0x00000000da2ffff8, 0x00000000da2ffff8| Untracked 
|1275|0x00000000da300000, 0x00000000da3ffff0, 0x00000000da400000| 99%| O|  |TAMS 0x00000000da3ffff0, 0x00000000da3ffff0| Untracked 
|1276|0x00000000da400000, 0x00000000da500000, 0x00000000da500000|100%| O|  |TAMS 0x00000000da500000, 0x00000000da500000| Untracked 
|1277|0x00000000da500000, 0x00000000da5ffff0, 0x00000000da600000| 99%| O|  |TAMS 0x00000000da5ffff0, 0x00000000da5ffff0| Untracked 
|1278|0x00000000da600000, 0x00000000da700000, 0x00000000da700000|100%| O|  |TAMS 0x00000000da700000, 0x00000000da700000| Untracked 
|1279|0x00000000da700000, 0x00000000da800000, 0x00000000da800000|100%| O|  |TAMS 0x00000000da800000, 0x00000000da800000| Untracked 
|1280|0x00000000da800000, 0x00000000da8ffff8, 0x00000000da900000| 99%| O|  |TAMS 0x00000000da8ffff8, 0x00000000da8ffff8| Untracked 
|1281|0x00000000da900000, 0x00000000daa00000, 0x00000000daa00000|100%| O|  |TAMS 0x00000000daa00000, 0x00000000daa00000| Untracked 
|1282|0x00000000daa00000, 0x00000000daaffff8, 0x00000000dab00000| 99%| O|  |TAMS 0x00000000daaffff8, 0x00000000daaffff8| Untracked 
|1283|0x00000000dab00000, 0x00000000dabffff8, 0x00000000dac00000| 99%| O|  |TAMS 0x00000000dabffff8, 0x00000000dabffff8| Untracked 
|1284|0x00000000dac00000, 0x00000000dacffff0, 0x00000000dad00000| 99%| O|  |TAMS 0x00000000dacffff0, 0x00000000dacffff0| Untracked 
|1285|0x00000000dad00000, 0x00000000dadffff0, 0x00000000dae00000| 99%| O|  |TAMS 0x00000000dadffff0, 0x00000000dadffff0| Untracked 
|1286|0x00000000dae00000, 0x00000000daeffff0, 0x00000000daf00000| 99%| O|  |TAMS 0x00000000daeffff0, 0x00000000daeffff0| Untracked 
|1287|0x00000000daf00000, 0x00000000dafffff0, 0x00000000db000000| 99%| O|  |TAMS 0x00000000dafffff0, 0x00000000dafffff0| Untracked 
|1288|0x00000000db000000, 0x00000000db0ffff0, 0x00000000db100000| 99%| O|  |TAMS 0x00000000db0ffff0, 0x00000000db0ffff0| Untracked 
|1289|0x00000000db100000, 0x00000000db200000, 0x00000000db200000|100%| O|  |TAMS 0x00000000db200000, 0x00000000db200000| Untracked 
|1290|0x00000000db200000, 0x00000000db300000, 0x00000000db300000|100%| O|  |TAMS 0x00000000db300000, 0x00000000db300000| Untracked 
|1291|0x00000000db300000, 0x00000000db3fffd0, 0x00000000db400000| 99%| O|  |TAMS 0x00000000db3fffd0, 0x00000000db3fffd0| Untracked 
|1292|0x00000000db400000, 0x00000000db4ffff0, 0x00000000db500000| 99%| O|  |TAMS 0x00000000db4ffff0, 0x00000000db4ffff0| Untracked 
|1293|0x00000000db500000, 0x00000000db5ffff8, 0x00000000db600000| 99%| O|  |TAMS 0x00000000db5ffff8, 0x00000000db5ffff8| Untracked 
|1294|0x00000000db600000, 0x00000000db700000, 0x00000000db700000|100%| O|  |TAMS 0x00000000db700000, 0x00000000db700000| Untracked 
|1295|0x00000000db700000, 0x00000000db800000, 0x00000000db800000|100%| O|  |TAMS 0x00000000db800000, 0x00000000db800000| Untracked 
|1296|0x00000000db800000, 0x00000000db900000, 0x00000000db900000|100%| O|  |TAMS 0x00000000db900000, 0x00000000db900000| Untracked 
|1297|0x00000000db900000, 0x00000000dba00000, 0x00000000dba00000|100%| O|  |TAMS 0x00000000dba00000, 0x00000000dba00000| Untracked 
|1298|0x00000000dba00000, 0x00000000dbb00000, 0x00000000dbb00000|100%| O|  |TAMS 0x00000000dbb00000, 0x00000000dbb00000| Untracked 
|1299|0x00000000dbb00000, 0x00000000dbbffff8, 0x00000000dbc00000| 99%| O|  |TAMS 0x00000000dbbffff8, 0x00000000dbbffff8| Untracked 
|1300|0x00000000dbc00000, 0x00000000dbd00000, 0x00000000dbd00000|100%| O|  |TAMS 0x00000000dbd00000, 0x00000000dbd00000| Untracked 
|1301|0x00000000dbd00000, 0x00000000dbdffff8, 0x00000000dbe00000| 99%| O|  |TAMS 0x00000000dbdffff8, 0x00000000dbdffff8| Untracked 
|1302|0x00000000dbe00000, 0x00000000dbf00000, 0x00000000dbf00000|100%| O|  |TAMS 0x00000000dbf00000, 0x00000000dbf00000| Untracked 
|1303|0x00000000dbf00000, 0x00000000dc000000, 0x00000000dc000000|100%| O|  |TAMS 0x00000000dc000000, 0x00000000dc000000| Untracked 
|1304|0x00000000dc000000, 0x00000000dc0ffff8, 0x00000000dc100000| 99%| O|  |TAMS 0x00000000dc0ffff8, 0x00000000dc0ffff8| Untracked 
|1305|0x00000000dc100000, 0x00000000dc200000, 0x00000000dc200000|100%| O|  |TAMS 0x00000000dc200000, 0x00000000dc200000| Untracked 
|1306|0x00000000dc200000, 0x00000000dc300000, 0x00000000dc300000|100%| O|  |TAMS 0x00000000dc300000, 0x00000000dc300000| Untracked 
|1307|0x00000000dc300000, 0x00000000dc3ffff8, 0x00000000dc400000| 99%| O|  |TAMS 0x00000000dc3ffff8, 0x00000000dc3ffff8| Untracked 
|1308|0x00000000dc400000, 0x00000000dc4ffff0, 0x00000000dc500000| 99%| O|  |TAMS 0x00000000dc4ffff0, 0x00000000dc4ffff0| Untracked 
|1309|0x00000000dc500000, 0x00000000dc5ffff0, 0x00000000dc600000| 99%| O|  |TAMS 0x00000000dc5ffff0, 0x00000000dc5ffff0| Untracked 
|1310|0x00000000dc600000, 0x00000000dc6fffe0, 0x00000000dc700000| 99%| O|  |TAMS 0x00000000dc6fffe0, 0x00000000dc6fffe0| Untracked 
|1311|0x00000000dc700000, 0x00000000dc800000, 0x00000000dc800000|100%| O|  |TAMS 0x00000000dc800000, 0x00000000dc800000| Untracked 
|1312|0x00000000dc800000, 0x00000000dc8ffff0, 0x00000000dc900000| 99%| O|  |TAMS 0x00000000dc8ffff0, 0x00000000dc8ffff0| Untracked 
|1313|0x00000000dc900000, 0x00000000dc9ffff8, 0x00000000dca00000| 99%| O|  |TAMS 0x00000000dc9ffff8, 0x00000000dc9ffff8| Untracked 
|1314|0x00000000dca00000, 0x00000000dcb00000, 0x00000000dcb00000|100%| O|  |TAMS 0x00000000dcb00000, 0x00000000dcb00000| Untracked 
|1315|0x00000000dcb00000, 0x00000000dcbfffd8, 0x00000000dcc00000| 99%| O|  |TAMS 0x00000000dcbfffd8, 0x00000000dcbfffd8| Untracked 
|1316|0x00000000dcc00000, 0x00000000dccfffd0, 0x00000000dcd00000| 99%| O|  |TAMS 0x00000000dccfffd0, 0x00000000dccfffd0| Untracked 
|1317|0x00000000dcd00000, 0x00000000dcdffff0, 0x00000000dce00000| 99%| O|  |TAMS 0x00000000dcdffff0, 0x00000000dcdffff0| Untracked 
|1318|0x00000000dce00000, 0x00000000dcefffe8, 0x00000000dcf00000| 99%| O|  |TAMS 0x00000000dcefffe8, 0x00000000dcefffe8| Untracked 
|1319|0x00000000dcf00000, 0x00000000dcfffff0, 0x00000000dd000000| 99%| O|  |TAMS 0x00000000dcfffff0, 0x00000000dcfffff0| Untracked 
|1320|0x00000000dd000000, 0x00000000dd100000, 0x00000000dd100000|100%| O|  |TAMS 0x00000000dd100000, 0x00000000dd100000| Untracked 
|1321|0x00000000dd100000, 0x00000000dd200000, 0x00000000dd200000|100%| O|  |TAMS 0x00000000dd200000, 0x00000000dd200000| Untracked 
|1322|0x00000000dd200000, 0x00000000dd300000, 0x00000000dd300000|100%| O|  |TAMS 0x00000000dd300000, 0x00000000dd300000| Untracked 
|1323|0x00000000dd300000, 0x00000000dd400000, 0x00000000dd400000|100%| O|  |TAMS 0x00000000dd400000, 0x00000000dd400000| Untracked 
|1324|0x00000000dd400000, 0x00000000dd500000, 0x00000000dd500000|100%| O|  |TAMS 0x00000000dd500000, 0x00000000dd500000| Untracked 
|1325|0x00000000dd500000, 0x00000000dd600000, 0x00000000dd600000|100%| O|  |TAMS 0x00000000dd600000, 0x00000000dd600000| Untracked 
|1326|0x00000000dd600000, 0x00000000dd6ffff8, 0x00000000dd700000| 99%| O|  |TAMS 0x00000000dd6ffff8, 0x00000000dd6ffff8| Untracked 
|1327|0x00000000dd700000, 0x00000000dd7ffff0, 0x00000000dd800000| 99%| O|  |TAMS 0x00000000dd7ffff0, 0x00000000dd7ffff0| Untracked 
|1328|0x00000000dd800000, 0x00000000dd8ffff0, 0x00000000dd900000| 99%| O|  |TAMS 0x00000000dd8ffff0, 0x00000000dd8ffff0| Untracked 
|1329|0x00000000dd900000, 0x00000000dda00000, 0x00000000dda00000|100%| O|  |TAMS 0x00000000dda00000, 0x00000000dda00000| Untracked 
|1330|0x00000000dda00000, 0x00000000ddaffff0, 0x00000000ddb00000| 99%| O|  |TAMS 0x00000000ddaffff0, 0x00000000ddaffff0| Untracked 
|1331|0x00000000ddb00000, 0x00000000ddbffff8, 0x00000000ddc00000| 99%| O|  |TAMS 0x00000000ddbffff8, 0x00000000ddbffff8| Untracked 
|1332|0x00000000ddc00000, 0x00000000ddcffff8, 0x00000000ddd00000| 99%| O|  |TAMS 0x00000000ddcffff8, 0x00000000ddcffff8| Untracked 
|1333|0x00000000ddd00000, 0x00000000dde00000, 0x00000000dde00000|100%| O|  |TAMS 0x00000000dde00000, 0x00000000dde00000| Untracked 
|1334|0x00000000dde00000, 0x00000000ddeffff0, 0x00000000ddf00000| 99%| O|  |TAMS 0x00000000ddeffff0, 0x00000000ddeffff0| Untracked 
|1335|0x00000000ddf00000, 0x00000000de000000, 0x00000000de000000|100%| O|  |TAMS 0x00000000de000000, 0x00000000de000000| Untracked 
|1336|0x00000000de000000, 0x00000000de100000, 0x00000000de100000|100%| O|  |TAMS 0x00000000de100000, 0x00000000de100000| Untracked 
|1337|0x00000000de100000, 0x00000000de1ffff8, 0x00000000de200000| 99%| O|  |TAMS 0x00000000de1ffff8, 0x00000000de1ffff8| Untracked 
|1338|0x00000000de200000, 0x00000000de2fffe8, 0x00000000de300000| 99%| O|  |TAMS 0x00000000de2fffe8, 0x00000000de2fffe8| Untracked 
|1339|0x00000000de300000, 0x00000000de400000, 0x00000000de400000|100%| O|  |TAMS 0x00000000de400000, 0x00000000de400000| Untracked 
|1340|0x00000000de400000, 0x00000000de4ffff0, 0x00000000de500000| 99%| O|  |TAMS 0x00000000de4ffff0, 0x00000000de4ffff0| Untracked 
|1341|0x00000000de500000, 0x00000000de600000, 0x00000000de600000|100%| O|  |TAMS 0x00000000de600000, 0x00000000de600000| Untracked 
|1342|0x00000000de600000, 0x00000000de700000, 0x00000000de700000|100%| O|  |TAMS 0x00000000de700000, 0x00000000de700000| Untracked 
|1343|0x00000000de700000, 0x00000000de7fffa8, 0x00000000de800000| 99%| O|  |TAMS 0x00000000de7fffa8, 0x00000000de7fffa8| Untracked 
|1344|0x00000000de800000, 0x00000000de8ffff0, 0x00000000de900000| 99%| O|  |TAMS 0x00000000de8ffff0, 0x00000000de8ffff0| Untracked 
|1345|0x00000000de900000, 0x00000000de9ffff0, 0x00000000dea00000| 99%| O|  |TAMS 0x00000000de9ffff0, 0x00000000de9ffff0| Untracked 
|1346|0x00000000dea00000, 0x00000000deaffff8, 0x00000000deb00000| 99%| O|  |TAMS 0x00000000deaffff8, 0x00000000deaffff8| Untracked 
|1347|0x00000000deb00000, 0x00000000debffff0, 0x00000000dec00000| 99%| O|  |TAMS 0x00000000debffff0, 0x00000000debffff0| Untracked 
|1348|0x00000000dec00000, 0x00000000decffff0, 0x00000000ded00000| 99%| O|  |TAMS 0x00000000decffff0, 0x00000000decffff0| Untracked 
|1349|0x00000000ded00000, 0x00000000dedffff8, 0x00000000dee00000| 99%| O|  |TAMS 0x00000000dedffff8, 0x00000000dedffff8| Untracked 
|1350|0x00000000dee00000, 0x00000000def00000, 0x00000000def00000|100%| O|  |TAMS 0x00000000def00000, 0x00000000def00000| Untracked 
|1351|0x00000000def00000, 0x00000000defffff0, 0x00000000df000000| 99%| O|  |TAMS 0x00000000defffff0, 0x00000000defffff0| Untracked 
|1352|0x00000000df000000, 0x00000000df100000, 0x00000000df100000|100%| O|  |TAMS 0x00000000df100000, 0x00000000df100000| Untracked 
|1353|0x00000000df100000, 0x00000000df200000, 0x00000000df200000|100%| O|  |TAMS 0x00000000df200000, 0x00000000df200000| Untracked 
|1354|0x00000000df200000, 0x00000000df300000, 0x00000000df300000|100%| O|  |TAMS 0x00000000df300000, 0x00000000df300000| Untracked 
|1355|0x00000000df300000, 0x00000000df3ffff0, 0x00000000df400000| 99%| O|  |TAMS 0x00000000df3ffff0, 0x00000000df3ffff0| Untracked 
|1356|0x00000000df400000, 0x00000000df4ffff8, 0x00000000df500000| 99%| O|  |TAMS 0x00000000df4ffff8, 0x00000000df4ffff8| Untracked 
|1357|0x00000000df500000, 0x00000000df5fffe8, 0x00000000df600000| 99%| O|  |TAMS 0x00000000df5fffe8, 0x00000000df5fffe8| Untracked 
|1358|0x00000000df600000, 0x00000000df700000, 0x00000000df700000|100%| O|  |TAMS 0x00000000df700000, 0x00000000df700000| Untracked 
|1359|0x00000000df700000, 0x00000000df7ffff8, 0x00000000df800000| 99%| O|  |TAMS 0x00000000df7ffff8, 0x00000000df7ffff8| Untracked 
|1360|0x00000000df800000, 0x00000000df900000, 0x00000000df900000|100%| O|  |TAMS 0x00000000df900000, 0x00000000df900000| Untracked 
|1361|0x00000000df900000, 0x00000000df9ffff0, 0x00000000dfa00000| 99%| O|  |TAMS 0x00000000df9ffff0, 0x00000000df9ffff0| Untracked 
|1362|0x00000000dfa00000, 0x00000000dfafffe0, 0x00000000dfb00000| 99%| O|  |TAMS 0x00000000dfafffe0, 0x00000000dfafffe0| Untracked 
|1363|0x00000000dfb00000, 0x00000000dfbffff8, 0x00000000dfc00000| 99%| O|  |TAMS 0x00000000dfbffff8, 0x00000000dfbffff8| Untracked 
|1364|0x00000000dfc00000, 0x00000000dfd00000, 0x00000000dfd00000|100%| O|  |TAMS 0x00000000dfd00000, 0x00000000dfd00000| Untracked 
|1365|0x00000000dfd00000, 0x00000000dfdffff0, 0x00000000dfe00000| 99%| O|  |TAMS 0x00000000dfdffff0, 0x00000000dfdffff0| Untracked 
|1366|0x00000000dfe00000, 0x00000000dff00000, 0x00000000dff00000|100%| O|  |TAMS 0x00000000dff00000, 0x00000000dff00000| Untracked 
|1367|0x00000000dff00000, 0x00000000e0000000, 0x00000000e0000000|100%| O|  |TAMS 0x00000000e0000000, 0x00000000e0000000| Untracked 
|1368|0x00000000e0000000, 0x00000000e00ffe70, 0x00000000e0100000| 99%| O|  |TAMS 0x00000000e00ffe70, 0x00000000e00ffe70| Untracked 
|1369|0x00000000e0100000, 0x00000000e01ffff8, 0x00000000e0200000| 99%| O|  |TAMS 0x00000000e01ffff8, 0x00000000e01ffff8| Untracked 
|1370|0x00000000e0200000, 0x00000000e02fffe0, 0x00000000e0300000| 99%| O|  |TAMS 0x00000000e02fffe0, 0x00000000e02fffe0| Untracked 
|1371|0x00000000e0300000, 0x00000000e03ffff8, 0x00000000e0400000| 99%| O|  |TAMS 0x00000000e03ffff8, 0x00000000e03ffff8| Untracked 
|1372|0x00000000e0400000, 0x00000000e0500000, 0x00000000e0500000|100%| O|  |TAMS 0x00000000e0500000, 0x00000000e0500000| Untracked 
|1373|0x00000000e0500000, 0x00000000e05ffff0, 0x00000000e0600000| 99%| O|  |TAMS 0x00000000e05ffff0, 0x00000000e05ffff0| Untracked 
|1374|0x00000000e0600000, 0x00000000e0700000, 0x00000000e0700000|100%| O|  |TAMS 0x00000000e0700000, 0x00000000e0700000| Untracked 
|1375|0x00000000e0700000, 0x00000000e07fffd8, 0x00000000e0800000| 99%| O|  |TAMS 0x00000000e07fffd8, 0x00000000e07fffd8| Untracked 
|1376|0x00000000e0800000, 0x00000000e08ffff0, 0x00000000e0900000| 99%| O|  |TAMS 0x00000000e08ffff0, 0x00000000e08ffff0| Untracked 
|1377|0x00000000e0900000, 0x00000000e09ffff0, 0x00000000e0a00000| 99%| O|  |TAMS 0x00000000e09ffff0, 0x00000000e09ffff0| Untracked 
|1378|0x00000000e0a00000, 0x00000000e0affff0, 0x00000000e0b00000| 99%| O|  |TAMS 0x00000000e0affff0, 0x00000000e0affff0| Untracked 
|1379|0x00000000e0b00000, 0x00000000e0bffff8, 0x00000000e0c00000| 99%| O|  |TAMS 0x00000000e0bffff8, 0x00000000e0bffff8| Untracked 
|1380|0x00000000e0c00000, 0x00000000e0cffff8, 0x00000000e0d00000| 99%| O|  |TAMS 0x00000000e0cffff8, 0x00000000e0cffff8| Untracked 
|1381|0x00000000e0d00000, 0x00000000e0dffff8, 0x00000000e0e00000| 99%| O|  |TAMS 0x00000000e0dffff8, 0x00000000e0dffff8| Untracked 
|1382|0x00000000e0e00000, 0x00000000e0f00000, 0x00000000e0f00000|100%| O|  |TAMS 0x00000000e0f00000, 0x00000000e0f00000| Untracked 
|1383|0x00000000e0f00000, 0x00000000e0ffffd8, 0x00000000e1000000| 99%| O|  |TAMS 0x00000000e0ffffd8, 0x00000000e0ffffd8| Untracked 
|1384|0x00000000e1000000, 0x00000000e10ffff0, 0x00000000e1100000| 99%| O|  |TAMS 0x00000000e10ffff0, 0x00000000e10ffff0| Untracked 
|1385|0x00000000e1100000, 0x00000000e11ffff8, 0x00000000e1200000| 99%| O|  |TAMS 0x00000000e11ffff8, 0x00000000e11ffff8| Untracked 
|1386|0x00000000e1200000, 0x00000000e12fffe0, 0x00000000e1300000| 99%| O|  |TAMS 0x00000000e12fffe0, 0x00000000e12fffe0| Untracked 
|1387|0x00000000e1300000, 0x00000000e13ffff0, 0x00000000e1400000| 99%| O|  |TAMS 0x00000000e13ffff0, 0x00000000e13ffff0| Untracked 
|1388|0x00000000e1400000, 0x00000000e14ffff8, 0x00000000e1500000| 99%| O|  |TAMS 0x00000000e14ffff8, 0x00000000e14ffff8| Untracked 
|1389|0x00000000e1500000, 0x00000000e1600000, 0x00000000e1600000|100%| O|  |TAMS 0x00000000e1600000, 0x00000000e1600000| Untracked 
|1390|0x00000000e1600000, 0x00000000e1651c30, 0x00000000e1700000| 31%| O|  |TAMS 0x00000000e1600000, 0x00000000e1651c30| Untracked 
|1391|0x00000000e1700000, 0x00000000e17ffff0, 0x00000000e1800000| 99%| O|  |TAMS 0x00000000e17ffff0, 0x00000000e17ffff0| Untracked 
|1392|0x00000000e1800000, 0x00000000e1900000, 0x00000000e1900000|100%| O|  |TAMS 0x00000000e1900000, 0x00000000e1900000| Untracked 
|1393|0x00000000e1900000, 0x00000000e19fff08, 0x00000000e1a00000| 99%| O|  |TAMS 0x00000000e19fff08, 0x00000000e19fff08| Untracked 
|1394|0x00000000e1a00000, 0x00000000e1afffe0, 0x00000000e1b00000| 99%| O|  |TAMS 0x00000000e1afffe0, 0x00000000e1afffe0| Untracked 
|1395|0x00000000e1b00000, 0x00000000e1c00000, 0x00000000e1c00000|100%| O|  |TAMS 0x00000000e1c00000, 0x00000000e1c00000| Untracked 
|1396|0x00000000e1c00000, 0x00000000e1d00000, 0x00000000e1d00000|100%| O|  |TAMS 0x00000000e1d00000, 0x00000000e1d00000| Untracked 
|1397|0x00000000e1d00000, 0x00000000e1dffff0, 0x00000000e1e00000| 99%| O|  |TAMS 0x00000000e1dffff0, 0x00000000e1dffff0| Untracked 
|1398|0x00000000e1e00000, 0x00000000e1f00000, 0x00000000e1f00000|100%| O|  |TAMS 0x00000000e1f00000, 0x00000000e1f00000| Untracked 
|1399|0x00000000e1f00000, 0x00000000e1fffff8, 0x00000000e2000000| 99%| O|  |TAMS 0x00000000e1fffff8, 0x00000000e1fffff8| Untracked 
|1400|0x00000000e2000000, 0x00000000e2100000, 0x00000000e2100000|100%| O|  |TAMS 0x00000000e2100000, 0x00000000e2100000| Untracked 
|1401|0x00000000e2100000, 0x00000000e2200000, 0x00000000e2200000|100%| O|  |TAMS 0x00000000e2200000, 0x00000000e2200000| Untracked 
|1402|0x00000000e2200000, 0x00000000e22ffff8, 0x00000000e2300000| 99%| O|  |TAMS 0x00000000e22ffff8, 0x00000000e22ffff8| Untracked 
|1403|0x00000000e2300000, 0x00000000e23ffff8, 0x00000000e2400000| 99%| O|  |TAMS 0x00000000e23ffff8, 0x00000000e23ffff8| Untracked 
|1404|0x00000000e2400000, 0x00000000e2500000, 0x00000000e2500000|100%| O|  |TAMS 0x00000000e2500000, 0x00000000e2500000| Untracked 
|1405|0x00000000e2500000, 0x00000000e2600000, 0x00000000e2600000|100%| O|  |TAMS 0x00000000e2600000, 0x00000000e2600000| Untracked 
|1406|0x00000000e2600000, 0x00000000e2700000, 0x00000000e2700000|100%| O|  |TAMS 0x00000000e2700000, 0x00000000e2700000| Untracked 
|1407|0x00000000e2700000, 0x00000000e2800000, 0x00000000e2800000|100%| O|  |TAMS 0x00000000e2800000, 0x00000000e2800000| Untracked 
|1408|0x00000000e2800000, 0x00000000e28ffff8, 0x00000000e2900000| 99%| O|  |TAMS 0x00000000e28ffff8, 0x00000000e28ffff8| Untracked 
|1409|0x00000000e2900000, 0x00000000e2a00000, 0x00000000e2a00000|100%| O|  |TAMS 0x00000000e2a00000, 0x00000000e2a00000| Untracked 
|1410|0x00000000e2a00000, 0x00000000e2b00000, 0x00000000e2b00000|100%| O|  |TAMS 0x00000000e2b00000, 0x00000000e2b00000| Untracked 
|1411|0x00000000e2b00000, 0x00000000e2bffff8, 0x00000000e2c00000| 99%| O|  |TAMS 0x00000000e2bffff8, 0x00000000e2bffff8| Untracked 
|1412|0x00000000e2c00000, 0x00000000e2cffff0, 0x00000000e2d00000| 99%| O|  |TAMS 0x00000000e2cffff0, 0x00000000e2cffff0| Untracked 
|1413|0x00000000e2d00000, 0x00000000e2e00000, 0x00000000e2e00000|100%| O|  |TAMS 0x00000000e2e00000, 0x00000000e2e00000| Untracked 
|1414|0x00000000e2e00000, 0x00000000e2e2f470, 0x00000000e2f00000| 18%| O|  |TAMS 0x00000000e2e00000, 0x00000000e2e2f470| Untracked 
|1415|0x00000000e2f00000, 0x00000000e3000000, 0x00000000e3000000|100%| O|  |TAMS 0x00000000e3000000, 0x00000000e3000000| Untracked 
|1416|0x00000000e3000000, 0x00000000e30ffff8, 0x00000000e3100000| 99%| O|  |TAMS 0x00000000e30ffff8, 0x00000000e30ffff8| Untracked 
|1417|0x00000000e3100000, 0x00000000e3200000, 0x00000000e3200000|100%| O|  |TAMS 0x00000000e3200000, 0x00000000e3200000| Untracked 
|1418|0x00000000e3200000, 0x00000000e32fffe0, 0x00000000e3300000| 99%| O|  |TAMS 0x00000000e32fffe0, 0x00000000e32fffe0| Untracked 
|1419|0x00000000e3300000, 0x00000000e33fffe0, 0x00000000e3400000| 99%| O|  |TAMS 0x00000000e33fffe0, 0x00000000e33fffe0| Untracked 
|1420|0x00000000e3400000, 0x00000000e34ffff0, 0x00000000e3500000| 99%| O|  |TAMS 0x00000000e34ffff0, 0x00000000e34ffff0| Untracked 
|1421|0x00000000e3500000, 0x00000000e3600000, 0x00000000e3600000|100%| O|  |TAMS 0x00000000e3600000, 0x00000000e3600000| Untracked 
|1422|0x00000000e3600000, 0x00000000e36ffff0, 0x00000000e3700000| 99%| O|  |TAMS 0x00000000e36ffff0, 0x00000000e36ffff0| Untracked 
|1423|0x00000000e3700000, 0x00000000e37ffff8, 0x00000000e3800000| 99%| O|  |TAMS 0x00000000e37ffff8, 0x00000000e37ffff8| Untracked 
|1424|0x00000000e3800000, 0x00000000e38ffff8, 0x00000000e3900000| 99%| O|  |TAMS 0x00000000e38ffff8, 0x00000000e38ffff8| Untracked 
|1425|0x00000000e3900000, 0x00000000e39ffff0, 0x00000000e3a00000| 99%| O|  |TAMS 0x00000000e39ffff0, 0x00000000e39ffff0| Untracked 
|1426|0x00000000e3a00000, 0x00000000e3affff8, 0x00000000e3b00000| 99%| O|  |TAMS 0x00000000e3affff8, 0x00000000e3affff8| Untracked 
|1427|0x00000000e3b00000, 0x00000000e3bffff0, 0x00000000e3c00000| 99%| O|  |TAMS 0x00000000e3bffff0, 0x00000000e3bffff0| Untracked 
|1428|0x00000000e3c00000, 0x00000000e3cffff0, 0x00000000e3d00000| 99%| O|  |TAMS 0x00000000e3cffff0, 0x00000000e3cffff0| Untracked 
|1429|0x00000000e3d00000, 0x00000000e3e00000, 0x00000000e3e00000|100%| O|  |TAMS 0x00000000e3e00000, 0x00000000e3e00000| Untracked 
|1430|0x00000000e3e00000, 0x00000000e3effff0, 0x00000000e3f00000| 99%| O|  |TAMS 0x00000000e3effff0, 0x00000000e3effff0| Untracked 
|1431|0x00000000e3f00000, 0x00000000e3fffff0, 0x00000000e4000000| 99%| O|  |TAMS 0x00000000e3fffff0, 0x00000000e3fffff0| Untracked 
|1432|0x00000000e4000000, 0x00000000e40ffff0, 0x00000000e4100000| 99%| O|  |TAMS 0x00000000e40ffff0, 0x00000000e40ffff0| Untracked 
|1433|0x00000000e4100000, 0x00000000e41ffff8, 0x00000000e4200000| 99%| O|  |TAMS 0x00000000e41ffff8, 0x00000000e41ffff8| Untracked 
|1434|0x00000000e4200000, 0x00000000e4300000, 0x00000000e4300000|100%| O|  |TAMS 0x00000000e4300000, 0x00000000e4300000| Untracked 
|1435|0x00000000e4300000, 0x00000000e4400000, 0x00000000e4400000|100%| O|  |TAMS 0x00000000e4400000, 0x00000000e4400000| Untracked 
|1436|0x00000000e4400000, 0x00000000e44fffe8, 0x00000000e4500000| 99%| O|  |TAMS 0x00000000e44fffe8, 0x00000000e44fffe8| Untracked 
|1437|0x00000000e4500000, 0x00000000e4600000, 0x00000000e4600000|100%| O|  |TAMS 0x00000000e4600000, 0x00000000e4600000| Untracked 
|1438|0x00000000e4600000, 0x00000000e4700000, 0x00000000e4700000|100%| O|  |TAMS 0x00000000e4700000, 0x00000000e4700000| Untracked 
|1439|0x00000000e4700000, 0x00000000e4800000, 0x00000000e4800000|100%| O|  |TAMS 0x00000000e4800000, 0x00000000e4800000| Untracked 
|1440|0x00000000e4800000, 0x00000000e48ffff0, 0x00000000e4900000| 99%| O|  |TAMS 0x00000000e48ffff0, 0x00000000e48ffff0| Untracked 
|1441|0x00000000e4900000, 0x00000000e49ffff8, 0x00000000e4a00000| 99%| O|  |TAMS 0x00000000e49ffff8, 0x00000000e49ffff8| Untracked 
|1442|0x00000000e4a00000, 0x00000000e4affff0, 0x00000000e4b00000| 99%| O|  |TAMS 0x00000000e4affff0, 0x00000000e4affff0| Untracked 
|1443|0x00000000e4b00000, 0x00000000e4bffff0, 0x00000000e4c00000| 99%| O|  |TAMS 0x00000000e4bffff0, 0x00000000e4bffff0| Untracked 
|1444|0x00000000e4c00000, 0x00000000e4cffff8, 0x00000000e4d00000| 99%| O|  |TAMS 0x00000000e4cffff8, 0x00000000e4cffff8| Untracked 
|1445|0x00000000e4d00000, 0x00000000e4dffff8, 0x00000000e4e00000| 99%| O|  |TAMS 0x00000000e4dffff8, 0x00000000e4dffff8| Untracked 
|1446|0x00000000e4e00000, 0x00000000e4effff0, 0x00000000e4f00000| 99%| O|  |TAMS 0x00000000e4effff0, 0x00000000e4effff0| Untracked 
|1447|0x00000000e4f00000, 0x00000000e4fffff0, 0x00000000e5000000| 99%| O|  |TAMS 0x00000000e4fffff0, 0x00000000e4fffff0| Untracked 
|1448|0x00000000e5000000, 0x00000000e5100000, 0x00000000e5100000|100%| O|  |TAMS 0x00000000e5100000, 0x00000000e5100000| Untracked 
|1449|0x00000000e5100000, 0x00000000e51ffff0, 0x00000000e5200000| 99%| O|  |TAMS 0x00000000e51ffff0, 0x00000000e51ffff0| Untracked 
|1450|0x00000000e5200000, 0x00000000e52ffff0, 0x00000000e5300000| 99%| O|  |TAMS 0x00000000e52ffff0, 0x00000000e52ffff0| Untracked 
|1451|0x00000000e5300000, 0x00000000e5400000, 0x00000000e5400000|100%| O|  |TAMS 0x00000000e5400000, 0x00000000e5400000| Untracked 
|1452|0x00000000e5400000, 0x00000000e54ffff8, 0x00000000e5500000| 99%| O|  |TAMS 0x00000000e54ffff8, 0x00000000e54ffff8| Untracked 
|1453|0x00000000e5500000, 0x00000000e55ffff8, 0x00000000e5600000| 99%| O|  |TAMS 0x00000000e55ffff8, 0x00000000e55ffff8| Untracked 
|1454|0x00000000e5600000, 0x00000000e5700000, 0x00000000e5700000|100%| O|  |TAMS 0x00000000e5700000, 0x00000000e5700000| Untracked 
|1455|0x00000000e5700000, 0x00000000e5800000, 0x00000000e5800000|100%| O|  |TAMS 0x00000000e5800000, 0x00000000e5800000| Untracked 
|1456|0x00000000e5800000, 0x00000000e5900000, 0x00000000e5900000|100%| O|  |TAMS 0x00000000e5900000, 0x00000000e5900000| Untracked 
|1457|0x00000000e5900000, 0x00000000e59ffff8, 0x00000000e5a00000| 99%| O|  |TAMS 0x00000000e59ffff8, 0x00000000e59ffff8| Untracked 
|1458|0x00000000e5a00000, 0x00000000e5affff0, 0x00000000e5b00000| 99%| O|  |TAMS 0x00000000e5affff0, 0x00000000e5affff0| Untracked 
|1459|0x00000000e5b00000, 0x00000000e5bffff8, 0x00000000e5c00000| 99%| O|  |TAMS 0x00000000e5bffff8, 0x00000000e5bffff8| Untracked 
|1460|0x00000000e5c00000, 0x00000000e5cffff0, 0x00000000e5d00000| 99%| O|  |TAMS 0x00000000e5cffff0, 0x00000000e5cffff0| Untracked 
|1461|0x00000000e5d00000, 0x00000000e5dffff0, 0x00000000e5e00000| 99%| O|  |TAMS 0x00000000e5dffff0, 0x00000000e5dffff0| Untracked 
|1462|0x00000000e5e00000, 0x00000000e5effff8, 0x00000000e5f00000| 99%| O|  |TAMS 0x00000000e5effff8, 0x00000000e5effff8| Untracked 
|1463|0x00000000e5f00000, 0x00000000e5ffffe8, 0x00000000e6000000| 99%| O|  |TAMS 0x00000000e5ffffe8, 0x00000000e5ffffe8| Untracked 
|1464|0x00000000e6000000, 0x00000000e60ffff8, 0x00000000e6100000| 99%| O|  |TAMS 0x00000000e60ffff8, 0x00000000e60ffff8| Untracked 
|1465|0x00000000e6100000, 0x00000000e61ffff8, 0x00000000e6200000| 99%| O|  |TAMS 0x00000000e61ffff8, 0x00000000e61ffff8| Untracked 
|1466|0x00000000e6200000, 0x00000000e6300000, 0x00000000e6300000|100%| O|  |TAMS 0x00000000e6300000, 0x00000000e6300000| Untracked 
|1467|0x00000000e6300000, 0x00000000e63ffff0, 0x00000000e6400000| 99%| O|  |TAMS 0x00000000e63ffff0, 0x00000000e63ffff0| Untracked 
|1468|0x00000000e6400000, 0x00000000e64ffff8, 0x00000000e6500000| 99%| O|  |TAMS 0x00000000e64ffff8, 0x00000000e64ffff8| Untracked 
|1469|0x00000000e6500000, 0x00000000e65ffff0, 0x00000000e6600000| 99%| O|  |TAMS 0x00000000e65ffff0, 0x00000000e65ffff0| Untracked 
|1470|0x00000000e6600000, 0x00000000e66ffff0, 0x00000000e6700000| 99%| O|  |TAMS 0x00000000e66ffff0, 0x00000000e66ffff0| Untracked 
|1471|0x00000000e6700000, 0x00000000e67ffff8, 0x00000000e6800000| 99%| O|  |TAMS 0x00000000e67ffff8, 0x00000000e67ffff8| Untracked 
|1472|0x00000000e6800000, 0x00000000e6900000, 0x00000000e6900000|100%| O|  |TAMS 0x00000000e6900000, 0x00000000e6900000| Untracked 
|1473|0x00000000e6900000, 0x00000000e69ffff0, 0x00000000e6a00000| 99%| O|  |TAMS 0x00000000e69ffff0, 0x00000000e69ffff0| Untracked 
|1474|0x00000000e6a00000, 0x00000000e6affff0, 0x00000000e6b00000| 99%| O|  |TAMS 0x00000000e6affff0, 0x00000000e6affff0| Untracked 
|1475|0x00000000e6b00000, 0x00000000e6bffff0, 0x00000000e6c00000| 99%| O|  |TAMS 0x00000000e6bffff0, 0x00000000e6bffff0| Untracked 
|1476|0x00000000e6c00000, 0x00000000e6cffff8, 0x00000000e6d00000| 99%| O|  |TAMS 0x00000000e6cffff8, 0x00000000e6cffff8| Untracked 
|1477|0x00000000e6d00000, 0x00000000e6dffff8, 0x00000000e6e00000| 99%| O|  |TAMS 0x00000000e6dffff8, 0x00000000e6dffff8| Untracked 
|1478|0x00000000e6e00000, 0x00000000e6effff8, 0x00000000e6f00000| 99%| O|  |TAMS 0x00000000e6effff8, 0x00000000e6effff8| Untracked 
|1479|0x00000000e6f00000, 0x00000000e6fffff0, 0x00000000e7000000| 99%| O|  |TAMS 0x00000000e6fffff0, 0x00000000e6fffff0| Untracked 
|1480|0x00000000e7000000, 0x00000000e70ffff0, 0x00000000e7100000| 99%| O|  |TAMS 0x00000000e70ffff0, 0x00000000e70ffff0| Untracked 
|1481|0x00000000e7100000, 0x00000000e7200000, 0x00000000e7200000|100%| O|  |TAMS 0x00000000e7200000, 0x00000000e7200000| Untracked 
|1482|0x00000000e7200000, 0x00000000e72ffff8, 0x00000000e7300000| 99%| O|  |TAMS 0x00000000e72ffff8, 0x00000000e72ffff8| Untracked 
|1483|0x00000000e7300000, 0x00000000e73ffff8, 0x00000000e7400000| 99%| O|  |TAMS 0x00000000e73ffff8, 0x00000000e73ffff8| Untracked 
|1484|0x00000000e7400000, 0x00000000e7500000, 0x00000000e7500000|100%| O|  |TAMS 0x00000000e7500000, 0x00000000e7500000| Untracked 
|1485|0x00000000e7500000, 0x00000000e75ffff0, 0x00000000e7600000| 99%| O|  |TAMS 0x00000000e75ffff0, 0x00000000e75ffff0| Untracked 
|1486|0x00000000e7600000, 0x00000000e76fffd0, 0x00000000e7700000| 99%| O|  |TAMS 0x00000000e76fffd0, 0x00000000e76fffd0| Untracked 
|1487|0x00000000e7700000, 0x00000000e7800000, 0x00000000e7800000|100%| O|  |TAMS 0x00000000e7800000, 0x00000000e7800000| Untracked 
|1488|0x00000000e7800000, 0x00000000e78ffff8, 0x00000000e7900000| 99%| O|  |TAMS 0x00000000e78ffff8, 0x00000000e78ffff8| Untracked 
|1489|0x00000000e7900000, 0x00000000e79ffff0, 0x00000000e7a00000| 99%| O|  |TAMS 0x00000000e79ffff0, 0x00000000e79ffff0| Untracked 
|1490|0x00000000e7a00000, 0x00000000e7affff8, 0x00000000e7b00000| 99%| O|  |TAMS 0x00000000e7affff8, 0x00000000e7affff8| Untracked 
|1491|0x00000000e7b00000, 0x00000000e7bffff8, 0x00000000e7c00000| 99%| O|  |TAMS 0x00000000e7bffff8, 0x00000000e7bffff8| Untracked 
|1492|0x00000000e7c00000, 0x00000000e7cffff0, 0x00000000e7d00000| 99%| O|  |TAMS 0x00000000e7cffff0, 0x00000000e7cffff0| Untracked 
|1493|0x00000000e7d00000, 0x00000000e7dffff0, 0x00000000e7e00000| 99%| O|  |TAMS 0x00000000e7dffff0, 0x00000000e7dffff0| Untracked 
|1494|0x00000000e7e00000, 0x00000000e7f00000, 0x00000000e7f00000|100%| O|  |TAMS 0x00000000e7f00000, 0x00000000e7f00000| Untracked 
|1495|0x00000000e7f00000, 0x00000000e7fffff8, 0x00000000e8000000| 99%| O|  |TAMS 0x00000000e7fffff8, 0x00000000e7fffff8| Untracked 
|1496|0x00000000e8000000, 0x00000000e80ffef0, 0x00000000e8100000| 99%| O|  |TAMS 0x00000000e80ffef0, 0x00000000e80ffef0| Untracked 
|1497|0x00000000e8100000, 0x00000000e81ffff0, 0x00000000e8200000| 99%| O|  |TAMS 0x00000000e81ffff0, 0x00000000e81ffff0| Untracked 
|1498|0x00000000e8200000, 0x00000000e8300000, 0x00000000e8300000|100%| O|  |TAMS 0x00000000e8300000, 0x00000000e8300000| Untracked 
|1499|0x00000000e8300000, 0x00000000e83ffff0, 0x00000000e8400000| 99%| O|  |TAMS 0x00000000e83ffff0, 0x00000000e83ffff0| Untracked 
|1500|0x00000000e8400000, 0x00000000e84ffff0, 0x00000000e8500000| 99%| O|  |TAMS 0x00000000e84ffff0, 0x00000000e84ffff0| Untracked 
|1501|0x00000000e8500000, 0x00000000e85ffff0, 0x00000000e8600000| 99%| O|  |TAMS 0x00000000e85ffff0, 0x00000000e85ffff0| Untracked 
|1502|0x00000000e8600000, 0x00000000e86ffff8, 0x00000000e8700000| 99%| O|  |TAMS 0x00000000e86ffff8, 0x00000000e86ffff8| Untracked 
|1503|0x00000000e8700000, 0x00000000e8800000, 0x00000000e8800000|100%| O|  |TAMS 0x00000000e8800000, 0x00000000e8800000| Untracked 
|1504|0x00000000e8800000, 0x00000000e88ffff8, 0x00000000e8900000| 99%| O|  |TAMS 0x00000000e88ffff8, 0x00000000e88ffff8| Untracked 
|1505|0x00000000e8900000, 0x00000000e8a00000, 0x00000000e8a00000|100%| O|  |TAMS 0x00000000e8a00000, 0x00000000e8a00000| Untracked 
|1506|0x00000000e8a00000, 0x00000000e8affff8, 0x00000000e8b00000| 99%| O|  |TAMS 0x00000000e8affff8, 0x00000000e8affff8| Untracked 
|1507|0x00000000e8b00000, 0x00000000e8bffff8, 0x00000000e8c00000| 99%| O|  |TAMS 0x00000000e8bffff8, 0x00000000e8bffff8| Untracked 
|1508|0x00000000e8c00000, 0x00000000e8d00000, 0x00000000e8d00000|100%| O|  |TAMS 0x00000000e8d00000, 0x00000000e8d00000| Untracked 
|1509|0x00000000e8d00000, 0x00000000e8e00000, 0x00000000e8e00000|100%| O|  |TAMS 0x00000000e8e00000, 0x00000000e8e00000| Untracked 
|1510|0x00000000e8e00000, 0x00000000e8f00000, 0x00000000e8f00000|100%| O|  |TAMS 0x00000000e8f00000, 0x00000000e8f00000| Untracked 
|1511|0x00000000e8f00000, 0x00000000e8fffff8, 0x00000000e9000000| 99%| O|  |TAMS 0x00000000e8fffff8, 0x00000000e8fffff8| Untracked 
|1512|0x00000000e9000000, 0x00000000e9100000, 0x00000000e9100000|100%| O|  |TAMS 0x00000000e9100000, 0x00000000e9100000| Untracked 
|1513|0x00000000e9100000, 0x00000000e91ffff0, 0x00000000e9200000| 99%| O|  |TAMS 0x00000000e91ffff0, 0x00000000e91ffff0| Untracked 
|1514|0x00000000e9200000, 0x00000000e92ffff8, 0x00000000e9300000| 99%| O|  |TAMS 0x00000000e92ffff8, 0x00000000e92ffff8| Untracked 
|1515|0x00000000e9300000, 0x00000000e93ffff8, 0x00000000e9400000| 99%| O|  |TAMS 0x00000000e93ffff8, 0x00000000e93ffff8| Untracked 
|1516|0x00000000e9400000, 0x00000000e9500000, 0x00000000e9500000|100%| O|  |TAMS 0x00000000e9500000, 0x00000000e9500000| Untracked 
|1517|0x00000000e9500000, 0x00000000e95fffe0, 0x00000000e9600000| 99%| O|  |TAMS 0x00000000e95fffe0, 0x00000000e95fffe0| Untracked 
|1518|0x00000000e9600000, 0x00000000e96ffff0, 0x00000000e9700000| 99%| O|  |TAMS 0x00000000e96ffff0, 0x00000000e96ffff0| Untracked 
|1519|0x00000000e9700000, 0x00000000e97fffe0, 0x00000000e9800000| 99%| O|  |TAMS 0x00000000e97fffe0, 0x00000000e97fffe0| Untracked 
|1520|0x00000000e9800000, 0x00000000e9900000, 0x00000000e9900000|100%| O|  |TAMS 0x00000000e9900000, 0x00000000e9900000| Untracked 
|1521|0x00000000e9900000, 0x00000000e9a00000, 0x00000000e9a00000|100%| O|  |TAMS 0x00000000e9a00000, 0x00000000e9a00000| Untracked 
|1522|0x00000000e9a00000, 0x00000000e9affff8, 0x00000000e9b00000| 99%| O|  |TAMS 0x00000000e9affff8, 0x00000000e9affff8| Untracked 
|1523|0x00000000e9b00000, 0x00000000e9bffff8, 0x00000000e9c00000| 99%| O|  |TAMS 0x00000000e9bffff8, 0x00000000e9bffff8| Untracked 
|1524|0x00000000e9c00000, 0x00000000e9cffff8, 0x00000000e9d00000| 99%| O|  |TAMS 0x00000000e9cffff8, 0x00000000e9cffff8| Untracked 
|1525|0x00000000e9d00000, 0x00000000e9dffff8, 0x00000000e9e00000| 99%| O|  |TAMS 0x00000000e9dffff8, 0x00000000e9dffff8| Untracked 
|1526|0x00000000e9e00000, 0x00000000e9f00000, 0x00000000e9f00000|100%| O|  |TAMS 0x00000000e9f00000, 0x00000000e9f00000| Untracked 
|1527|0x00000000e9f00000, 0x00000000e9fffff0, 0x00000000ea000000| 99%| O|  |TAMS 0x00000000e9fffff0, 0x00000000e9fffff0| Untracked 
|1528|0x00000000ea000000, 0x00000000ea0ffff8, 0x00000000ea100000| 99%| O|  |TAMS 0x00000000ea0ffff8, 0x00000000ea0ffff8| Untracked 
|1529|0x00000000ea100000, 0x00000000ea200000, 0x00000000ea200000|100%| O|  |TAMS 0x00000000ea200000, 0x00000000ea200000| Untracked 
|1530|0x00000000ea200000, 0x00000000ea300000, 0x00000000ea300000|100%| O|  |TAMS 0x00000000ea300000, 0x00000000ea300000| Untracked 
|1531|0x00000000ea300000, 0x00000000ea3ffff8, 0x00000000ea400000| 99%| O|  |TAMS 0x00000000ea3ffff8, 0x00000000ea3ffff8| Untracked 
|1532|0x00000000ea400000, 0x00000000ea4ffff8, 0x00000000ea500000| 99%| O|  |TAMS 0x00000000ea4ffff8, 0x00000000ea4ffff8| Untracked 
|1533|0x00000000ea500000, 0x00000000ea600000, 0x00000000ea600000|100%| O|  |TAMS 0x00000000ea600000, 0x00000000ea600000| Untracked 
|1534|0x00000000ea600000, 0x00000000ea6ffff8, 0x00000000ea700000| 99%| O|  |TAMS 0x00000000ea6ffff8, 0x00000000ea6ffff8| Untracked 
|1535|0x00000000ea700000, 0x00000000ea7ffff8, 0x00000000ea800000| 99%| O|  |TAMS 0x00000000ea7ffff8, 0x00000000ea7ffff8| Untracked 
|1536|0x00000000ea800000, 0x00000000ea900000, 0x00000000ea900000|100%| O|  |TAMS 0x00000000ea900000, 0x00000000ea900000| Untracked 
|1537|0x00000000ea900000, 0x00000000eaa00000, 0x00000000eaa00000|100%| O|  |TAMS 0x00000000eaa00000, 0x00000000eaa00000| Untracked 
|1538|0x00000000eaa00000, 0x00000000eaaffff0, 0x00000000eab00000| 99%| O|  |TAMS 0x00000000eaaffff0, 0x00000000eaaffff0| Untracked 
|1539|0x00000000eab00000, 0x00000000eac00000, 0x00000000eac00000|100%| O|  |TAMS 0x00000000eac00000, 0x00000000eac00000| Untracked 
|1540|0x00000000eac00000, 0x00000000ead00000, 0x00000000ead00000|100%| O|  |TAMS 0x00000000ead00000, 0x00000000ead00000| Untracked 
|1541|0x00000000ead00000, 0x00000000eae00000, 0x00000000eae00000|100%| O|  |TAMS 0x00000000eae00000, 0x00000000eae00000| Untracked 
|1542|0x00000000eae00000, 0x00000000eaeffff0, 0x00000000eaf00000| 99%| O|  |TAMS 0x00000000eaeffff0, 0x00000000eaeffff0| Untracked 
|1543|0x00000000eaf00000, 0x00000000eafffff0, 0x00000000eb000000| 99%| O|  |TAMS 0x00000000eafffff0, 0x00000000eafffff0| Untracked 
|1544|0x00000000eb000000, 0x00000000eb0ffff8, 0x00000000eb100000| 99%| O|  |TAMS 0x00000000eb0ffff8, 0x00000000eb0ffff8| Untracked 
|1545|0x00000000eb100000, 0x00000000eb1ffff0, 0x00000000eb200000| 99%| O|  |TAMS 0x00000000eb1ffff0, 0x00000000eb1ffff0| Untracked 
|1546|0x00000000eb200000, 0x00000000eb2ffff8, 0x00000000eb300000| 99%| O|  |TAMS 0x00000000eb2ffff8, 0x00000000eb2ffff8| Untracked 
|1547|0x00000000eb300000, 0x00000000eb3ffff8, 0x00000000eb400000| 99%| O|  |TAMS 0x00000000eb3ffff8, 0x00000000eb3ffff8| Untracked 
|1548|0x00000000eb400000, 0x00000000eb4ffff8, 0x00000000eb500000| 99%| O|  |TAMS 0x00000000eb4ffff8, 0x00000000eb4ffff8| Untracked 
|1549|0x00000000eb500000, 0x00000000eb5ffff8, 0x00000000eb600000| 99%| O|  |TAMS 0x00000000eb5ffff8, 0x00000000eb5ffff8| Untracked 
|1550|0x00000000eb600000, 0x00000000eb700000, 0x00000000eb700000|100%| O|  |TAMS 0x00000000eb700000, 0x00000000eb700000| Untracked 
|1551|0x00000000eb700000, 0x00000000eb800000, 0x00000000eb800000|100%| O|  |TAMS 0x00000000eb800000, 0x00000000eb800000| Untracked 
|1552|0x00000000eb800000, 0x00000000eb8ffff0, 0x00000000eb900000| 99%| O|  |TAMS 0x00000000eb8ffff0, 0x00000000eb8ffff0| Untracked 
|1553|0x00000000eb900000, 0x00000000eba00000, 0x00000000eba00000|100%| O|  |TAMS 0x00000000eba00000, 0x00000000eba00000| Untracked 
|1554|0x00000000eba00000, 0x00000000ebb00000, 0x00000000ebb00000|100%| O|  |TAMS 0x00000000ebb00000, 0x00000000ebb00000| Untracked 
|1555|0x00000000ebb00000, 0x00000000ebbffff0, 0x00000000ebc00000| 99%| O|  |TAMS 0x00000000ebbffff0, 0x00000000ebbffff0| Untracked 
|1556|0x00000000ebc00000, 0x00000000ebcfffe0, 0x00000000ebd00000| 99%| O|  |TAMS 0x00000000ebcfffe0, 0x00000000ebcfffe0| Untracked 
|1557|0x00000000ebd00000, 0x00000000ebdffff8, 0x00000000ebe00000| 99%| O|  |TAMS 0x00000000ebdffff8, 0x00000000ebdffff8| Untracked 
|1558|0x00000000ebe00000, 0x00000000ebeff350, 0x00000000ebf00000| 99%| O|  |TAMS 0x00000000ebeff350, 0x00000000ebeff350| Untracked 
|1559|0x00000000ebf00000, 0x00000000ebfffff8, 0x00000000ec000000| 99%| O|  |TAMS 0x00000000ebfffff8, 0x00000000ebfffff8| Untracked 
|1560|0x00000000ec000000, 0x00000000ec0ffff0, 0x00000000ec100000| 99%| O|  |TAMS 0x00000000ec0ffff0, 0x00000000ec0ffff0| Untracked 
|1561|0x00000000ec100000, 0x00000000ec200000, 0x00000000ec200000|100%| O|  |TAMS 0x00000000ec200000, 0x00000000ec200000| Untracked 
|1562|0x00000000ec200000, 0x00000000ec2ffff0, 0x00000000ec300000| 99%| O|  |TAMS 0x00000000ec2ffff0, 0x00000000ec2ffff0| Untracked 
|1563|0x00000000ec300000, 0x00000000ec400000, 0x00000000ec400000|100%| O|  |TAMS 0x00000000ec400000, 0x00000000ec400000| Untracked 
|1564|0x00000000ec400000, 0x00000000ec500000, 0x00000000ec500000|100%| O|  |TAMS 0x00000000ec500000, 0x00000000ec500000| Untracked 
|1565|0x00000000ec500000, 0x00000000ec5ffff8, 0x00000000ec600000| 99%| O|  |TAMS 0x00000000ec5ffff8, 0x00000000ec5ffff8| Untracked 
|1566|0x00000000ec600000, 0x00000000ec6ffff0, 0x00000000ec700000| 99%| O|  |TAMS 0x00000000ec6ffff0, 0x00000000ec6ffff0| Untracked 
|1567|0x00000000ec700000, 0x00000000ec7ffff8, 0x00000000ec800000| 99%| O|  |TAMS 0x00000000ec7ffff8, 0x00000000ec7ffff8| Untracked 
|1568|0x00000000ec800000, 0x00000000ec8ffff0, 0x00000000ec900000| 99%| O|  |TAMS 0x00000000ec8ffff0, 0x00000000ec8ffff0| Untracked 
|1569|0x00000000ec900000, 0x00000000eca00000, 0x00000000eca00000|100%| O|  |TAMS 0x00000000eca00000, 0x00000000eca00000| Untracked 
|1570|0x00000000eca00000, 0x00000000ecb00000, 0x00000000ecb00000|100%| O|  |TAMS 0x00000000ecb00000, 0x00000000ecb00000| Untracked 
|1571|0x00000000ecb00000, 0x00000000ecbfff98, 0x00000000ecc00000| 99%| O|  |TAMS 0x00000000ecbfff98, 0x00000000ecbfff98| Untracked 
|1572|0x00000000ecc00000, 0x00000000ecd00000, 0x00000000ecd00000|100%| O|  |TAMS 0x00000000ecd00000, 0x00000000ecd00000| Untracked 
|1573|0x00000000ecd00000, 0x00000000ecdffff0, 0x00000000ece00000| 99%| O|  |TAMS 0x00000000ecdffff0, 0x00000000ecdffff0| Untracked 
|1574|0x00000000ece00000, 0x00000000eceffff0, 0x00000000ecf00000| 99%| O|  |TAMS 0x00000000eceffff0, 0x00000000eceffff0| Untracked 
|1575|0x00000000ecf00000, 0x00000000ed000000, 0x00000000ed000000|100%| O|  |TAMS 0x00000000ed000000, 0x00000000ed000000| Untracked 
|1576|0x00000000ed000000, 0x00000000ed100000, 0x00000000ed100000|100%| O|  |TAMS 0x00000000ed100000, 0x00000000ed100000| Untracked 
|1577|0x00000000ed100000, 0x00000000ed1ffff0, 0x00000000ed200000| 99%| O|  |TAMS 0x00000000ed1ffff0, 0x00000000ed1ffff0| Untracked 
|1578|0x00000000ed200000, 0x00000000ed2ffff8, 0x00000000ed300000| 99%| O|  |TAMS 0x00000000ed2ffff8, 0x00000000ed2ffff8| Untracked 
|1579|0x00000000ed300000, 0x00000000ed400000, 0x00000000ed400000|100%| O|  |TAMS 0x00000000ed400000, 0x00000000ed400000| Untracked 
|1580|0x00000000ed400000, 0x00000000ed4ffff8, 0x00000000ed500000| 99%| O|  |TAMS 0x00000000ed4ffff8, 0x00000000ed4ffff8| Untracked 
|1581|0x00000000ed500000, 0x00000000ed600000, 0x00000000ed600000|100%| O|  |TAMS 0x00000000ed600000, 0x00000000ed600000| Untracked 
|1582|0x00000000ed600000, 0x00000000ed6fffa0, 0x00000000ed700000| 99%| O|  |TAMS 0x00000000ed6fffa0, 0x00000000ed6fffa0| Untracked 
|1583|0x00000000ed700000, 0x00000000ed7ffff0, 0x00000000ed800000| 99%| O|  |TAMS 0x00000000ed7ffff0, 0x00000000ed7ffff0| Untracked 
|1584|0x00000000ed800000, 0x00000000ed8ffff8, 0x00000000ed900000| 99%| O|  |TAMS 0x00000000ed8ffff8, 0x00000000ed8ffff8| Untracked 
|1585|0x00000000ed900000, 0x00000000ed9ffff0, 0x00000000eda00000| 99%| O|  |TAMS 0x00000000ed9ffff0, 0x00000000ed9ffff0| Untracked 
|1586|0x00000000eda00000, 0x00000000edaffff0, 0x00000000edb00000| 99%| O|  |TAMS 0x00000000edaffff0, 0x00000000edaffff0| Untracked 
|1587|0x00000000edb00000, 0x00000000edbffff8, 0x00000000edc00000| 99%| O|  |TAMS 0x00000000edbffff8, 0x00000000edbffff8| Untracked 
|1588|0x00000000edc00000, 0x00000000edcffff8, 0x00000000edd00000| 99%| O|  |TAMS 0x00000000edcffff8, 0x00000000edcffff8| Untracked 
|1589|0x00000000edd00000, 0x00000000eddffff8, 0x00000000ede00000| 99%| O|  |TAMS 0x00000000eddffff8, 0x00000000eddffff8| Untracked 
|1590|0x00000000ede00000, 0x00000000edeffff8, 0x00000000edf00000| 99%| O|  |TAMS 0x00000000edeffff8, 0x00000000edeffff8| Untracked 
|1591|0x00000000edf00000, 0x00000000edfffff8, 0x00000000ee000000| 99%| O|  |TAMS 0x00000000edfffff8, 0x00000000edfffff8| Untracked 
|1592|0x00000000ee000000, 0x00000000ee0fffd8, 0x00000000ee100000| 99%| O|  |TAMS 0x00000000ee0fffd8, 0x00000000ee0fffd8| Untracked 
|1593|0x00000000ee100000, 0x00000000ee1ffff0, 0x00000000ee200000| 99%| O|  |TAMS 0x00000000ee1ffff0, 0x00000000ee1ffff0| Untracked 
|1594|0x00000000ee200000, 0x00000000ee2fffc8, 0x00000000ee300000| 99%| O|  |TAMS 0x00000000ee2fffc8, 0x00000000ee2fffc8| Untracked 
|1595|0x00000000ee300000, 0x00000000ee3ffff8, 0x00000000ee400000| 99%| O|  |TAMS 0x00000000ee3ffff8, 0x00000000ee3ffff8| Untracked 
|1596|0x00000000ee400000, 0x00000000ee4ffff8, 0x00000000ee500000| 99%| O|  |TAMS 0x00000000ee4ffff8, 0x00000000ee4ffff8| Untracked 
|1597|0x00000000ee500000, 0x00000000ee5ffff8, 0x00000000ee600000| 99%| O|  |TAMS 0x00000000ee5ffff8, 0x00000000ee5ffff8| Untracked 
|1598|0x00000000ee600000, 0x00000000ee700000, 0x00000000ee700000|100%| O|  |TAMS 0x00000000ee700000, 0x00000000ee700000| Untracked 
|1599|0x00000000ee700000, 0x00000000ee7ffff8, 0x00000000ee800000| 99%| O|  |TAMS 0x00000000ee7ffff8, 0x00000000ee7ffff8| Untracked 
|1600|0x00000000ee800000, 0x00000000ee8ffff0, 0x00000000ee900000| 99%| O|  |TAMS 0x00000000ee8ffff0, 0x00000000ee8ffff0| Untracked 
|1601|0x00000000ee900000, 0x00000000ee9ffff8, 0x00000000eea00000| 99%| O|  |TAMS 0x00000000ee9ffff8, 0x00000000ee9ffff8| Untracked 
|1602|0x00000000eea00000, 0x00000000eeb00000, 0x00000000eeb00000|100%| O|  |TAMS 0x00000000eeb00000, 0x00000000eeb00000| Untracked 
|1603|0x00000000eeb00000, 0x00000000eebffff0, 0x00000000eec00000| 99%| O|  |TAMS 0x00000000eebffff0, 0x00000000eebffff0| Untracked 
|1604|0x00000000eec00000, 0x00000000eed00000, 0x00000000eed00000|100%| O|  |TAMS 0x00000000eed00000, 0x00000000eed00000| Untracked 
|1605|0x00000000eed00000, 0x00000000eedffff0, 0x00000000eee00000| 99%| O|  |TAMS 0x00000000eedffff0, 0x00000000eedffff0| Untracked 
|1606|0x00000000eee00000, 0x00000000eeeffff0, 0x00000000eef00000| 99%| O|  |TAMS 0x00000000eeeffff0, 0x00000000eeeffff0| Untracked 
|1607|0x00000000eef00000, 0x00000000eeffffd8, 0x00000000ef000000| 99%| O|  |TAMS 0x00000000eeffffd8, 0x00000000eeffffd8| Untracked 
|1608|0x00000000ef000000, 0x00000000ef0ffff0, 0x00000000ef100000| 99%| O|  |TAMS 0x00000000ef0ffff0, 0x00000000ef0ffff0| Untracked 
|1609|0x00000000ef100000, 0x00000000ef1ffff0, 0x00000000ef200000| 99%| O|  |TAMS 0x00000000ef1ffff0, 0x00000000ef1ffff0| Untracked 
|1610|0x00000000ef200000, 0x00000000ef2ffff8, 0x00000000ef300000| 99%| O|  |TAMS 0x00000000ef2ffff8, 0x00000000ef2ffff8| Untracked 
|1611|0x00000000ef300000, 0x00000000ef3ffff8, 0x00000000ef400000| 99%| O|  |TAMS 0x00000000ef3ffff8, 0x00000000ef3ffff8| Untracked 
|1612|0x00000000ef400000, 0x00000000ef4ffff8, 0x00000000ef500000| 99%| O|  |TAMS 0x00000000ef4ffff8, 0x00000000ef4ffff8| Untracked 
|1613|0x00000000ef500000, 0x00000000ef600000, 0x00000000ef600000|100%| O|  |TAMS 0x00000000ef600000, 0x00000000ef600000| Untracked 
|1614|0x00000000ef600000, 0x00000000ef6ffff8, 0x00000000ef700000| 99%| O|  |TAMS 0x00000000ef6ffff8, 0x00000000ef6ffff8| Untracked 
|1615|0x00000000ef700000, 0x00000000ef7fffe8, 0x00000000ef800000| 99%| O|  |TAMS 0x00000000ef7fffe8, 0x00000000ef7fffe8| Untracked 
|1616|0x00000000ef800000, 0x00000000ef8ffff8, 0x00000000ef900000| 99%| O|  |TAMS 0x00000000ef8ffff8, 0x00000000ef8ffff8| Untracked 
|1617|0x00000000ef900000, 0x00000000ef9ffff0, 0x00000000efa00000| 99%| O|  |TAMS 0x00000000ef9ffff0, 0x00000000ef9ffff0| Untracked 
|1618|0x00000000efa00000, 0x00000000efb00000, 0x00000000efb00000|100%| O|  |TAMS 0x00000000efb00000, 0x00000000efb00000| Untracked 
|1619|0x00000000efb00000, 0x00000000efc00000, 0x00000000efc00000|100%| O|  |TAMS 0x00000000efc00000, 0x00000000efc00000| Untracked 
|1620|0x00000000efc00000, 0x00000000efcfffd0, 0x00000000efd00000| 99%| O|  |TAMS 0x00000000efcfffd0, 0x00000000efcfffd0| Untracked 
|1621|0x00000000efd00000, 0x00000000efdffe68, 0x00000000efe00000| 99%| O|  |TAMS 0x00000000efdffe68, 0x00000000efdffe68| Untracked 
|1622|0x00000000efe00000, 0x00000000efeffff8, 0x00000000eff00000| 99%| O|  |TAMS 0x00000000efeffff8, 0x00000000efeffff8| Untracked 
|1623|0x00000000eff00000, 0x00000000f0000000, 0x00000000f0000000|100%| O|  |TAMS 0x00000000f0000000, 0x00000000f0000000| Untracked 
|1624|0x00000000f0000000, 0x00000000f00ffff8, 0x00000000f0100000| 99%| O|  |TAMS 0x00000000f00ffff8, 0x00000000f00ffff8| Untracked 
|1625|0x00000000f0100000, 0x00000000f0200000, 0x00000000f0200000|100%| O|  |TAMS 0x00000000f0200000, 0x00000000f0200000| Untracked 
|1626|0x00000000f0200000, 0x00000000f02ffff0, 0x00000000f0300000| 99%| O|  |TAMS 0x00000000f02ffff0, 0x00000000f02ffff0| Untracked 
|1627|0x00000000f0300000, 0x00000000f03ffff0, 0x00000000f0400000| 99%| O|  |TAMS 0x00000000f03ffff0, 0x00000000f03ffff0| Untracked 
|1628|0x00000000f0400000, 0x00000000f04ffff8, 0x00000000f0500000| 99%| O|  |TAMS 0x00000000f04ffff8, 0x00000000f04ffff8| Untracked 
|1629|0x00000000f0500000, 0x00000000f05ffff8, 0x00000000f0600000| 99%| O|  |TAMS 0x00000000f05ffff8, 0x00000000f05ffff8| Untracked 
|1630|0x00000000f0600000, 0x00000000f06ffff8, 0x00000000f0700000| 99%| O|  |TAMS 0x00000000f06ffff8, 0x00000000f06ffff8| Untracked 
|1631|0x00000000f0700000, 0x00000000f07ffff0, 0x00000000f0800000| 99%| O|  |TAMS 0x00000000f07ffff0, 0x00000000f07ffff0| Untracked 
|1632|0x00000000f0800000, 0x00000000f08ffff0, 0x00000000f0900000| 99%| O|  |TAMS 0x00000000f08ffff0, 0x00000000f08ffff0| Untracked 
|1633|0x00000000f0900000, 0x00000000f0a00000, 0x00000000f0a00000|100%| O|  |TAMS 0x00000000f0a00000, 0x00000000f0a00000| Untracked 
|1634|0x00000000f0a00000, 0x00000000f0affff0, 0x00000000f0b00000| 99%| O|  |TAMS 0x00000000f0affff0, 0x00000000f0affff0| Untracked 
|1635|0x00000000f0b00000, 0x00000000f0c00000, 0x00000000f0c00000|100%| O|  |TAMS 0x00000000f0c00000, 0x00000000f0c00000| Untracked 
|1636|0x00000000f0c00000, 0x00000000f0d00000, 0x00000000f0d00000|100%| O|  |TAMS 0x00000000f0d00000, 0x00000000f0d00000| Untracked 
|1637|0x00000000f0d00000, 0x00000000f0e00000, 0x00000000f0e00000|100%| O|  |TAMS 0x00000000f0e00000, 0x00000000f0e00000| Untracked 
|1638|0x00000000f0e00000, 0x00000000f0f00000, 0x00000000f0f00000|100%| O|  |TAMS 0x00000000f0f00000, 0x00000000f0f00000| Untracked 
|1639|0x00000000f0f00000, 0x00000000f1000000, 0x00000000f1000000|100%| O|  |TAMS 0x00000000f1000000, 0x00000000f1000000| Untracked 
|1640|0x00000000f1000000, 0x00000000f10ffff8, 0x00000000f1100000| 99%| O|  |TAMS 0x00000000f10ffff8, 0x00000000f10ffff8| Untracked 
|1641|0x00000000f1100000, 0x00000000f11ffff8, 0x00000000f1200000| 99%| O|  |TAMS 0x00000000f11ffff8, 0x00000000f11ffff8| Untracked 
|1642|0x00000000f1200000, 0x00000000f1300000, 0x00000000f1300000|100%| O|  |TAMS 0x00000000f1300000, 0x00000000f1300000| Untracked 
|1643|0x00000000f1300000, 0x00000000f13ffff8, 0x00000000f1400000| 99%| O|  |TAMS 0x00000000f13ffff8, 0x00000000f13ffff8| Untracked 
|1644|0x00000000f1400000, 0x00000000f1500000, 0x00000000f1500000|100%| O|  |TAMS 0x00000000f1500000, 0x00000000f1500000| Untracked 
|1645|0x00000000f1500000, 0x00000000f1600000, 0x00000000f1600000|100%| O|  |TAMS 0x00000000f1600000, 0x00000000f1600000| Untracked 
|1646|0x00000000f1600000, 0x00000000f1700000, 0x00000000f1700000|100%| O|  |TAMS 0x00000000f1700000, 0x00000000f1700000| Untracked 
|1647|0x00000000f1700000, 0x00000000f17ffff8, 0x00000000f1800000| 99%| O|  |TAMS 0x00000000f17ffff8, 0x00000000f17ffff8| Untracked 
|1648|0x00000000f1800000, 0x00000000f18ffff8, 0x00000000f1900000| 99%| O|  |TAMS 0x00000000f18ffff8, 0x00000000f18ffff8| Untracked 
|1649|0x00000000f1900000, 0x00000000f19ffba0, 0x00000000f1a00000| 99%| O|  |TAMS 0x00000000f19ffba0, 0x00000000f19ffba0| Untracked 
|1650|0x00000000f1a00000, 0x00000000f1afffe8, 0x00000000f1b00000| 99%| O|  |TAMS 0x00000000f1afffe8, 0x00000000f1afffe8| Untracked 
|1651|0x00000000f1b00000, 0x00000000f1c00000, 0x00000000f1c00000|100%| O|  |TAMS 0x00000000f1c00000, 0x00000000f1c00000| Untracked 
|1652|0x00000000f1c00000, 0x00000000f1cffff0, 0x00000000f1d00000| 99%| O|  |TAMS 0x00000000f1cffff0, 0x00000000f1cffff0| Untracked 
|1653|0x00000000f1d00000, 0x00000000f1dffff0, 0x00000000f1e00000| 99%| O|  |TAMS 0x00000000f1dffff0, 0x00000000f1dffff0| Untracked 
|1654|0x00000000f1e00000, 0x00000000f1efffe0, 0x00000000f1f00000| 99%| O|  |TAMS 0x00000000f1efffe0, 0x00000000f1efffe0| Untracked 
|1655|0x00000000f1f00000, 0x00000000f1ffffc0, 0x00000000f2000000| 99%| O|  |TAMS 0x00000000f1ffffc0, 0x00000000f1ffffc0| Untracked 
|1656|0x00000000f2000000, 0x00000000f20ffff0, 0x00000000f2100000| 99%| O|  |TAMS 0x00000000f20ffff0, 0x00000000f20ffff0| Untracked 
|1657|0x00000000f2100000, 0x00000000f2200000, 0x00000000f2200000|100%| O|  |TAMS 0x00000000f2200000, 0x00000000f2200000| Untracked 
|1658|0x00000000f2200000, 0x00000000f22ffe48, 0x00000000f2300000| 99%| O|  |TAMS 0x00000000f22ffe48, 0x00000000f22ffe48| Untracked 
|1659|0x00000000f2300000, 0x00000000f23ffff8, 0x00000000f2400000| 99%| O|  |TAMS 0x00000000f23ffff8, 0x00000000f23ffff8| Untracked 
|1660|0x00000000f2400000, 0x00000000f24ffff0, 0x00000000f2500000| 99%| O|  |TAMS 0x00000000f24ffff0, 0x00000000f24ffff0| Untracked 
|1661|0x00000000f2500000, 0x00000000f25ffff0, 0x00000000f2600000| 99%| O|  |TAMS 0x00000000f25ffff0, 0x00000000f25ffff0| Untracked 
|1662|0x00000000f2600000, 0x00000000f26ffff8, 0x00000000f2700000| 99%| O|  |TAMS 0x00000000f26ffff8, 0x00000000f26ffff8| Untracked 
|1663|0x00000000f2700000, 0x00000000f2800000, 0x00000000f2800000|100%| O|  |TAMS 0x00000000f2800000, 0x00000000f2800000| Untracked 
|1664|0x00000000f2800000, 0x00000000f2900000, 0x00000000f2900000|100%| O|  |TAMS 0x00000000f2900000, 0x00000000f2900000| Untracked 
|1665|0x00000000f2900000, 0x00000000f290b1b8, 0x00000000f2a00000|  4%| O|  |TAMS 0x00000000f2900000, 0x00000000f290b1b8| Untracked 
|1666|0x00000000f2a00000, 0x00000000f2affff8, 0x00000000f2b00000| 99%| O|  |TAMS 0x00000000f2affff8, 0x00000000f2affff8| Untracked 
|1667|0x00000000f2b00000, 0x00000000f2c00000, 0x00000000f2c00000|100%| O|  |TAMS 0x00000000f2c00000, 0x00000000f2c00000| Untracked 
|1668|0x00000000f2c00000, 0x00000000f2cfffd0, 0x00000000f2d00000| 99%| O|  |TAMS 0x00000000f2cfffd0, 0x00000000f2cfffd0| Untracked 
|1669|0x00000000f2d00000, 0x00000000f2e00000, 0x00000000f2e00000|100%| O|  |TAMS 0x00000000f2e00000, 0x00000000f2e00000| Untracked 
|1670|0x00000000f2e00000, 0x00000000f2effff8, 0x00000000f2f00000| 99%| O|  |TAMS 0x00000000f2effff8, 0x00000000f2effff8| Untracked 
|1671|0x00000000f2f00000, 0x00000000f3000000, 0x00000000f3000000|100%| O|  |TAMS 0x00000000f3000000, 0x00000000f3000000| Untracked 
|1672|0x00000000f3000000, 0x00000000f30ffff0, 0x00000000f3100000| 99%| O|  |TAMS 0x00000000f30ffff0, 0x00000000f30ffff0| Untracked 
|1673|0x00000000f3100000, 0x00000000f31ffea8, 0x00000000f3200000| 99%| O|  |TAMS 0x00000000f31ffea8, 0x00000000f31ffea8| Untracked 
|1674|0x00000000f3200000, 0x00000000f32ffff8, 0x00000000f3300000| 99%| O|  |TAMS 0x00000000f32ffff8, 0x00000000f32ffff8| Untracked 
|1675|0x00000000f3300000, 0x00000000f3400000, 0x00000000f3400000|100%| O|  |TAMS 0x00000000f3400000, 0x00000000f3400000| Untracked 
|1676|0x00000000f3400000, 0x00000000f3500000, 0x00000000f3500000|100%| O|  |TAMS 0x00000000f3500000, 0x00000000f3500000| Untracked 
|1677|0x00000000f3500000, 0x00000000f35fffe8, 0x00000000f3600000| 99%| O|  |TAMS 0x00000000f35fffe8, 0x00000000f35fffe8| Untracked 
|1678|0x00000000f3600000, 0x00000000f36ffff8, 0x00000000f3700000| 99%| O|  |TAMS 0x00000000f36ffff8, 0x00000000f36ffff8| Untracked 
|1679|0x00000000f3700000, 0x00000000f37fffe0, 0x00000000f3800000| 99%| O|  |TAMS 0x00000000f37fffe0, 0x00000000f37fffe0| Untracked 
|1680|0x00000000f3800000, 0x00000000f38ffff0, 0x00000000f3900000| 99%| O|  |TAMS 0x00000000f38ffff0, 0x00000000f38ffff0| Untracked 
|1681|0x00000000f3900000, 0x00000000f39ffff0, 0x00000000f3a00000| 99%| O|  |TAMS 0x00000000f39ffff0, 0x00000000f39ffff0| Untracked 
|1682|0x00000000f3a00000, 0x00000000f3affff0, 0x00000000f3b00000| 99%| O|  |TAMS 0x00000000f3affff0, 0x00000000f3affff0| Untracked 
|1683|0x00000000f3b00000, 0x00000000f3c00000, 0x00000000f3c00000|100%| O|  |TAMS 0x00000000f3c00000, 0x00000000f3c00000| Untracked 
|1684|0x00000000f3c00000, 0x00000000f3cffff0, 0x00000000f3d00000| 99%| O|  |TAMS 0x00000000f3cffff0, 0x00000000f3cffff0| Untracked 
|1685|0x00000000f3d00000, 0x00000000f3e00000, 0x00000000f3e00000|100%| O|  |TAMS 0x00000000f3e00000, 0x00000000f3e00000| Untracked 
|1686|0x00000000f3e00000, 0x00000000f3effeb8, 0x00000000f3f00000| 99%| O|  |TAMS 0x00000000f3effeb8, 0x00000000f3effeb8| Untracked 
|1687|0x00000000f3f00000, 0x00000000f3fffff8, 0x00000000f4000000| 99%| O|  |TAMS 0x00000000f3fffff8, 0x00000000f3fffff8| Untracked 
|1688|0x00000000f4000000, 0x00000000f40ffff8, 0x00000000f4100000| 99%| O|  |TAMS 0x00000000f40ffff8, 0x00000000f40ffff8| Untracked 
|1689|0x00000000f4100000, 0x00000000f41ffff8, 0x00000000f4200000| 99%| O|  |TAMS 0x00000000f41ffff8, 0x00000000f41ffff8| Untracked 
|1690|0x00000000f4200000, 0x00000000f42fffc8, 0x00000000f4300000| 99%| O|  |TAMS 0x00000000f42fffc8, 0x00000000f42fffc8| Untracked 
|1691|0x00000000f4300000, 0x00000000f43ffff0, 0x00000000f4400000| 99%| O|  |TAMS 0x00000000f43ffff0, 0x00000000f43ffff0| Untracked 
|1692|0x00000000f4400000, 0x00000000f4500000, 0x00000000f4500000|100%| O|  |TAMS 0x00000000f4500000, 0x00000000f4500000| Untracked 
|1693|0x00000000f4500000, 0x00000000f4600000, 0x00000000f4600000|100%| O|  |TAMS 0x00000000f4600000, 0x00000000f4600000| Untracked 
|1694|0x00000000f4600000, 0x00000000f46ff138, 0x00000000f4700000| 99%| O|  |TAMS 0x00000000f46ff138, 0x00000000f46ff138| Untracked 
|1695|0x00000000f4700000, 0x00000000f4800000, 0x00000000f4800000|100%| O|  |TAMS 0x00000000f4800000, 0x00000000f4800000| Untracked 
|1696|0x00000000f4800000, 0x00000000f4900000, 0x00000000f4900000|100%| O|  |TAMS 0x00000000f4900000, 0x00000000f4900000| Untracked 
|1697|0x00000000f4900000, 0x00000000f4a00000, 0x00000000f4a00000|100%| O|  |TAMS 0x00000000f4a00000, 0x00000000f4a00000| Untracked 
|1698|0x00000000f4a00000, 0x00000000f4afffa8, 0x00000000f4b00000| 99%| O|  |TAMS 0x00000000f4afffa8, 0x00000000f4afffa8| Untracked 
|1699|0x00000000f4b00000, 0x00000000f4bffff0, 0x00000000f4c00000| 99%| O|  |TAMS 0x00000000f4bffff0, 0x00000000f4bffff0| Untracked 
|1700|0x00000000f4c00000, 0x00000000f4cffff0, 0x00000000f4d00000| 99%| O|  |TAMS 0x00000000f4cffff0, 0x00000000f4cffff0| Untracked 
|1701|0x00000000f4d00000, 0x00000000f4dffe40, 0x00000000f4e00000| 99%| O|  |TAMS 0x00000000f4dffe40, 0x00000000f4dffe40| Untracked 
|1702|0x00000000f4e00000, 0x00000000f4effff8, 0x00000000f4f00000| 99%| O|  |TAMS 0x00000000f4effff8, 0x00000000f4effff8| Untracked 
|1703|0x00000000f4f00000, 0x00000000f4fffff0, 0x00000000f5000000| 99%| O|  |TAMS 0x00000000f4fffff0, 0x00000000f4fffff0| Untracked 
|1704|0x00000000f5000000, 0x00000000f50ffff8, 0x00000000f5100000| 99%| O|  |TAMS 0x00000000f50ffff8, 0x00000000f50ffff8| Untracked 
|1705|0x00000000f5100000, 0x00000000f51ffff0, 0x00000000f5200000| 99%| O|  |TAMS 0x00000000f51ffff0, 0x00000000f51ffff0| Untracked 
|1706|0x00000000f5200000, 0x00000000f52ffff0, 0x00000000f5300000| 99%| O|  |TAMS 0x00000000f52ffff0, 0x00000000f52ffff0| Untracked 
|1707|0x00000000f5300000, 0x00000000f5400000, 0x00000000f5400000|100%| O|  |TAMS 0x00000000f5400000, 0x00000000f5400000| Untracked 
|1708|0x00000000f5400000, 0x00000000f54ffff0, 0x00000000f5500000| 99%| O|  |TAMS 0x00000000f54ffff0, 0x00000000f54ffff0| Untracked 
|1709|0x00000000f5500000, 0x00000000f5600000, 0x00000000f5600000|100%| O|  |TAMS 0x00000000f5600000, 0x00000000f5600000| Untracked 
|1710|0x00000000f5600000, 0x00000000f56ffff8, 0x00000000f5700000| 99%| O|  |TAMS 0x00000000f56ffff8, 0x00000000f56ffff8| Untracked 
|1711|0x00000000f5700000, 0x00000000f57ffff0, 0x00000000f5800000| 99%| O|  |TAMS 0x00000000f57ffff0, 0x00000000f57ffff0| Untracked 
|1712|0x00000000f5800000, 0x00000000f5900000, 0x00000000f5900000|100%| O|  |TAMS 0x00000000f5900000, 0x00000000f5900000| Untracked 
|1713|0x00000000f5900000, 0x00000000f59ffff8, 0x00000000f5a00000| 99%| O|  |TAMS 0x00000000f59ffff8, 0x00000000f59ffff8| Untracked 
|1714|0x00000000f5a00000, 0x00000000f5affff8, 0x00000000f5b00000| 99%| O|  |TAMS 0x00000000f5affff8, 0x00000000f5affff8| Untracked 
|1715|0x00000000f5b00000, 0x00000000f5c00000, 0x00000000f5c00000|100%| O|  |TAMS 0x00000000f5c00000, 0x00000000f5c00000| Untracked 
|1716|0x00000000f5c00000, 0x00000000f5cffff8, 0x00000000f5d00000| 99%| O|  |TAMS 0x00000000f5cffff8, 0x00000000f5cffff8| Untracked 
|1717|0x00000000f5d00000, 0x00000000f5dffff8, 0x00000000f5e00000| 99%| O|  |TAMS 0x00000000f5dffff8, 0x00000000f5dffff8| Untracked 
|1718|0x00000000f5e00000, 0x00000000f5effff0, 0x00000000f5f00000| 99%| O|  |TAMS 0x00000000f5effff0, 0x00000000f5effff0| Untracked 
|1719|0x00000000f5f00000, 0x00000000f5fffff0, 0x00000000f6000000| 99%| O|  |TAMS 0x00000000f5fffff0, 0x00000000f5fffff0| Untracked 
|1720|0x00000000f6000000, 0x00000000f6100000, 0x00000000f6100000|100%| O|  |TAMS 0x00000000f6100000, 0x00000000f6100000| Untracked 
|1721|0x00000000f6100000, 0x00000000f61ffff0, 0x00000000f6200000| 99%| O|  |TAMS 0x00000000f61ffff0, 0x00000000f61ffff0| Untracked 
|1722|0x00000000f6200000, 0x00000000f62ffff0, 0x00000000f6300000| 99%| O|  |TAMS 0x00000000f62ffff0, 0x00000000f62ffff0| Untracked 
|1723|0x00000000f6300000, 0x00000000f6400000, 0x00000000f6400000|100%| O|  |TAMS 0x00000000f6400000, 0x00000000f6400000| Untracked 
|1724|0x00000000f6400000, 0x00000000f64ffff0, 0x00000000f6500000| 99%| O|  |TAMS 0x00000000f64ffff0, 0x00000000f64ffff0| Untracked 
|1725|0x00000000f6500000, 0x00000000f65ffff0, 0x00000000f6600000| 99%| O|  |TAMS 0x00000000f65ffff0, 0x00000000f65ffff0| Untracked 
|1726|0x00000000f6600000, 0x00000000f6700000, 0x00000000f6700000|100%| O|  |TAMS 0x00000000f6700000, 0x00000000f6700000| Untracked 
|1727|0x00000000f6700000, 0x00000000f67ffff0, 0x00000000f6800000| 99%| O|  |TAMS 0x00000000f67ffff0, 0x00000000f67ffff0| Untracked 
|1728|0x00000000f6800000, 0x00000000f68ffff8, 0x00000000f6900000| 99%| O|  |TAMS 0x00000000f68ffff8, 0x00000000f68ffff8| Untracked 
|1729|0x00000000f6900000, 0x00000000f69ffff0, 0x00000000f6a00000| 99%| O|  |TAMS 0x00000000f69ffff0, 0x00000000f69ffff0| Untracked 
|1730|0x00000000f6a00000, 0x00000000f6affb10, 0x00000000f6b00000| 99%| O|  |TAMS 0x00000000f6affb10, 0x00000000f6affb10| Untracked 
|1731|0x00000000f6b00000, 0x00000000f6bffea0, 0x00000000f6c00000| 99%| O|  |TAMS 0x00000000f6bffea0, 0x00000000f6bffea0| Untracked 
|1732|0x00000000f6c00000, 0x00000000f6d00000, 0x00000000f6d00000|100%| O|  |TAMS 0x00000000f6d00000, 0x00000000f6d00000| Untracked 
|1733|0x00000000f6d00000, 0x00000000f6dffff0, 0x00000000f6e00000| 99%| O|  |TAMS 0x00000000f6dffff0, 0x00000000f6dffff0| Untracked 
|1734|0x00000000f6e00000, 0x00000000f6f00000, 0x00000000f6f00000|100%| O|  |TAMS 0x00000000f6f00000, 0x00000000f6f00000| Untracked 
|1735|0x00000000f6f00000, 0x00000000f6fffff8, 0x00000000f7000000| 99%| O|  |TAMS 0x00000000f6fffff8, 0x00000000f6fffff8| Untracked 
|1736|0x00000000f7000000, 0x00000000f70ffff0, 0x00000000f7100000| 99%| O|  |TAMS 0x00000000f70ffff0, 0x00000000f70ffff0| Untracked 
|1737|0x00000000f7100000, 0x00000000f71ffff0, 0x00000000f7200000| 99%| O|  |TAMS 0x00000000f71ffff0, 0x00000000f71ffff0| Untracked 
|1738|0x00000000f7200000, 0x00000000f72ffff8, 0x00000000f7300000| 99%| O|  |TAMS 0x00000000f72ffff8, 0x00000000f72ffff8| Untracked 
|1739|0x00000000f7300000, 0x00000000f73ffff0, 0x00000000f7400000| 99%| O|  |TAMS 0x00000000f73ffff0, 0x00000000f73ffff0| Untracked 
|1740|0x00000000f7400000, 0x00000000f7500000, 0x00000000f7500000|100%| O|  |TAMS 0x00000000f7500000, 0x00000000f7500000| Untracked 
|1741|0x00000000f7500000, 0x00000000f7600000, 0x00000000f7600000|100%| O|  |TAMS 0x00000000f7600000, 0x00000000f7600000| Untracked 
|1742|0x00000000f7600000, 0x00000000f7700000, 0x00000000f7700000|100%| O|  |TAMS 0x00000000f7700000, 0x00000000f7700000| Untracked 
|1743|0x00000000f7700000, 0x00000000f7800000, 0x00000000f7800000|100%| O|  |TAMS 0x00000000f7800000, 0x00000000f7800000| Untracked 
|1744|0x00000000f7800000, 0x00000000f78ffff8, 0x00000000f7900000| 99%| O|  |TAMS 0x00000000f78ffff8, 0x00000000f78ffff8| Untracked 
|1745|0x00000000f7900000, 0x00000000f79ffff0, 0x00000000f7a00000| 99%| O|  |TAMS 0x00000000f79ffff0, 0x00000000f79ffff0| Untracked 
|1746|0x00000000f7a00000, 0x00000000f7affff0, 0x00000000f7b00000| 99%| O|  |TAMS 0x00000000f7affff0, 0x00000000f7affff0| Untracked 
|1747|0x00000000f7b00000, 0x00000000f7bfffe0, 0x00000000f7c00000| 99%| O|  |TAMS 0x00000000f7bfffe0, 0x00000000f7bfffe0| Untracked 
|1748|0x00000000f7c00000, 0x00000000f7cffff8, 0x00000000f7d00000| 99%| O|  |TAMS 0x00000000f7cffff8, 0x00000000f7cffff8| Untracked 
|1749|0x00000000f7d00000, 0x00000000f7dffff8, 0x00000000f7e00000| 99%| O|  |TAMS 0x00000000f7dffff8, 0x00000000f7dffff8| Untracked 
|1750|0x00000000f7e00000, 0x00000000f7efffe8, 0x00000000f7f00000| 99%| O|  |TAMS 0x00000000f7efffe8, 0x00000000f7efffe8| Untracked 
|1751|0x00000000f7f00000, 0x00000000f7fffff8, 0x00000000f8000000| 99%| O|  |TAMS 0x00000000f7fffff8, 0x00000000f7fffff8| Untracked 
|1752|0x00000000f8000000, 0x00000000f8100000, 0x00000000f8100000|100%| O|  |TAMS 0x00000000f8100000, 0x00000000f8100000| Untracked 
|1753|0x00000000f8100000, 0x00000000f81ffff0, 0x00000000f8200000| 99%| O|  |TAMS 0x00000000f81ffff0, 0x00000000f81ffff0| Untracked 
|1754|0x00000000f8200000, 0x00000000f82ffff0, 0x00000000f8300000| 99%| O|  |TAMS 0x00000000f82ffff0, 0x00000000f82ffff0| Untracked 
|1755|0x00000000f8300000, 0x00000000f8400000, 0x00000000f8400000|100%| O|  |TAMS 0x00000000f8400000, 0x00000000f8400000| Untracked 
|1756|0x00000000f8400000, 0x00000000f84ffff0, 0x00000000f8500000| 99%| O|  |TAMS 0x00000000f84ffff0, 0x00000000f84ffff0| Untracked 
|1757|0x00000000f8500000, 0x00000000f85ffff0, 0x00000000f8600000| 99%| O|  |TAMS 0x00000000f85ffff0, 0x00000000f85ffff0| Untracked 
|1758|0x00000000f8600000, 0x00000000f8700000, 0x00000000f8700000|100%| O|  |TAMS 0x00000000f8700000, 0x00000000f8700000| Untracked 
|1759|0x00000000f8700000, 0x00000000f87ffff0, 0x00000000f8800000| 99%| O|  |TAMS 0x00000000f87ffff0, 0x00000000f87ffff0| Untracked 
|1760|0x00000000f8800000, 0x00000000f88fffc0, 0x00000000f8900000| 99%| O|  |TAMS 0x00000000f88fffc0, 0x00000000f88fffc0| Untracked 
|1761|0x00000000f8900000, 0x00000000f8a00000, 0x00000000f8a00000|100%| O|  |TAMS 0x00000000f8a00000, 0x00000000f8a00000| Untracked 
|1762|0x00000000f8a00000, 0x00000000f8affff8, 0x00000000f8b00000| 99%| O|  |TAMS 0x00000000f8affff8, 0x00000000f8affff8| Untracked 
|1763|0x00000000f8b00000, 0x00000000f8bfffd8, 0x00000000f8c00000| 99%| O|  |TAMS 0x00000000f8bfffd8, 0x00000000f8bfffd8| Untracked 
|1764|0x00000000f8c00000, 0x00000000f8cff7e8, 0x00000000f8d00000| 99%| O|  |TAMS 0x00000000f8cff7e8, 0x00000000f8cff7e8| Untracked 
|1765|0x00000000f8d00000, 0x00000000f8dffff8, 0x00000000f8e00000| 99%| O|  |TAMS 0x00000000f8dffff8, 0x00000000f8dffff8| Untracked 
|1766|0x00000000f8e00000, 0x00000000f8effff0, 0x00000000f8f00000| 99%| O|  |TAMS 0x00000000f8effff0, 0x00000000f8effff0| Untracked 
|1767|0x00000000f8f00000, 0x00000000f9000000, 0x00000000f9000000|100%| O|  |TAMS 0x00000000f9000000, 0x00000000f9000000| Untracked 
|1768|0x00000000f9000000, 0x00000000f90fff78, 0x00000000f9100000| 99%| O|  |TAMS 0x00000000f90fff78, 0x00000000f90fff78| Untracked 
|1769|0x00000000f9100000, 0x00000000f91ffff0, 0x00000000f9200000| 99%| O|  |TAMS 0x00000000f91ffff0, 0x00000000f91ffff0| Untracked 
|1770|0x00000000f9200000, 0x00000000f9300000, 0x00000000f9300000|100%| O|  |TAMS 0x00000000f9300000, 0x00000000f9300000| Untracked 
|1771|0x00000000f9300000, 0x00000000f93ffff8, 0x00000000f9400000| 99%| O|  |TAMS 0x00000000f93ffff8, 0x00000000f93ffff8| Untracked 
|1772|0x00000000f9400000, 0x00000000f94ffff8, 0x00000000f9500000| 99%| O|  |TAMS 0x00000000f94ffff8, 0x00000000f94ffff8| Untracked 
|1773|0x00000000f9500000, 0x00000000f95ffff0, 0x00000000f9600000| 99%| O|  |TAMS 0x00000000f95ffff0, 0x00000000f95ffff0| Untracked 
|1774|0x00000000f9600000, 0x00000000f9700000, 0x00000000f9700000|100%| O|  |TAMS 0x00000000f9700000, 0x00000000f9700000| Untracked 
|1775|0x00000000f9700000, 0x00000000f9800000, 0x00000000f9800000|100%| O|  |TAMS 0x00000000f9800000, 0x00000000f9800000| Untracked 
|1776|0x00000000f9800000, 0x00000000f98ffff0, 0x00000000f9900000| 99%| O|  |TAMS 0x00000000f98ffff0, 0x00000000f98ffff0| Untracked 
|1777|0x00000000f9900000, 0x00000000f9a00000, 0x00000000f9a00000|100%| O|  |TAMS 0x00000000f9a00000, 0x00000000f9a00000| Untracked 
|1778|0x00000000f9a00000, 0x00000000f9b00000, 0x00000000f9b00000|100%| O|  |TAMS 0x00000000f9b00000, 0x00000000f9b00000| Untracked 
|1779|0x00000000f9b00000, 0x00000000f9c00000, 0x00000000f9c00000|100%| O|  |TAMS 0x00000000f9c00000, 0x00000000f9c00000| Untracked 
|1780|0x00000000f9c00000, 0x00000000f9d00000, 0x00000000f9d00000|100%| O|  |TAMS 0x00000000f9d00000, 0x00000000f9d00000| Untracked 
|1781|0x00000000f9d00000, 0x00000000f9dffff0, 0x00000000f9e00000| 99%| O|  |TAMS 0x00000000f9dffff0, 0x00000000f9dffff0| Untracked 
|1782|0x00000000f9e00000, 0x00000000f9effff8, 0x00000000f9f00000| 99%| O|  |TAMS 0x00000000f9effff8, 0x00000000f9effff8| Untracked 
|1783|0x00000000f9f00000, 0x00000000fa000000, 0x00000000fa000000|100%| O|  |TAMS 0x00000000fa000000, 0x00000000fa000000| Untracked 
|1784|0x00000000fa000000, 0x00000000fa0ffff0, 0x00000000fa100000| 99%| O|  |TAMS 0x00000000fa0ffff0, 0x00000000fa0ffff0| Untracked 
|1785|0x00000000fa100000, 0x00000000fa1fffd0, 0x00000000fa200000| 99%| O|  |TAMS 0x00000000fa1fffd0, 0x00000000fa1fffd0| Untracked 
|1786|0x00000000fa200000, 0x00000000fa2ffff8, 0x00000000fa300000| 99%| O|  |TAMS 0x00000000fa2ffff8, 0x00000000fa2ffff8| Untracked 
|1787|0x00000000fa300000, 0x00000000fa3fffe8, 0x00000000fa400000| 99%| O|  |TAMS 0x00000000fa3fffe8, 0x00000000fa3fffe8| Untracked 
|1788|0x00000000fa400000, 0x00000000fa500000, 0x00000000fa500000|100%| O|  |TAMS 0x00000000fa500000, 0x00000000fa500000| Untracked 
|1789|0x00000000fa500000, 0x00000000fa600000, 0x00000000fa600000|100%| O|  |TAMS 0x00000000fa600000, 0x00000000fa600000| Untracked 
|1790|0x00000000fa600000, 0x00000000fa700000, 0x00000000fa700000|100%| O|  |TAMS 0x00000000fa700000, 0x00000000fa700000| Untracked 
|1791|0x00000000fa700000, 0x00000000fa800000, 0x00000000fa800000|100%| O|  |TAMS 0x00000000fa800000, 0x00000000fa800000| Untracked 
|1792|0x00000000fa800000, 0x00000000fa8ffff8, 0x00000000fa900000| 99%| O|  |TAMS 0x00000000fa8ffff8, 0x00000000fa8ffff8| Untracked 
|1793|0x00000000fa900000, 0x00000000faa00000, 0x00000000faa00000|100%| O|  |TAMS 0x00000000faa00000, 0x00000000faa00000| Untracked 
|1794|0x00000000faa00000, 0x00000000faaffff8, 0x00000000fab00000| 99%| O|  |TAMS 0x00000000faaffff8, 0x00000000faaffff8| Untracked 
|1795|0x00000000fab00000, 0x00000000fabffff0, 0x00000000fac00000| 99%| O|  |TAMS 0x00000000fabffff0, 0x00000000fabffff0| Untracked 
|1796|0x00000000fac00000, 0x00000000facffff8, 0x00000000fad00000| 99%| O|  |TAMS 0x00000000facffff8, 0x00000000facffff8| Untracked 
|1797|0x00000000fad00000, 0x00000000fadffda8, 0x00000000fae00000| 99%| O|  |TAMS 0x00000000fadffda8, 0x00000000fadffda8| Untracked 
|1798|0x00000000fae00000, 0x00000000faf00000, 0x00000000faf00000|100%| O|  |TAMS 0x00000000faf00000, 0x00000000faf00000| Untracked 
|1799|0x00000000faf00000, 0x00000000fafffff8, 0x00000000fb000000| 99%| O|  |TAMS 0x00000000fafffff8, 0x00000000fafffff8| Untracked 
|1800|0x00000000fb000000, 0x00000000fb100000, 0x00000000fb100000|100%| O|  |TAMS 0x00000000fb100000, 0x00000000fb100000| Untracked 
|1801|0x00000000fb100000, 0x00000000fb200000, 0x00000000fb200000|100%| O|  |TAMS 0x00000000fb200000, 0x00000000fb200000| Untracked 
|1802|0x00000000fb200000, 0x00000000fb2ffff8, 0x00000000fb300000| 99%| O|  |TAMS 0x00000000fb2ffff8, 0x00000000fb2ffff8| Untracked 
|1803|0x00000000fb300000, 0x00000000fb3ffff0, 0x00000000fb400000| 99%| O|  |TAMS 0x00000000fb3ffff0, 0x00000000fb3ffff0| Untracked 
|1804|0x00000000fb400000, 0x00000000fb500000, 0x00000000fb500000|100%| O|  |TAMS 0x00000000fb500000, 0x00000000fb500000| Untracked 
|1805|0x00000000fb500000, 0x00000000fb600000, 0x00000000fb600000|100%| O|  |TAMS 0x00000000fb600000, 0x00000000fb600000| Untracked 
|1806|0x00000000fb600000, 0x00000000fb700000, 0x00000000fb700000|100%| O|  |TAMS 0x00000000fb700000, 0x00000000fb700000| Untracked 
|1807|0x00000000fb700000, 0x00000000fb7ffff8, 0x00000000fb800000| 99%| O|  |TAMS 0x00000000fb7ffff8, 0x00000000fb7ffff8| Untracked 
|1808|0x00000000fb800000, 0x00000000fb900000, 0x00000000fb900000|100%| O|  |TAMS 0x00000000fb900000, 0x00000000fb900000| Untracked 
|1809|0x00000000fb900000, 0x00000000fb9ffff0, 0x00000000fba00000| 99%| O|  |TAMS 0x00000000fb9ffff0, 0x00000000fb9ffff0| Untracked 
|1810|0x00000000fba00000, 0x00000000fbb00000, 0x00000000fbb00000|100%| O|  |TAMS 0x00000000fbb00000, 0x00000000fbb00000| Untracked 
|1811|0x00000000fbb00000, 0x00000000fbbffff0, 0x00000000fbc00000| 99%| O|  |TAMS 0x00000000fbbffff0, 0x00000000fbbffff0| Untracked 
|1812|0x00000000fbc00000, 0x00000000fbcffff0, 0x00000000fbd00000| 99%| O|  |TAMS 0x00000000fbcffff0, 0x00000000fbcffff0| Untracked 
|1813|0x00000000fbd00000, 0x00000000fbe00000, 0x00000000fbe00000|100%| O|  |TAMS 0x00000000fbe00000, 0x00000000fbe00000| Untracked 
|1814|0x00000000fbe00000, 0x00000000fbeff518, 0x00000000fbf00000| 99%| O|  |TAMS 0x00000000fbeff518, 0x00000000fbeff518| Untracked 
|1815|0x00000000fbf00000, 0x00000000fbfffd90, 0x00000000fc000000| 99%| O|  |TAMS 0x00000000fbfffd90, 0x00000000fbfffd90| Untracked 
|1816|0x00000000fc000000, 0x00000000fc0ffff0, 0x00000000fc100000| 99%| O|  |TAMS 0x00000000fc0ffff0, 0x00000000fc0ffff0| Untracked 
|1817|0x00000000fc100000, 0x00000000fc200000, 0x00000000fc200000|100%| O|  |TAMS 0x00000000fc200000, 0x00000000fc200000| Untracked 
|1818|0x00000000fc200000, 0x00000000fc300000, 0x00000000fc300000|100%| O|  |TAMS 0x00000000fc300000, 0x00000000fc300000| Untracked 
|1819|0x00000000fc300000, 0x00000000fc3ffff0, 0x00000000fc400000| 99%| O|  |TAMS 0x00000000fc3ffff0, 0x00000000fc3ffff0| Untracked 
|1820|0x00000000fc400000, 0x00000000fc4ffff0, 0x00000000fc500000| 99%| O|  |TAMS 0x00000000fc4ffff0, 0x00000000fc4ffff0| Untracked 
|1821|0x00000000fc500000, 0x00000000fc5ffff0, 0x00000000fc600000| 99%| O|  |TAMS 0x00000000fc5ffff0, 0x00000000fc5ffff0| Untracked 
|1822|0x00000000fc600000, 0x00000000fc700000, 0x00000000fc700000|100%| O|  |TAMS 0x00000000fc700000, 0x00000000fc700000| Untracked 
|1823|0x00000000fc700000, 0x00000000fc800000, 0x00000000fc800000|100%| O|  |TAMS 0x00000000fc800000, 0x00000000fc800000| Untracked 
|1824|0x00000000fc800000, 0x00000000fc8ffff0, 0x00000000fc900000| 99%| O|  |TAMS 0x00000000fc8ffff0, 0x00000000fc8ffff0| Untracked 
|1825|0x00000000fc900000, 0x00000000fc9ffff8, 0x00000000fca00000| 99%| O|  |TAMS 0x00000000fc9ffff8, 0x00000000fc9ffff8| Untracked 
|1826|0x00000000fca00000, 0x00000000fcaffff0, 0x00000000fcb00000| 99%| O|  |TAMS 0x00000000fcaffff0, 0x00000000fcaffff0| Untracked 
|1827|0x00000000fcb00000, 0x00000000fcbffff8, 0x00000000fcc00000| 99%| O|  |TAMS 0x00000000fcbffff8, 0x00000000fcbffff8| Untracked 
|1828|0x00000000fcc00000, 0x00000000fccffff8, 0x00000000fcd00000| 99%| O|  |TAMS 0x00000000fccffff8, 0x00000000fccffff8| Untracked 
|1829|0x00000000fcd00000, 0x00000000fcdffff8, 0x00000000fce00000| 99%| O|  |TAMS 0x00000000fcdffff8, 0x00000000fcdffff8| Untracked 
|1830|0x00000000fce00000, 0x00000000fcf00000, 0x00000000fcf00000|100%| O|  |TAMS 0x00000000fcf00000, 0x00000000fcf00000| Untracked 
|1831|0x00000000fcf00000, 0x00000000fd000000, 0x00000000fd000000|100%| O|  |TAMS 0x00000000fd000000, 0x00000000fd000000| Untracked 
|1832|0x00000000fd000000, 0x00000000fd100000, 0x00000000fd100000|100%| O|  |TAMS 0x00000000fd100000, 0x00000000fd100000| Untracked 
|1833|0x00000000fd100000, 0x00000000fd1ffff0, 0x00000000fd200000| 99%| O|  |TAMS 0x00000000fd1ffff0, 0x00000000fd1ffff0| Untracked 
|1834|0x00000000fd200000, 0x00000000fd2ffff8, 0x00000000fd300000| 99%| O|  |TAMS 0x00000000fd2ffff8, 0x00000000fd2ffff8| Untracked 
|1835|0x00000000fd300000, 0x00000000fd3ffff8, 0x00000000fd400000| 99%| O|  |TAMS 0x00000000fd3ffff8, 0x00000000fd3ffff8| Untracked 
|1836|0x00000000fd400000, 0x00000000fd500000, 0x00000000fd500000|100%| O|  |TAMS 0x00000000fd500000, 0x00000000fd500000| Untracked 
|1837|0x00000000fd500000, 0x00000000fd5ffff8, 0x00000000fd600000| 99%| O|  |TAMS 0x00000000fd5ffff8, 0x00000000fd5ffff8| Untracked 
|1838|0x00000000fd600000, 0x00000000fd700000, 0x00000000fd700000|100%| O|  |TAMS 0x00000000fd700000, 0x00000000fd700000| Untracked 
|1839|0x00000000fd700000, 0x00000000fd7ffff0, 0x00000000fd800000| 99%| O|  |TAMS 0x00000000fd7ffff0, 0x00000000fd7ffff0| Untracked 
|1840|0x00000000fd800000, 0x00000000fd8ffff8, 0x00000000fd900000| 99%| O|  |TAMS 0x00000000fd8ffff8, 0x00000000fd8ffff8| Untracked 
|1841|0x00000000fd900000, 0x00000000fd9ffff8, 0x00000000fda00000| 99%| O|  |TAMS 0x00000000fd9ffff8, 0x00000000fd9ffff8| Untracked 
|1842|0x00000000fda00000, 0x00000000fdaffea0, 0x00000000fdb00000| 99%| O|  |TAMS 0x00000000fdaffea0, 0x00000000fdaffea0| Untracked 
|1843|0x00000000fdb00000, 0x00000000fdc00000, 0x00000000fdc00000|100%| O|  |TAMS 0x00000000fdc00000, 0x00000000fdc00000| Untracked 
|1844|0x00000000fdc00000, 0x00000000fdcffff8, 0x00000000fdd00000| 99%| O|  |TAMS 0x00000000fdcffff8, 0x00000000fdcffff8| Untracked 
|1845|0x00000000fdd00000, 0x00000000fddffff8, 0x00000000fde00000| 99%| O|  |TAMS 0x00000000fddffff8, 0x00000000fddffff8| Untracked 
|1846|0x00000000fde00000, 0x00000000fdefff48, 0x00000000fdf00000| 99%| O|  |TAMS 0x00000000fdefff48, 0x00000000fdefff48| Untracked 
|1847|0x00000000fdf00000, 0x00000000fe000000, 0x00000000fe000000|100%| O|  |TAMS 0x00000000fe000000, 0x00000000fe000000| Untracked 
|1848|0x00000000fe000000, 0x00000000fe0ffff0, 0x00000000fe100000| 99%| O|  |TAMS 0x00000000fe0ffff0, 0x00000000fe0ffff0| Untracked 
|1849|0x00000000fe100000, 0x00000000fe1ffff0, 0x00000000fe200000| 99%| O|  |TAMS 0x00000000fe1ffff0, 0x00000000fe1ffff0| Untracked 
|1850|0x00000000fe200000, 0x00000000fe300000, 0x00000000fe300000|100%| O|  |TAMS 0x00000000fe300000, 0x00000000fe300000| Untracked 
|1851|0x00000000fe300000, 0x00000000fe3ffeb8, 0x00000000fe400000| 99%| O|  |TAMS 0x00000000fe3ffeb8, 0x00000000fe3ffeb8| Untracked 
|1852|0x00000000fe400000, 0x00000000fe4ffff8, 0x00000000fe500000| 99%| O|  |TAMS 0x00000000fe4ffff8, 0x00000000fe4ffff8| Untracked 
|1853|0x00000000fe500000, 0x00000000fe600000, 0x00000000fe600000|100%| O|  |TAMS 0x00000000fe600000, 0x00000000fe600000| Untracked 
|1854|0x00000000fe600000, 0x00000000fe6fffc0, 0x00000000fe700000| 99%| O|  |TAMS 0x00000000fe6fffc0, 0x00000000fe6fffc0| Untracked 
|1855|0x00000000fe700000, 0x00000000fe7fffe0, 0x00000000fe800000| 99%| O|  |TAMS 0x00000000fe7fffe0, 0x00000000fe7fffe0| Untracked 
|1856|0x00000000fe800000, 0x00000000fe8fffe0, 0x00000000fe900000| 99%| O|  |TAMS 0x00000000fe8fffe0, 0x00000000fe8fffe0| Untracked 
|1857|0x00000000fe900000, 0x00000000fea00000, 0x00000000fea00000|100%| O|  |TAMS 0x00000000fea00000, 0x00000000fea00000| Untracked 
|1858|0x00000000fea00000, 0x00000000feaffff0, 0x00000000feb00000| 99%| O|  |TAMS 0x00000000feaffff0, 0x00000000feaffff0| Untracked 
|1859|0x00000000feb00000, 0x00000000febffff0, 0x00000000fec00000| 99%| O|  |TAMS 0x00000000febffff0, 0x00000000febffff0| Untracked 
|1860|0x00000000fec00000, 0x00000000fecffff0, 0x00000000fed00000| 99%| O|  |TAMS 0x00000000fecffff0, 0x00000000fecffff0| Untracked 
|1861|0x00000000fed00000, 0x00000000fee00000, 0x00000000fee00000|100%| O|  |TAMS 0x00000000fee00000, 0x00000000fee00000| Untracked 
|1862|0x00000000fee00000, 0x00000000fef00000, 0x00000000fef00000|100%| O|  |TAMS 0x00000000fef00000, 0x00000000fef00000| Untracked 
|1863|0x00000000fef00000, 0x00000000feffffd0, 0x00000000ff000000| 99%| O|  |TAMS 0x00000000feffffd0, 0x00000000feffffd0| Untracked 
|1864|0x00000000ff000000, 0x00000000ff100000, 0x00000000ff100000|100%| O|  |TAMS 0x00000000ff100000, 0x00000000ff100000| Untracked 
|1865|0x00000000ff100000, 0x00000000ff200000, 0x00000000ff200000|100%| O|  |TAMS 0x00000000ff200000, 0x00000000ff200000| Untracked 
|1866|0x00000000ff200000, 0x00000000ff300000, 0x00000000ff300000|100%| O|  |TAMS 0x00000000ff300000, 0x00000000ff300000| Untracked 
|1867|0x00000000ff300000, 0x00000000ff3ffff0, 0x00000000ff400000| 99%| O|  |TAMS 0x00000000ff3ffff0, 0x00000000ff3ffff0| Untracked 
|1868|0x00000000ff400000, 0x00000000ff500000, 0x00000000ff500000|100%| O|  |TAMS 0x00000000ff500000, 0x00000000ff500000| Untracked 
|1869|0x00000000ff500000, 0x00000000ff600000, 0x00000000ff600000|100%| O|  |TAMS 0x00000000ff600000, 0x00000000ff600000| Untracked 
|1870|0x00000000ff600000, 0x00000000ff700000, 0x00000000ff700000|100%| O|  |TAMS 0x00000000ff700000, 0x00000000ff700000| Untracked 
|1871|0x00000000ff700000, 0x00000000ff800000, 0x00000000ff800000|100%| O|  |TAMS 0x00000000ff800000, 0x00000000ff800000| Untracked 
|1872|0x00000000ff800000, 0x00000000ff900000, 0x00000000ff900000|100%| O|  |TAMS 0x00000000ff900000, 0x00000000ff900000| Untracked 
|1873|0x00000000ff900000, 0x00000000ffa00000, 0x00000000ffa00000|100%| O|  |TAMS 0x00000000ffa00000, 0x00000000ffa00000| Untracked 
|1874|0x00000000ffa00000, 0x00000000ffaffff8, 0x00000000ffb00000| 99%| O|  |TAMS 0x00000000ffaffff8, 0x00000000ffaffff8| Untracked 
|1875|0x00000000ffb00000, 0x00000000ffc00000, 0x00000000ffc00000|100%| O|  |TAMS 0x00000000ffc00000, 0x00000000ffc00000| Untracked 
|1876|0x00000000ffc00000, 0x00000000ffd00000, 0x00000000ffd00000|100%| O|  |TAMS 0x00000000ffd00000, 0x00000000ffd00000| Untracked 
|1877|0x00000000ffd00000, 0x00000000ffdffff8, 0x00000000ffe00000| 99%| O|  |TAMS 0x00000000ffdffff8, 0x00000000ffdffff8| Untracked 
|1878|0x00000000ffe00000, 0x00000000fff00000, 0x00000000fff00000|100%|HS|  |TAMS 0x00000000fff00000, 0x00000000fff00000| Untracked 
|1879|0x00000000fff00000, 0x0000000100000000, 0x0000000100000000|100%|HC|  |TAMS 0x0000000100000000, 0x0000000100000000| Untracked 

Card table byte_map: [0x000002506d7f0000,0x000002506dba0000] _byte_map_base: 0x000002506d39c000

Marking Bits (Prev, Next): (CMBitMap*) 0x00000250628ed170, (CMBitMap*) 0x00000250628ed130
 Prev Bits: [0x000002506fcb0000, 0x0000025071a10000)
 Next Bits: [0x000002506df50000, 0x000002506fcb0000)

Polling page: 0x0000025060a50000

Metaspace:

Usage:
  Non-class:     77.31 MB used.
      Class:     12.30 MB used.
       Both:     89.61 MB used.

Virtual space:
  Non-class space:      128.00 MB reserved,      77.94 MB ( 61%) committed,  2 nodes.
      Class space:        1.00 GB reserved,      12.75 MB (  1%) committed,  1 nodes.
             Both:        1.12 GB reserved,      90.69 MB (  8%) committed. 

Chunk freelists:
   Non-Class:  1.98 MB
       Class:  3.26 MB
        Both:  5.24 MB

MaxMetaspaceSize: unlimited
CompressedClassSpaceSize: 1.00 GB
Initial GC threshold: 21.00 MB
Current GC threshold: 151.19 MB
CDS: on
MetaspaceReclaimPolicy: balanced
 - commit_granule_bytes: 65536.
 - commit_granule_words: 8192.
 - virtual_space_node_default_size: 8388608.
 - enlarge_chunks_in_place: 1.
 - new_chunks_are_fully_committed: 0.
 - uncommit_free_chunks: 1.
 - use_allocation_guard: 0.
 - handle_deallocations: 1.


Internal statistics:

num_allocs_failed_limit: 9.
num_arena_births: 1518.
num_arena_deaths: 532.
num_vsnodes_births: 3.
num_vsnodes_deaths: 0.
num_space_committed: 1451.
num_space_uncommitted: 0.
num_chunks_returned_to_freelist: 669.
num_chunks_taken_from_freelist: 5220.
num_chunk_merges: 197.
num_chunk_splits: 3508.
num_chunks_enlarged: 2560.
num_inconsistent_stats: 0.

CodeCache: size=49152Kb used=30559Kb max_used=31999Kb free=18592Kb
 bounds [0x000002506a110000, 0x000002506c0d0000, 0x000002506d110000]
 total_blobs=18158 nmethods=17384 adapters=700
 compilation: enabled
              stopped_count=0, restarted_count=0
 full_count=0

Compilation events (20 events):
Event: 6540.523 Thread 0x00000250740bb6d0 17376       1       org.postgresql.core.ResultHandlerBase::handleCommandStatus (1 bytes)
Event: 6540.524 Thread 0x00000250740bb6d0 nmethod 17376 0x000002506becb910 code [0x000002506becbaa0, 0x000002506becbb58]
Event: 6567.142 Thread 0x00000250740bb6d0 17377       1       org.hibernate.internal.SessionImpl::isAutoCloseSessionEnabled (5 bytes)
Event: 6567.142 Thread 0x00000250740bb6d0 nmethod 17377 0x000002506becb610 code [0x000002506becb7a0, 0x000002506becb878]
Event: 6567.143 Thread 0x00000250740bb6d0 17379   !   1       java.util.concurrent.ScheduledThreadPoolExecutor$DelayedWorkQueue::remove (119 bytes)
Event: 6567.149 Thread 0x00000250740bb6d0 nmethod 17379 0x000002506beca890 code [0x000002506becaae0, 0x000002506becb078]
Event: 6567.149 Thread 0x00000250740bb6d0 17380       1       java.util.concurrent.ScheduledThreadPoolExecutor$DelayedWorkQueue::indexOf (79 bytes)
Event: 6567.150 Thread 0x00000250740bb6d0 nmethod 17380 0x000002506beca290 code [0x000002506beca440, 0x000002506beca6e8]
Event: 6567.150 Thread 0x00000250740bb6d0 17378       1       org.hibernate.event.internal.EmptyEventManager::beginJdbcConnectionReleaseEvent (2 bytes)
Event: 6567.150 Thread 0x00000250740bb6d0 nmethod 17378 0x000002506bec9f90 code [0x000002506beca120, 0x000002506beca1f8]
Event: 6567.255 Thread 0x00000250740bb6d0 17381       1       java.net.Socket::<init> (50 bytes)
Event: 6567.260 Thread 0x00000250740bb6d0 nmethod 17381 0x000002506bec9b10 code [0x000002506bec9cc0, 0x000002506bec9e68]
Event: 6567.260 Thread 0x00000250740bb6d0 17382       1       java.net.Socket::setImpl (39 bytes)
Event: 6567.261 Thread 0x00000250740bb6d0 nmethod 17382 0x000002506bec9510 code [0x000002506bec96e0, 0x000002506bec9a08]
Event: 6567.261 Thread 0x00000250740bb6d0 17383       1       java.net.SocksSocketImpl::<init> (38 bytes)
Event: 6567.263 Thread 0x00000250740bb6d0 nmethod 17383 0x000002506bec9110 code [0x000002506bec92a0, 0x000002506bec9448]
Event: 6567.263 Thread 0x00000250740bb6d0 17384       1       java.net.DelegatingSocketImpl::<init> (37 bytes)
Event: 6567.263 Thread 0x00000250740bb6d0 nmethod 17384 0x000002506bec8d10 code [0x000002506bec8ea0, 0x000002506bec9068]
Event: 6567.301 Thread 0x00000250740bb6d0 17385       1       java.security.spec.PSSParameterSpec::getTrailerField (5 bytes)
Event: 6567.301 Thread 0x00000250740bb6d0 nmethod 17385 0x000002506bec8a10 code [0x000002506bec8ba0, 0x000002506bec8c78]

GC Heap History (20 events):
Event: 6656.558 GC heap before
{Heap before GC invocations=2784 (full 769):
 garbage-first heap   total 1925120K, used 1921029K [0x000000008a800000, 0x0000000100000000)
  region size 1024K, 0 young (0K), 0 survivors (0K)
 Metaspace       used 91757K, committed 92864K, reserved 1179648K
  class space    used 12596K, committed 13056K, reserved 1048576K
}
Event: 6657.003 GC heap after
{Heap after GC invocations=2785 (full 770):
 garbage-first heap   total 1925120K, used 1898558K [0x000000008a800000, 0x0000000100000000)
  region size 1024K, 0 young (0K), 0 survivors (0K)
 Metaspace       used 91757K, committed 92864K, reserved 1179648K
  class space    used 12596K, committed 13056K, reserved 1048576K
}
Event: 6663.924 GC heap before
{Heap before GC invocations=2785 (full 770):
 garbage-first heap   total 1925120K, used 1920062K [0x000000008a800000, 0x0000000100000000)
  region size 1024K, 22 young (22528K), 0 survivors (0K)
 Metaspace       used 91757K, committed 92864K, reserved 1179648K
  class space    used 12596K, committed 13056K, reserved 1048576K
}
Event: 6663.927 GC heap after
{Heap after GC invocations=2786 (full 770):
 garbage-first heap   total 1925120K, used 1921086K [0x000000008a800000, 0x0000000100000000)
  region size 1024K, 0 young (0K), 0 survivors (0K)
 Metaspace       used 91757K, committed 92864K, reserved 1179648K
  class space    used 12596K, committed 13056K, reserved 1048576K
}
Event: 6663.927 GC heap before
{Heap before GC invocations=2786 (full 770):
 garbage-first heap   total 1925120K, used 1921086K [0x000000008a800000, 0x0000000100000000)
  region size 1024K, 0 young (0K), 0 survivors (0K)
 Metaspace       used 91757K, committed 92864K, reserved 1179648K
  class space    used 12596K, committed 13056K, reserved 1048576K
}
Event: 6664.398 GC heap after
{Heap after GC invocations=2787 (full 771):
 garbage-first heap   total 1925120K, used 1898788K [0x000000008a800000, 0x0000000100000000)
  region size 1024K, 0 young (0K), 0 survivors (0K)
 Metaspace       used 91757K, committed 92864K, reserved 1179648K
  class space    used 12596K, committed 13056K, reserved 1048576K
}
Event: 6670.735 GC heap before
{Heap before GC invocations=2787 (full 771):
 garbage-first heap   total 1925120K, used 1919268K [0x000000008a800000, 0x0000000100000000)
  region size 1024K, 21 young (21504K), 0 survivors (0K)
 Metaspace       used 91757K, committed 92864K, reserved 1179648K
  class space    used 12596K, committed 13056K, reserved 1048576K
}
Event: 6670.738 GC heap after
{Heap after GC invocations=2788 (full 771):
 garbage-first heap   total 1925120K, used 1920292K [0x000000008a800000, 0x0000000100000000)
  region size 1024K, 0 young (0K), 0 survivors (0K)
 Metaspace       used 91757K, committed 92864K, reserved 1179648K
  class space    used 12596K, committed 13056K, reserved 1048576K
}
Event: 6670.739 GC heap before
{Heap before GC invocations=2788 (full 771):
 garbage-first heap   total 1925120K, used 1920292K [0x000000008a800000, 0x0000000100000000)
  region size 1024K, 0 young (0K), 0 survivors (0K)
 Metaspace       used 91757K, committed 92864K, reserved 1179648K
  class space    used 12596K, committed 13056K, reserved 1048576K
}
Event: 6671.222 GC heap after
{Heap after GC invocations=2789 (full 772):
 garbage-first heap   total 1925120K, used 1899027K [0x000000008a800000, 0x0000000100000000)
  region size 1024K, 0 young (0K), 0 survivors (0K)
 Metaspace       used 91757K, committed 92864K, reserved 1179648K
  class space    used 12596K, committed 13056K, reserved 1048576K
}
Event: 6677.672 GC heap before
{Heap before GC invocations=2789 (full 772):
 garbage-first heap   total 1925120K, used 1919507K [0x000000008a800000, 0x0000000100000000)
  region size 1024K, 21 young (21504K), 0 survivors (0K)
 Metaspace       used 91757K, committed 92864K, reserved 1179648K
  class space    used 12596K, committed 13056K, reserved 1048576K
}
Event: 6677.676 GC heap after
{Heap after GC invocations=2790 (full 772):
 garbage-first heap   total 1925120K, used 1920531K [0x000000008a800000, 0x0000000100000000)
  region size 1024K, 0 young (0K), 0 survivors (0K)
 Metaspace       used 91757K, committed 92864K, reserved 1179648K
  class space    used 12596K, committed 13056K, reserved 1048576K
}
Event: 6677.676 GC heap before
{Heap before GC invocations=2790 (full 772):
 garbage-first heap   total 1925120K, used 1920531K [0x000000008a800000, 0x0000000100000000)
  region size 1024K, 0 young (0K), 0 survivors (0K)
 Metaspace       used 91757K, committed 92864K, reserved 1179648K
  class space    used 12596K, committed 13056K, reserved 1048576K
}
Event: 6678.155 GC heap after
{Heap after GC invocations=2791 (full 773):
 garbage-first heap   total 1925120K, used 1899229K [0x000000008a800000, 0x0000000100000000)
  region size 1024K, 0 young (0K), 0 survivors (0K)
 Metaspace       used 91757K, committed 92864K, reserved 1179648K
  class space    used 12596K, committed 13056K, reserved 1048576K
}
Event: 6684.180 GC heap before
{Heap before GC invocations=2791 (full 773):
 garbage-first heap   total 1925120K, used 1918685K [0x000000008a800000, 0x0000000100000000)
  region size 1024K, 20 young (20480K), 0 survivors (0K)
 Metaspace       used 91757K, committed 92864K, reserved 1179648K
  class space    used 12596K, committed 13056K, reserved 1048576K
}
Event: 6684.183 GC heap after
{Heap after GC invocations=2792 (full 773):
 garbage-first heap   total 1925120K, used 1919709K [0x000000008a800000, 0x0000000100000000)
  region size 1024K, 0 young (0K), 0 survivors (0K)
 Metaspace       used 91757K, committed 92864K, reserved 1179648K
  class space    used 12596K, committed 13056K, reserved 1048576K
}
Event: 6684.183 GC heap before
{Heap before GC invocations=2792 (full 773):
 garbage-first heap   total 1925120K, used 1919709K [0x000000008a800000, 0x0000000100000000)
  region size 1024K, 0 young (0K), 0 survivors (0K)
 Metaspace       used 91757K, committed 92864K, reserved 1179648K
  class space    used 12596K, committed 13056K, reserved 1048576K
}
Event: 6684.689 GC heap after
{Heap after GC invocations=2793 (full 774):
 garbage-first heap   total 1925120K, used 1899444K [0x000000008a800000, 0x0000000100000000)
  region size 1024K, 0 young (0K), 0 survivors (0K)
 Metaspace       used 91757K, committed 92864K, reserved 1179648K
  class space    used 12596K, committed 13056K, reserved 1048576K
}
Event: 6691.402 GC heap before
{Heap before GC invocations=2793 (full 774):
 garbage-first heap   total 1925120K, used 1920948K [0x000000008a800000, 0x0000000100000000)
  region size 1024K, 22 young (22528K), 0 survivors (0K)
 Metaspace       used 91757K, committed 92864K, reserved 1179648K
  class space    used 12596K, committed 13056K, reserved 1048576K
}
Event: 6691.406 GC heap after
{Heap after GC invocations=2794 (full 774):
 garbage-first heap   total 1925120K, used 1921972K [0x000000008a800000, 0x0000000100000000)
  region size 1024K, 0 young (0K), 0 survivors (0K)
 Metaspace       used 91757K, committed 92864K, reserved 1179648K
  class space    used 12596K, committed 13056K, reserved 1048576K
}

Deoptimization events (12 events):
Event: 6.898 Thread 0x0000025079914280 DEOPT PACKING pc=0x000002506ac0ea74 sp=0x000000a3deffbee0
Event: 6.898 Thread 0x0000025079914280 DEOPT UNPACKING pc=0x000002506a162b43 sp=0x000000a3deffb378 mode 0
Event: 10.427 Thread 0x000002507b5df1a0 DEOPT PACKING pc=0x000002506aa8dd9c sp=0x000000a3e0efdfa0
Event: 10.427 Thread 0x000002507b5df1a0 DEOPT UNPACKING pc=0x000002506a162b43 sp=0x000000a3e0efd460 mode 0
Event: 30.786 Thread 0x000002507bdffc70 DEOPT PACKING pc=0x000002506b0d680c sp=0x000000a3e17fe930
Event: 30.786 Thread 0x000002507bdfd3f0 DEOPT PACKING pc=0x000002506b0d680c sp=0x000000a3e19fe390
Event: 30.786 Thread 0x000002507bdfd3f0 DEOPT UNPACKING pc=0x000002506a162b43 sp=0x000000a3e19fd888 mode 0
Event: 30.786 Thread 0x000002507bdffc70 DEOPT UNPACKING pc=0x000002506a162b43 sp=0x000000a3e17fde28 mode 0
Event: 30.796 Thread 0x000002507bdfe320 DEOPT PACKING pc=0x000002506b0d680c sp=0x000000a3dfafe940
Event: 30.796 Thread 0x000002507bdfe830 DEOPT PACKING pc=0x000002506b0d680c sp=0x000000a3e1afe820
Event: 30.796 Thread 0x000002507bdfe320 DEOPT UNPACKING pc=0x000002506a162b43 sp=0x000000a3dfafde38 mode 0
Event: 30.796 Thread 0x000002507bdfe830 DEOPT UNPACKING pc=0x000002506a162b43 sp=0x000000a3e1afdd18 mode 0

Classes unloaded (20 events):
Event: 2231.156 Thread 0x000002507408ffd0 Unloading class 0x0000025001c25000 'jdk/internal/reflect/GeneratedConstructorAccessor47'
Event: 2231.156 Thread 0x000002507408ffd0 Unloading class 0x0000025001c24c00 'jdk/internal/reflect/GeneratedConstructorAccessor46'
Event: 2231.156 Thread 0x000002507408ffd0 Unloading class 0x0000025001c24800 'jdk/internal/reflect/GeneratedConstructorAccessor45'
Event: 2231.156 Thread 0x000002507408ffd0 Unloading class 0x000002500116c800 'java/lang/invoke/LambdaForm$MH+0x000002500116c800'
Event: 2231.156 Thread 0x000002507408ffd0 Unloading class 0x000002500116d000 'java/lang/invoke/LambdaForm$MH+0x000002500116d000'
Event: 2231.156 Thread 0x000002507408ffd0 Unloading class 0x000002500116f400 'java/lang/invoke/LambdaForm$MH+0x000002500116f400'
Event: 2231.156 Thread 0x000002507408ffd0 Unloading class 0x0000025001006800 'java/lang/invoke/LambdaForm$MH+0x0000025001006800'
Event: 2231.156 Thread 0x000002507408ffd0 Unloading class 0x0000025001006400 'java/lang/invoke/LambdaForm$MH+0x0000025001006400'
Event: 2231.156 Thread 0x000002507408ffd0 Unloading class 0x0000025001006000 'java/lang/invoke/LambdaForm$MH+0x0000025001006000'
Event: 2231.156 Thread 0x000002507408ffd0 Unloading class 0x0000025001005c00 'java/lang/invoke/LambdaForm$MH+0x0000025001005c00'
Event: 2231.156 Thread 0x000002507408ffd0 Unloading class 0x0000025001005800 'java/lang/invoke/LambdaForm$MH+0x0000025001005800'
Event: 2231.156 Thread 0x000002507408ffd0 Unloading class 0x0000025001005400 'java/lang/invoke/LambdaForm$MH+0x0000025001005400'
Event: 2231.156 Thread 0x000002507408ffd0 Unloading class 0x0000025001001400 'java/lang/invoke/LambdaForm$MH+0x0000025001001400'
Event: 5276.373 Thread 0x000002507408ffd0 Unloading class 0x0000025001c40000 'jdk/internal/reflect/GeneratedConstructorAccessor64'
Event: 5341.114 Thread 0x000002507408ffd0 Unloading class 0x0000025001cb4c00 'java/lang/invoke/LambdaForm$MH+0x0000025001cb4c00'
Event: 5341.114 Thread 0x000002507408ffd0 Unloading class 0x0000025001cb6400 'java/lang/invoke/LambdaForm$MH+0x0000025001cb6400'
Event: 5341.114 Thread 0x000002507408ffd0 Unloading class 0x0000025001cb6800 'java/lang/invoke/LambdaForm$MH+0x0000025001cb6800'
Event: 5341.114 Thread 0x000002507408ffd0 Unloading class 0x0000025001c40000 'java/lang/invoke/LambdaForm$MH+0x0000025001c40000'
Event: 5539.830 Thread 0x000002507408ffd0 Unloading class 0x0000025001c69c00 'jdk/internal/reflect/GeneratedMethodAccessor172'
Event: 5539.830 Thread 0x000002507408ffd0 Unloading class 0x000002500110c800 'org/apache/catalina/loader/JdbcLeakPrevention'

Classes redefined (0 events):
No events

Internal exceptions (20 events):
Event: 5411.188 Thread 0x000002507cfd7960 Exception <a 'java/io/IOException'{0x00000000ffdc6e88}> (0x00000000ffdc6e88) 
thrown [s\open\src\hotspot\share\prims\jni.cpp, line 516]
Event: 5412.042 Thread 0x000002507cfd7960 Exception <a 'java/io/IOException'{0x00000000ffd9cbb8}> (0x00000000ffd9cbb8) 
thrown [s\open\src\hotspot\share\prims\jni.cpp, line 516]
Event: 5413.703 Thread 0x000002507b5db9f0 Exception <a 'java/io/IOException'{0x00000000ffde8798}> (0x00000000ffde8798) 
thrown [s\open\src\hotspot\share\prims\jni.cpp, line 516]
Event: 5413.703 Thread 0x000002507b5db9f0 Exception <a 'java/io/IOException'{0x00000000ffde8aa8}> (0x00000000ffde8aa8) 
thrown [s\open\src\hotspot\share\prims\jni.cpp, line 516]
Event: 5414.529 Thread 0x000002507b5db9f0 Exception <a 'java/io/IOException'{0x00000000ffcc4e28}> (0x00000000ffcc4e28) 
thrown [s\open\src\hotspot\share\prims\jni.cpp, line 516]
Event: 5414.529 Thread 0x000002507b5db9f0 Exception <a 'java/io/IOException'{0x00000000ffde0698}> (0x00000000ffde0698) 
thrown [s\open\src\hotspot\share\prims\jni.cpp, line 516]
Event: 5415.325 Thread 0x000002507b5e05e0 Exception <a 'java/io/IOException'{0x00000000ffd55de0}> (0x00000000ffd55de0) 
thrown [s\open\src\hotspot\share\prims\jni.cpp, line 516]
Event: 5415.325 Thread 0x000002507b5e05e0 Exception <a 'java/io/IOException'{0x00000000ffd560f0}> (0x00000000ffd560f0) 
thrown [s\open\src\hotspot\share\prims\jni.cpp, line 516]
Event: 5415.325 Thread 0x000002507b5e05e0 Exception <a 'java/io/IOException'{0x00000000ffdefe88}> (0x00000000ffdefe88) 
thrown [s\open\src\hotspot\share\prims\jni.cpp, line 516]
Event: 5415.325 Thread 0x000002507b5e05e0 Exception <a 'java/io/IOException'{0x00000000ffdf0198}> (0x00000000ffdf0198) 
thrown [s\open\src\hotspot\share\prims\jni.cpp, line 516]
Event: 5415.325 Thread 0x000002507b5ddd60 Exception <a 'java/io/IOException'{0x00000000ffd74550}> (0x00000000ffd74550) 
thrown [s\open\src\hotspot\share\prims\jni.cpp, line 516]
Event: 5415.325 Thread 0x000002507b5ddd60 Exception <a 'java/io/IOException'{0x00000000ffd74860}> (0x00000000ffd74860) 
thrown [s\open\src\hotspot\share\prims\jni.cpp, line 516]
Event: 5416.132 Thread 0x000002507b5df1a0 Exception <a 'java/io/IOException'{0x00000000ffcde368}> (0x00000000ffcde368) 
thrown [s\open\src\hotspot\share\prims\jni.cpp, line 516]
Event: 5416.132 Thread 0x000002507b5df1a0 Exception <a 'java/io/IOException'{0x00000000ffcde678}> (0x00000000ffcde678) 
thrown [s\open\src\hotspot\share\prims\jni.cpp, line 516]
Event: 5416.134 Thread 0x000002507b5df1a0 Exception <a 'java/io/IOException'{0x00000000ffceb160}> (0x00000000ffceb160) 
thrown [s\open\src\hotspot\share\prims\jni.cpp, line 516]
Event: 5416.134 Thread 0x000002507b5df1a0 Exception <a 'java/io/IOException'{0x00000000ffceb470}> (0x00000000ffceb470) 
thrown [s\open\src\hotspot\share\prims\jni.cpp, line 516]
Event: 5416.134 Thread 0x000002507b5ddd60 Exception <a 'java/io/IOException'{0x00000000ffc3a718}> (0x00000000ffc3a718) 
thrown [s\open\src\hotspot\share\prims\jni.cpp, line 516]
Event: 5416.134 Thread 0x000002507b5ddd60 Exception <a 'java/io/IOException'{0x00000000ffc3aa28}> (0x00000000ffc3aa28) 
thrown [s\open\src\hotspot\share\prims\jni.cpp, line 516]
Event: 5537.926 Thread 0x000002507cd1a900 Exception <a 'java/lang/OutOfMemoryError'{0x000000008af200a0}> (0x000000008af200a0) 
thrown [s\open\src\hotspot\share\gc\shared\memAllocator.cpp, line 136]
Event: 5555.917 Thread 0x000002507c73bfd0 Exception <a 'sun/net/ConnectionResetException'{0x000000009ff92de8}: Connection reset> (0x000000009ff92de8) 
thrown [s\open\src\hotspot\share\prims\jni.cpp, line 535]

VM Operations (20 events):
Event: 6630.703 Executing VM operation: G1CollectForAllocation done
Event: 6636.395 Executing VM operation: G1CollectForAllocation
Event: 6636.846 Executing VM operation: G1CollectForAllocation done
Event: 6642.318 Executing VM operation: G1CollectForAllocation
Event: 6642.801 Executing VM operation: G1CollectForAllocation done
Event: 6649.407 Executing VM operation: G1CollectForAllocation
Event: 6649.915 Executing VM operation: G1CollectForAllocation done
Event: 6656.553 Executing VM operation: G1CollectForAllocation
Event: 6657.004 Executing VM operation: G1CollectForAllocation done
Event: 6663.924 Executing VM operation: G1CollectForAllocation
Event: 6664.398 Executing VM operation: G1CollectForAllocation done
Event: 6670.735 Executing VM operation: G1CollectForAllocation
Event: 6671.223 Executing VM operation: G1CollectForAllocation done
Event: 6676.940 Executing VM operation: HandshakeAllThreads
Event: 6676.940 Executing VM operation: HandshakeAllThreads done
Event: 6677.672 Executing VM operation: G1CollectForAllocation
Event: 6678.156 Executing VM operation: G1CollectForAllocation done
Event: 6684.180 Executing VM operation: G1CollectForAllocation
Event: 6684.689 Executing VM operation: G1CollectForAllocation done
Event: 6691.402 Executing VM operation: G1CollectForAllocation

Events (20 events):
Event: 6209.350 Thread 0x000002507c6fdfe0 Thread added: 0x000002507c6fdfe0
Event: 6209.388 Thread 0x000002507d00d570 Thread added: 0x000002507d00d570
Event: 6214.392 Thread 0x000002507c6fdfe0 Thread exited: 0x000002507c6fdfe0
Event: 6214.684 Thread 0x000002507d00d570 Thread exited: 0x000002507d00d570
Event: 6319.886 Thread 0x000002507c626780 Thread added: 0x000002507c626780
Event: 6319.924 Thread 0x000002507d00d570 Thread added: 0x000002507d00d570
Event: 6324.930 Thread 0x000002507c626780 Thread exited: 0x000002507c626780
Event: 6325.224 Thread 0x000002507d00d570 Thread exited: 0x000002507d00d570
Event: 6328.073 Thread 0x000002507c5228e0 Thread added: 0x000002507c5228e0
Event: 6328.110 Thread 0x000002507d249d10 Thread added: 0x000002507d249d10
Event: 6333.124 Thread 0x000002507c5228e0 Thread exited: 0x000002507c5228e0
Event: 6333.406 Thread 0x000002507d249d10 Thread exited: 0x000002507d249d10
Event: 6540.528 Thread 0x000002507d00df90 Thread added: 0x000002507d00df90
Event: 6540.579 Thread 0x000002507d00e4a0 Thread added: 0x000002507d00e4a0
Event: 6545.592 Thread 0x000002507d00df90 Thread exited: 0x000002507d00df90
Event: 6545.933 Thread 0x000002507d00e4a0 Thread exited: 0x000002507d00e4a0
Event: 6567.142 Thread 0x000002507c85c4d0 Thread added: 0x000002507c85c4d0
Event: 6567.180 Thread 0x000002507cc999c0 Thread added: 0x000002507cc999c0
Event: 6572.195 Thread 0x000002507c85c4d0 Thread exited: 0x000002507c85c4d0
Event: 6572.474 Thread 0x000002507cc999c0 Thread exited: 0x000002507cc999c0


Dynamic libraries:
0x00007ff664f30000 - 0x00007ff664f40000 	C:\Program Files\Java\jdk-17\bin\javaw.exe
0x00007ffcff3a0000 - 0x00007ffcff607000 	C:\WINDOWS\SYSTEM32\ntdll.dll
0x00007ffcfdaf0000 - 0x00007ffcfdbb9000 	C:\WINDOWS\System32\KERNEL32.DLL
0x00007ffcfc700000 - 0x00007ffcfcaf7000 	C:\WINDOWS\System32\KERNELBASE.dll
0x00007ffcfcc40000 - 0x00007ffcfcd8b000 	C:\WINDOWS\System32\ucrtbase.dll
0x00007ffcf7560000 - 0x00007ffcf757b000 	C:\Program Files\Java\jdk-17\bin\VCRUNTIME140.dll
0x00007ffcf7540000 - 0x00007ffcf7559000 	C:\Program Files\Java\jdk-17\bin\jli.dll
0x00007ffcfda30000 - 0x00007ffcfdae6000 	C:\WINDOWS\System32\ADVAPI32.dll
0x00007ffcfe1f0000 - 0x00007ffcfe299000 	C:\WINDOWS\System32\msvcrt.dll
0x00007ffcfeea0000 - 0x00007ffcfef47000 	C:\WINDOWS\System32\sechost.dll
0x00007ffcfef50000 - 0x00007ffcff068000 	C:\WINDOWS\System32\RPCRT4.dll
0x00007ffcfd120000 - 0x00007ffcfd2e6000 	C:\WINDOWS\System32\USER32.dll
0x00007ffcfd040000 - 0x00007ffcfd067000 	C:\WINDOWS\System32\win32u.dll
0x00007ffcfe2a0000 - 0x00007ffcfe2cb000 	C:\WINDOWS\System32\GDI32.dll
0x00007ffce0e20000 - 0x00007ffce10b2000 	C:\WINDOWS\WinSxS\amd64_microsoft.windows.common-controls_6595b64144ccf1df_6.0.26100.8457_none_3e0b2faee331e92d\COMCTL32.dll
0x00007ffcfcf10000 - 0x00007ffcfd03c000 	C:\WINDOWS\System32\gdi32full.dll
0x00007ffcfd070000 - 0x00007ffcfd113000 	C:\WINDOWS\System32\msvcp_win.dll
0x00007ffcfb8b0000 - 0x00007ffcfb8bb000 	C:\WINDOWS\SYSTEM32\VERSION.dll
0x00007ffcfd4e0000 - 0x00007ffcfd512000 	C:\WINDOWS\System32\IMM32.DLL
0x0000000050c00000 - 0x0000000050c0c000 	C:\Program Files (x86)\360\Total Security\safemon\SafeWrapper.dll
0x00007ffc5b380000 - 0x00007ffc5b42c000 	C:\Program Files (x86)\360\Total Security\safemon\libzdtp64.dll
0x00007ffcfe640000 - 0x00007ffcfedae000 	C:\WINDOWS\System32\SHELL32.dll
0x00007ffcfdbc0000 - 0x00007ffcfdc26000 	C:\WINDOWS\System32\SHLWAPI.dll
0x00007ffcfbe90000 - 0x00007ffcfc6fc000 	C:\WINDOWS\System32\Windows.Storage.dll
0x00007ffcfde60000 - 0x00007ffcfe1e3000 	C:\WINDOWS\System32\combase.dll
0x00007ffcf7530000 - 0x00007ffcf753c000 	C:\Program Files\Java\jdk-17\bin\vcruntime140_1.dll
0x00007ffce65a0000 - 0x00007ffce662e000 	C:\Program Files\Java\jdk-17\bin\msvcp140.dll
0x00007ffc17c10000 - 0x00007ffc187f0000 	C:\Program Files\Java\jdk-17\bin\server\jvm.dll
0x00007ffcfe480000 - 0x00007ffcfe488000 	C:\WINDOWS\System32\PSAPI.DLL
0x00007ffcda8d0000 - 0x00007ffcda8da000 	C:\WINDOWS\SYSTEM32\WSOCK32.dll
0x00007ffcf3eb0000 - 0x00007ffcf3ee6000 	C:\WINDOWS\SYSTEM32\WINMM.dll
0x00007ffcfd450000 - 0x00007ffcfd4d0000 	C:\WINDOWS\System32\WS2_32.dll
0x00007ffcfaaf0000 - 0x00007ffcfab0b000 	C:\WINDOWS\SYSTEM32\kernel.appcore.dll
0x00007ffcf7520000 - 0x00007ffcf752a000 	C:\Program Files\Java\jdk-17\bin\jimage.dll
0x00007ffcf0b40000 - 0x00007ffcf0d82000 	C:\WINDOWS\SYSTEM32\DBGHELP.DLL
0x00007ffcfedc0000 - 0x00007ffcfee99000 	C:\WINDOWS\System32\OLEAUT32.dll
0x00007ffce0de0000 - 0x00007ffce0e1b000 	C:\WINDOWS\SYSTEM32\dbgcore.DLL
0x00007ffcfcb00000 - 0x00007ffcfcba8000 	C:\WINDOWS\System32\bcryptPrimitives.dll
0x00007ffcf74f0000 - 0x00007ffcf7515000 	C:\Program Files\Java\jdk-17\bin\java.dll
0x00007ffce64c0000 - 0x00007ffce6597000 	C:\Program Files\Java\jdk-17\bin\jsvml.dll
0x00007ffcfdc40000 - 0x00007ffcfdd36000 	C:\WINDOWS\System32\SHCORE.dll
0x00007ffcfbcf0000 - 0x00007ffcfbd19000 	C:\WINDOWS\SYSTEM32\profapi.dll
0x00007ffcf74d0000 - 0x00007ffcf74e9000 	C:\Program Files\Java\jdk-17\bin\net.dll
0x00007ffcf56a0000 - 0x00007ffcf57c9000 	C:\WINDOWS\SYSTEM32\WINHTTP.dll
0x00007ffcfb060000 - 0x00007ffcfb0cc000 	C:\WINDOWS\system32\mswsock.dll
0x00007ffcf74b0000 - 0x00007ffcf74c6000 	C:\Program Files\Java\jdk-17\bin\nio.dll
0x00007ffcf7460000 - 0x00007ffcf7478000 	C:\Program Files\Java\jdk-17\bin\zip.dll
0x00007ffcf7450000 - 0x00007ffcf745a000 	C:\Program Files\Java\jdk-17\bin\management.dll
0x00007ffcf7440000 - 0x00007ffcf744b000 	C:\Program Files\Java\jdk-17\bin\management_ext.dll
0x00007ffcd84d0000 - 0x00007ffcd84e8000 	C:\WINDOWS\system32\napinsp.dll
0x00007ffcfa5a0000 - 0x00007ffcfa6d2000 	C:\WINDOWS\SYSTEM32\DNSAPI.dll
0x00007ffcfa560000 - 0x00007ffcfa592000 	C:\WINDOWS\SYSTEM32\IPHLPAPI.DLL
0x00007ffcfdc30000 - 0x00007ffcfdc3a000 	C:\WINDOWS\System32\NSI.dll
0x00007ffcd84b0000 - 0x00007ffcd84c3000 	C:\WINDOWS\System32\winrnr.dll
0x00007ffcd8480000 - 0x00007ffcd84a2000 	C:\WINDOWS\system32\nlansp_c.dll
0x00007ffcd8460000 - 0x00007ffcd8476000 	C:\WINDOWS\system32\wshbth.dll
0x00007ffcf49f0000 - 0x00007ffcf49fb000 	C:\Windows\System32\rasadhlp.dll
0x00007ffcf6810000 - 0x00007ffcf6896000 	C:\WINDOWS\System32\fwpuclnt.dll
0x00007ffcfb340000 - 0x00007ffcfb35b000 	C:\WINDOWS\SYSTEM32\CRYPTSP.dll
0x00007ffcfaa50000 - 0x00007ffcfaa89000 	C:\WINDOWS\system32\rsaenh.dll
0x00007ffcfb110000 - 0x00007ffcfb143000 	C:\WINDOWS\SYSTEM32\USERENV.dll
0x00007ffcfbcc0000 - 0x00007ffcfbcea000 	C:\WINDOWS\SYSTEM32\bcrypt.dll
0x00007ffcfb360000 - 0x00007ffcfb36c000 	C:\WINDOWS\SYSTEM32\CRYPTBASE.dll
0x00007ffcf5d80000 - 0x00007ffcf5d9d000 	C:\WINDOWS\SYSTEM32\dhcpcsvc6.DLL
0x00007ffcf5cd0000 - 0x00007ffcf5cf5000 	C:\WINDOWS\SYSTEM32\dhcpcsvc.DLL
0x00007ffcf7430000 - 0x00007ffcf743e000 	C:\Program Files\Java\jdk-17\bin\sunmscapi.dll
0x00007ffcfcd90000 - 0x00007ffcfcf08000 	C:\WINDOWS\System32\CRYPT32.dll
0x00007ffcfb560000 - 0x00007ffcfb590000 	C:\WINDOWS\SYSTEM32\ncrypt.dll
0x00007ffcfb510000 - 0x00007ffcfb54f000 	C:\WINDOWS\SYSTEM32\NTASN1.dll
0x00007ffceb0e0000 - 0x00007ffceb0f0000 	C:\Program Files\Java\jdk-17\bin\verify.dll
0x00007ffca6300000 - 0x00007ffca6308000 	C:\WINDOWS\system32\wshunix.dll

dbghelp: loaded successfully - version: 4.0.5 - missing functions: none
symbol engine: initialized successfully - sym options: 0x614 - pdb path: .;C:\Program Files\Java\jdk-17\bin;C:\WINDOWS\SYSTEM32;C:\WINDOWS\WinSxS\amd64_microsoft.windows.common-controls_6595b64144ccf1df_6.0.26100.8457_none_3e0b2faee331e92d;C:\Program Files (x86)\360\Total Security\safemon;C:\Program Files\Java\jdk-17\bin\server

VM Arguments:
jvm_args: -Dcom.sun.management.jmxremote -Dcom.sun.management.jmxremote.port=56121 -Dcom.sun.management.jmxremote.authenticate=false -Dcom.sun.management.jmxremote.ssl=false -Djava.rmi.server.hostname=localhost -Dspring.jmx.enabled=true -Dmanagement.endpoints.jmx.exposure.include=* -Dspring.application.admin.enabled=true -Dspring.output.ansi.enabled=always -XX:TieredStopAtLevel=1 -Dspring.boot.project.name=Spring_PostgresSql -Dfile.encoding=UTF-8 -Dstdout.encoding=UTF-8 -Dstderr.encoding=UTF-8 -XX:+ShowCodeDetailsInExceptionMessages 
java_command: com.jne.SpringPostgresSqlApplication
java_class_path (initial): D:\jne_project_all\Spring_PostgresSql\target\classes;C:\Users\jne_s\.m2\repository\org\springframework\boot\spring-boot-starter-data-jpa\3.5.4\spring-boot-starter-data-jpa-3.5.4.jar;C:\Users\jne_s\.m2\repository\org\springframework\boot\spring-boot-starter\3.5.4\spring-boot-starter-3.5.4.jar;C:\Users\jne_s\.m2\repository\org\springframework\boot\spring-boot-starter-logging\3.5.4\spring-boot-starter-logging-3.5.4.jar;C:\Users\jne_s\.m2\repository\ch\qos\logback\logback-classic\1.5.18\logback-classic-1.5.18.jar;C:\Users\jne_s\.m2\repository\ch\qos\logback\logback-core\1.5.18\logback-core-1.5.18.jar;C:\Users\jne_s\.m2\repository\org\apache\logging\log4j\log4j-to-slf4j\2.24.3\log4j-to-slf4j-2.24.3.jar;C:\Users\jne_s\.m2\repository\org\apache\logging\log4j\log4j-api\2.24.3\log4j-api-2.24.3.jar;C:\Users\jne_s\.m2\repository\org\slf4j\jul-to-slf4j\2.0.17\jul-to-slf4j-2.0.17.jar;C:\Users\jne_s\.m2\repository\jakarta\annotation\jakarta.annotation-api\2.1.1\jakarta.annotation-api-2.1.1.jar;C:\Users\jne_s\.m2\repository\org\yaml\snakeyaml\2.4\snakeyaml-2.4.jar;C:\Users\jne_s\.m2\repository\org\springframework\boot\spring-boot-starter-jdbc\3.5.4\spring-boot-starter-jdbc-3.5.4.jar;C:\Users\jne_s\.m2\repository\com\zaxxer\HikariCP\6.3.1\HikariCP-6.3.1.jar;C:\Users\jne_s\.m2\repository\org\springframework\spring-jdbc\6.2.9\spring-jdbc-6.2.9.jar;C:\Users\jne_s\.m2\repository\org\hibernate\orm\hibernate-core\6.6.22.Final\hibernate-core-6.6.22.Final.jar;C:\Users\jne_s\.m2\repository\jakarta\persistence\jakarta.persistence-api\3.1.0\jakarta.persistence-api-3.1.0.jar;C:\Users\jne_s\.m2\repository\jakarta\transaction\jakarta.transaction-api\2.0.1\jakarta.transaction-api-2.0.1.jar;C:\Users\jne_s\.m2\repository\org\jboss\logging\jboss-logging\3.6.1.Final\jboss-logging-3.6.1.Final.jar;C:\Users\jne_s\.m2\repository\org\hibernate\common\hibernate-commons-annotations\7.0.3.Final\hibernate-commons-annotations-7.0.3.Final.jar;C:\Users\jne_s\.m2\repository\io\smallry
Launcher Type: SUN_STANDARD

[Global flags]
     intx CICompilerCount                          = 4                                         {product} {ergonomic}
     uint ConcGCThreads                            = 3                                         {product} {ergonomic}
     uint G1ConcRefinementThreads                  = 10                                        {product} {ergonomic}
   size_t G1HeapRegionSize                         = 1048576                                   {product} {ergonomic}
    uintx GCDrainStackTargetSize                   = 64                                        {product} {ergonomic}
   size_t InitialHeapSize                          = 123731968                                 {product} {ergonomic}
     bool ManagementServer                         = true                                      {product} {command line}
   size_t MarkStackSize                            = 4194304                                   {product} {ergonomic}
   size_t MaxHeapSize                              = 1971322880                                {product} {ergonomic}
   size_t MaxNewSize                               = 1182793728                                {product} {ergonomic}
   size_t MinHeapDeltaBytes                        = 1048576                                   {product} {ergonomic}
   size_t MinHeapSize                              = 8388608                                   {product} {ergonomic}
    uintx NonProfiledCodeHeapSize                  = 0                                      {pd product} {ergonomic}
     bool ProfileInterpreter                       = false                                  {pd product} {command line}
    uintx ProfiledCodeHeapSize                     = 0                                      {pd product} {ergonomic}
     bool ShowCodeDetailsInExceptionMessages       = true                                   {manageable} {command line}
   size_t SoftMaxHeapSize                          = 1971322880                             {manageable} {ergonomic}
     intx TieredStopAtLevel                        = 1                                         {product} {command line}
     bool UseCompressedClassPointers               = true                           {product lp64_product} {ergonomic}
     bool UseCompressedOops                        = true                           {product lp64_product} {ergonomic}
     bool UseG1GC                                  = true                                      {product} {ergonomic}
     bool UseLargePagesIndividualAllocation        = false                                  {pd product} {ergonomic}

Logging:
Log output configuration:
 #0: stdout all=warning uptime,level,tags
 #1: stderr all=off uptime,level,tags

Environment Variables:
JAVA_HOME=C:\Program Files\Java\jdk-17
PATH=D:/sts-4.32.0.RELEASE//plugins/org.eclipse.justj.openjdk.hotspot.jre.full.win32.x86_64_21.0.8.v20250724-1412/jre/bin/server;D:/sts-4.32.0.RELEASE//plugins/org.eclipse.justj.openjdk.hotspot.jre.full.win32.x86_64_21.0.8.v20250724-1412/jre/bin;C:\Program Files\Java\jdk-17\bin;C:\Program Files\Java\jdk-17\bin;C:\WINDOWS\system32;C:\WINDOWS;C:\WINDOWS\System32\Wbem;C:\WINDOWS\System32\WindowsPowerShell\v1.0\;C:\WINDOWS\System32\OpenSSH\;C:\Program Files\Git\cmd;C:\Program Files\MySQL\MySQL Server 8.0\bin;C:\Program Files\Java\jdk-17\bin;C:\Program Files\Docker\Docker\resources\bin;C:\Program Files\PuTTY\;C:\Program Files\Apache\Maven\apache-maven-3.9.10\bin;C:\Program Files\Microsoft SQL Server\150\Tools\Binn\;C:\Program Files\Microsoft SQL Server\Client SDK\ODBC\170\Tools\Binn\;C:\Program Files\dotnet\;D:\spark-3.5.5-bin-hadoop3\bin;C:\hadoop\bin;C:\Users\jne_s\AppData\Local\Programs\Python\Python313\Scripts\;C:\Users\jne_s\AppData\Local\Programs\Python\Python313\;C:\Program Files\Eclipse Adoptium\jdk-11.0.28.6-hotspot\bin;C:\Program Files (x86)\Common Files\Oracle\Java\javapath;C:\Program Files\Common Files\Oracle\Java\javapath;C:\WINDOWS\system32;C:\WINDOWS;C:\WINDOWS\System32\Wbem;C:\WINDOWS\System32\WindowsPowerShell\v1.0\;C:\WINDOWS\System32\OpenSSH\;C:\Program Files\Git\cmd;C:\Program Files\MySQL\MySQL Server 8.0\bin;C:\Program Files\Java\jdk-17\bin;C:\Program Files\Docker\Docker\resources\bin;C:\Program Files\PuTTY\;C:\Program Files\Apache\Maven\apache-maven-3.9.10\bin;C:\Program Files\Java\jdk1.8.0_202\bin;C:\Program Files\Microsoft SQL Server\150\Tools\Binn\;C:\Program Files\Microsoft SQL Server\Client SDK\ODBC\170\Tools\Binn\;C:\Program Files\dotnet\;D:\spark-3.5.5-bin-hadoop3\bin;C:\Program Files\Eclipse Adoptium\jdk-11.0.28.6-hotspot\bin;C:\Program Files (x86)\Common Files\Oracle\Java\javapath;C:\Program Files\Common Files\Oracle\Java\javapath;C:\WINDOWS\system32;C:\WINDOWS;C:\WINDOWS\System32\Wbem;C:\WINDOWS\System32\WindowsPowerShell\v1.0\;C:\WINDOWS\Sys
USERNAME=jne_s
OS=Windows_NT
PROCESSOR_IDENTIFIER=AMD64 Family 25 Model 80 Stepping 0, AuthenticAMD



---------------  S Y S T E M  ---------------

OS:
 Windows 11 , 64 bit Build 26100 (10.0.26100.8328)
OS uptime: 0 days 2:06 hours
Hyper-V role detected

CPU: total 12 (initial active 12) (12 cores per cpu, 2 threads per core) family 25 model 80 stepping 0 microcode 0xa50000f, cx8, cmov, fxsr, ht, mmx, 3dnowpref, sse, sse2, sse3, ssse3, sse4a, sse4.1, sse4.2, popcnt, lzcnt, tsc, tscinvbit, avx, avx2, aes, erms, clmul, bmi1, bmi2, adx, sha, fma, vzeroupper, clflush, clflushopt, hv

Memory: 4k page, system-wide physical 7518M (410M free)
TotalPageFile size 19806M (AvailPageFile size 9M)
current process WorkingSet (physical memory assigned to process): 2013M, peak: 2139M
current process commit charge ("private bytes"): 2232M, peak: 2255M

vm_info: Java HotSpot(TM) 64-Bit Server VM (17.0.12+8-LTS-286) for windows-amd64 JRE (17.0.12+8-LTS-286), built on Jun  5 2024 06:46:59 by "mach5one" with MS VC++ 17.6 (VS2022)

END.
